{"type":"FeatureCollection","crs":{"type":"name","properties":{"name":"EPSG:4326"}},"features":[{"type":"Feature","id":1,"geometry":{"type":"Polygon","coordinates":[[[-79.1617825023534,36.2263707120848],[-79.1617725091417,36.226265881352],[-79.1617630113513,36.2261662461956],[-79.1669411862775,36.2262458192559],[-79.1655459407132,36.2276598779749],[-79.1617825023534,36.2263707120848]]]},"properties":{"FID":1,"AREA_":439075.76317,"PERIMETER":3466.6519,"PARCELS_":625,"PARCELS_ID":624,"CREATION":"09/21/2005","SIZE":"A10.1","OWNER":"ORANGE COUNTY","PIN":"9950114431","TMBL":"2.5..9G","DESC_":"#3 PHIL WARREN ETAL P46/112","DEEDREF":"3871/493","PLAT_BKPG":"46/112","NAME":"Lewis' Heartleaf Preserve","TYPE":"Parkland & open space","CATEGORY_1":"Open space","Acres":10.07979254,"GlobalID":"{F8631965-0D35-433C-8905-CDB60CEBD9DF}","Acquired":1127260800000,"Year":"2005","Shape__Area":62811.21484375,"Shape__Length":1309.3887511778325}},{"type":"Feature","id":2,"geometry":{"type":"Polygon","coordinates":[[[-79.1318483834355,36.180190244578],[-79.1318483398195,36.1801561583788],[-79.1318480459822,36.1799252368223],[-79.1318477435417,36.1796877058179],[-79.1318473983972,36.1794166437185],[-79.1318464850301,36.1786996715185],[-79.1334424041288,36.1787113588936],[-79.1352627417081,36.1787299495506],[-79.1358291592062,36.1787307311113],[-79.135952815215,36.1792479097208],[-79.1352637801684,36.179344508725],[-79.1351849254818,36.1793550074255],[-79.1351823191933,36.1793546110693],[-79.135218010874,36.1795094193268],[-79.1342935990699,36.1796740800819],[-79.1344263091877,36.1802108936219],[-79.1318483834355,36.180190244578]]]},"properties":{"FID":2,"AREA_":522994.28853,"PERIMETER":3437.57045,"PARCELS_":2735,"PARCELS_ID":2734,"CREATION":"02/27/2004","SIZE":"A12.22","OWNER":"ORANGE COUNTY","PIN":"9868045156","TMBL":"2.34..3","DESC_":"E/S HWY 86 P7/34 & 46/160","DEEDREF":"3354/468","PLAT_BKPG":" ","NAME":"Cedar Grove Park (additional land)","TYPE":"Parkland & open space","CATEGORY_1":"Open space","Acres":12.00629679,"GlobalID":"{7BC4B680-934E-4F45-A5A6-848DA677E36B}","Acquired":1077840000000,"Year":"2004","Shape__Area":74727.546875,"Shape__Length":1298.205645811589}},{"type":"Feature","id":3,"geometry":{"type":"Polygon","coordinates":[[[-78.9621430740883,36.1785983219322],[-78.9614995131322,36.1781821001904],[-78.961329884734,36.1781679365836],[-78.9622420415081,36.1729629511666],[-78.9623973781383,36.172970166264],[-78.9622729896411,36.175566873374],[-78.9621430740883,36.1785983219322]]]},"properties":{"FID":3,"AREA_":290116.18364,"PERIMETER":4303.44333,"PARCELS_":2856,"PARCELS_ID":2855,"CREATION":"11/07/2000","SIZE":"A7.61","OWNER":"ORANGE COUNTY","PIN":"0818132024","TMBL":"1.21..32","DESC_":"#A LITTLE RIVER PARK P86/176","DEEDREF":"2157/548","PLAT_BKPG":" ","NAME":"Little River Regional Park","TYPE":"Parkland & open space","CATEGORY_1":"Existing park","Acres":6.66015113,"GlobalID":"{208C409A-D322-4A31-817D-809233335151}","Acquired":973555200000,"Year":"2000","Shape__Area":41450.19921875,"Shape__Length":1629.7277388837028}},{"type":"Feature","id":4,"geometry":{"type":"Polygon","coordinates":[[[-78.963106895758,36.1680272470206],[-78.9645808522102,36.1596139662457],[-78.9647323627427,36.1596739144323],[-78.9658608833256,36.1601236469478],[-78.967379536927,36.1607220048831],[-78.9704264543724,36.1608227646141],[-78.9703604438016,36.1616328698243],[-78.9710694049779,36.1616497685899],[-78.9733062344161,36.1616845155438],[-78.9732871227382,36.1622221502984],[-78.9748081376229,36.1622509455734],[-78.9746654235771,36.1617740512658],[-78.9749392706863,36.161777671917],[-78.9755391830346,36.1624166029505],[-78.9749824147997,36.1626443597296],[-78.9749067543623,36.1630964454617],[-78.9699201646998,36.1654120215117],[-78.9658579931912,36.1669697720821],[-78.9644358604848,36.1675198300158],[-78.963106895758,36.1680272470206]]]},"properties":{"FID":4,"AREA_":5430328.42175,"PERIMETER":11547.06681,"PARCELS_":3535,"PARCELS_ID":3534,"CREATION":"11/07/2000","SIZE":"A128.14","OWNER":"ORANGE COUNTY","PIN":"0807984796","TMBL":"1.21..32A","DESC_":"#B LITTLE RIVER PARK P86/175","DEEDREF":"2157/548","PLAT_BKPG":" ","NAME":"Little River Regional Park","TYPE":"Parkland & open space","CATEGORY_1":"Existing park","Acres":124.6631869,"GlobalID":"{9C0693DF-31AE-4701-B3ED-568C6CF2D41B}","Acquired":973555200000,"Year":"2000","Shape__Area":775603.625,"Shape__Length":4362.803989922686}},{"type":"Feature","id":5,"geometry":{"type":"Polygon","coordinates":[[[-79.1413198347625,36.1656491762454],[-79.1410546875602,36.1650027771174],[-79.1410018494821,36.1645578580781],[-79.140866907685,36.1643717728364],[-79.1411248808213,36.163989530884],[-79.1414813080514,36.1637597694213],[-79.1417163426555,36.1635649846948],[-79.1420712453101,36.1633896527781],[-79.1424032237895,36.1629547525915],[-79.1424883010386,36.1626323407671],[-79.1425135887143,36.1625365098528],[-79.1423789060284,36.162265750676],[-79.1421091360363,36.1620783318467],[-79.1418977015831,36.1618615932752],[-79.1418700339963,36.1618332317659],[-79.1419063107773,36.1617887491666],[-79.1420325783281,36.1616339205468],[-79.142000294623,36.1611131575511],[-79.1417943772581,36.1608741640884],[-79.1420355227621,36.1604506518564],[-79.1420133481523,36.1603625786738],[-79.1419913425825,36.1602751730861],[-79.1421533129688,36.1593764536855],[-79.1421631431615,36.159330746279],[-79.1422419750325,36.1589642215786],[-79.1421815583788,36.1587810166027],[-79.1418986428027,36.1586864985227],[-79.1413913754345,36.158622378392],[-79.1410806905932,36.1587461002884],[-79.1413331213764,36.1583973884334],[-79.1413543756096,36.1583677293019],[-79.1415692318093,36.158067892521],[-79.1416536929974,36.157700190809],[-79.1415784333856,36.157276675107],[-79.1413330268335,36.1571041428804],[-79.1408313810991,36.1569778977553],[-79.1402706062011,36.1569125791023],[-79.1395836734427,36.1568932231098],[-79.1392878927544,36.1567997761282],[-79.139621454849,36.1567255858157],[-79.1399875535209,36.156645953709],[-79.1405211485586,36.1565165787028],[-79.1409364529003,36.1565184074531],[-79.1411565811069,36.1565380381928],[-79.1414788307335,36.1563961918124],[-79.141826113276,36.1564864250167],[-79.1421450992699,36.1563033320972],[-79.1423457192237,36.1560556995055],[-79.1430055670931,36.1558457063497],[-79.1432766370933,36.1558225327756],[-79.1435659248636,36.1556008952765],[-79.1436462381049,36.1552568291834],[-79.1439025660359,36.1547332658606],[-79.1441508143137,36.1544153316492],[-79.1441629236252,36.154237742033],[-79.1441663100859,36.1541970256661],[-79.1441808731067,36.1539313853472],[-79.1440602319636,36.1537139074104],[-79.1437283106309,36.1534809820407],[-79.1434628028888,36.1532149105407],[-79.1431956194319,36.1530109800905],[-79.1431012420175,36.1530522129144],[-79.1429121831183,36.1529316249864],[-79.1426776491003,36.1528630187047],[-79.1424565051102,36.152770667389],[-79.1422245690393,36.1526870249391],[-79.1420129163927,36.1525797313515],[-79.1417801275743,36.152507893163],[-79.1414260001183,36.152370730493],[-79.1412538741062,36.1523040617611],[-79.1414994068126,36.1522368746309],[-79.1418323975923,36.152226209972],[-79.1421367194927,36.1523389478007],[-79.1424704150061,36.1523526972208],[-79.1427951973487,36.1524253271313],[-79.1430629984441,36.1525851532014],[-79.1436479727872,36.1528964364174],[-79.1436429177338,36.1528839893564],[-79.1438356479534,36.1529665675969],[-79.1442271532867,36.1529491397373],[-79.1445787037894,36.1528477231],[-79.1445885032526,36.1528448961281],[-79.1448631644316,36.1525778828148],[-79.1449151241841,36.1525273694656],[-79.1450017272312,36.1524529968341],[-79.1450836812099,36.1523826157258],[-79.1451514231702,36.1523244394536],[-79.1454908614641,36.1521853709234],[-79.1455010961741,36.1521811780185],[-79.14563821907,36.1520813161595],[-79.1456953723897,36.151973947601],[-79.1456664495828,36.1518568861627],[-79.1454028100017,36.1514918260016],[-79.1454584613743,36.1515169885178],[-79.1453705376673,36.1513841203659],[-79.1449285242441,36.1509672445235],[-79.1449737574689,36.1509214812757],[-79.1450304054081,36.1508641680179],[-79.1453161551195,36.1509998631728],[-79.1456239307597,36.1512218418109],[-79.1458474442357,36.1513791307717],[-79.1461731275315,36.1516736534578],[-79.146299922813,36.1517013946028],[-79.1465363329637,36.1516958784476],[-79.1469012732267,36.151644411463],[-79.1470610608565,36.1516214810116],[-79.1472863983978,36.1515582502276],[-79.1473976862398,36.1514364521145],[-79.1474370057687,36.1513046812297],[-79.1474563468497,36.1512398623022],[-79.1474788488234,36.151164452075],[-79.1475113161288,36.151055641578],[-79.1476641647947,36.1509925839353],[-79.1477213898666,36.1509952536816],[-79.1479696104556,36.1510068354953],[-79.1480788418944,36.1510119313525],[-79.1481242974362,36.1509568985634],[-79.1482049080518,36.1508593029141],[-79.1482114209331,36.1508140413579],[-79.1482312645152,36.1506761186273],[-79.1483317400986,36.1505526744699],[-79.1483397937417,36.1505427792681],[-79.1483525787104,36.1505213013063],[-79.1483967353015,36.1500493717628],[-79.1485361485548,36.150014941111],[-79.148480786991,36.1497269217828],[-79.148371426707,36.1496545974795],[-79.1481099215356,36.1494836568867],[-79.1480883135304,36.1494705946611],[-79.1477982169702,36.1492952386715],[-79.147659668505,36.1492081365618],[-79.1475767835539,36.1491489454684],[-79.1473468723456,36.1489163371961],[-79.1476841230639,36.148889129446],[-79.1482708302326,36.1487342903874],[-79.148641790164,36.148667406333],[-79.1485568571467,36.1484371989088],[-79.1482227742812,36.1482422362735],[-79.1477371048065,36.1480855826748],[-79.1473320349582,36.1480931563087],[-79.1468413090729,36.1480261466175],[-79.1468291036631,36.1478024277464],[-79.1468259491851,36.1477446292491],[-79.1468333149269,36.14772316513],[-79.1468773356704,36.1477203095261],[-79.1469234004306,36.1477201992647],[-79.146982319982,36.147716208228],[-79.1470643047507,36.1477204103566],[-79.1471230941817,36.1477200098588],[-79.1471889461663,36.1477195611862],[-79.1473217222608,36.1477197916696],[-79.1474368872828,36.1477206145963],[-79.1475343977454,36.1477110316107],[-79.1476963190543,36.1477155911492],[-79.1478013479529,36.147722486651],[-79.1478916031924,36.1477339087056],[-79.1479036911685,36.1477354387857],[-79.1480127634587,36.1477373752278],[-79.1481100643246,36.1477238158658],[-79.1481292138874,36.1477211467173],[-79.1482070841033,36.1477127107818],[-79.1483411359112,36.1476936904124],[-79.1484365872882,36.1476775122917],[-79.1484751664028,36.147669170693],[-79.1485555943433,36.1476233336113],[-79.1485859546087,36.1475930158507],[-79.148602050269,36.147552833552],[-79.1486093856559,36.1475242200019],[-79.1486085864579,36.1474939770132],[-79.1485860039902,36.1474379405879],[-79.1485587547985,36.1474000621457],[-79.1485450923604,36.1473720499601],[-79.1485381333614,36.1473264243518],[-79.1485473679735,36.1472648122171],[-79.1485755647964,36.147202054146],[-79.1486294197843,36.1471183377359],[-79.1487083114142,36.1470279615247],[-79.1487838160477,36.1469375938822],[-79.1488410872472,36.1468615678133],[-79.1488842185873,36.1468064725765],[-79.1488915229023,36.1467701608351],[-79.148867497487,36.1466921310762],[-79.1488314189945,36.1466487759056],[-79.1487784608024,36.1466192082474],[-79.1486916078684,36.1465836742296],[-79.14857693267,36.1465361084215],[-79.1484683523929,36.1464879790605],[-79.14833934069,36.1464129522826],[-79.1483141206514,36.1463984434969],[-79.1482374917413,36.1463543577238],[-79.1482055187785,36.1463208900603],[-79.1481986132449,36.1462884617837],[-79.1482018713264,36.1462565592271],[-79.1482369714805,36.1462256797435],[-79.1482816021075,36.1462063251956],[-79.1483407686381,36.1461898675538],[-79.1483573863505,36.1461852457926],[-79.148398681228,36.146178546544],[-79.1484439169093,36.1461625581535],[-79.1484582081688,36.1461575066155],[-79.1484971099654,36.1461377542901],[-79.1485867868788,36.1461552192067],[-79.1485676939732,36.1461131113405],[-79.1486662583005,36.1460549730399],[-79.1491155027609,36.1457899847945],[-79.1492140674083,36.1457318460431],[-79.1496280813231,36.1454876349533],[-79.149837630956,36.1455447600664],[-79.1513839444731,36.1472928026975],[-79.1513886194943,36.1473083393147],[-79.1513919774712,36.1473189848501],[-79.1513954531854,36.1473296050056],[-79.1513990477465,36.1473401988787],[-79.1514027589322,36.1473507664721],[-79.1514065867392,36.1473613059832],[-79.1514105333898,36.1473718174095],[-79.151414595549,36.1473822998537],[-79.1514187743244,36.1473927515121],[-79.1514230686049,36.1474031723859],[-79.1514274795002,36.1474135615727],[-79.1514320047861,36.147423918174],[-79.1514366455723,36.147434241287],[-79.1514414007457,36.147444530012],[-79.151446270305,36.1474547834478],[-79.1514512531371,36.1474650006945],[-79.1514563492422,36.147475181752],[-79.1514615597279,36.1474853248167],[-79.1514668812593,36.1474954289912],[-79.1514723149474,36.1475054942744],[-79.1514778607889,36.1475155188636],[-79.1514835187839,36.147525502759],[-79.1514892855972,36.1475354450634],[-79.1514951645605,36.1475453448715],[-79.1515011523337,36.1475551985824],[-79.1515072489033,36.1475649989865],[-79.151513455399,36.1475747559957],[-79.1515197695968,36.1475844687116],[-79.1515261914952,36.1475941362328],[-79.151532721089,36.1476037558559],[-79.1515393572671,36.1476133275821],[-79.1515461000278,36.1476228505101],[-79.1515529471454,36.1476323228404],[-79.1515599008406,36.1476417436689],[-79.151566958891,36.1476511129983],[-79.1515741201788,36.1476604272252],[-79.1515813846818,36.1476696746337],[-79.1521458805701,36.148260839743],[-79.1525659155147,36.148733117964],[-79.1521472146978,36.1489632881772],[-79.1520872211176,36.1489996565483],[-79.151544643688,36.1493285626438],[-79.1511676671708,36.1489398067393],[-79.1511305556147,36.1490665411435],[-79.1510999976035,36.1491594303495],[-79.1511188727526,36.1492519719344],[-79.1511565717666,36.1493232594014],[-79.1511744817139,36.1493709999718],[-79.1512352130768,36.1494436729706],[-79.1512408453267,36.1494469942049],[-79.151289964845,36.1494759616937],[-79.1512970699629,36.1494801516803],[-79.1513808288941,36.1495533756195],[-79.1514820833382,36.1498217958016],[-79.1514725896188,36.1498190696545],[-79.1514271289516,36.1498060141038],[-79.1514084851254,36.1499619981114],[-79.1512892469168,36.1501660025367],[-79.1512456562872,36.1502328194271],[-79.1510465748034,36.1504471807703],[-79.1509941273577,36.1505056641294],[-79.1508623854442,36.1507662546596],[-79.1508469758128,36.1507921610885],[-79.1508811009346,36.1509401636192],[-79.1508385295758,36.1510597272661],[-79.1507867017207,36.1512143677119],[-79.1506519935114,36.1513290312829],[-79.1504251782802,36.1515488392421],[-79.1503456946335,36.1516157088866],[-79.1503308081184,36.1518296983498],[-79.1503133069128,36.1519515047399],[-79.1502166862024,36.152092714989],[-79.1500332143311,36.1523140028127],[-79.1497513357983,36.1523963802449],[-79.1497772058325,36.1525237813754],[-79.1498090766493,36.152636240206],[-79.1500024662116,36.1528018161976],[-79.1499432134468,36.1528555444587],[-79.1496000246627,36.1531815653732],[-79.1493604911596,36.1533614349417],[-79.1493150984739,36.15350515754],[-79.1492522963371,36.1536648997114],[-79.1492844985787,36.1537758576943],[-79.1493918510232,36.1538029163791],[-79.1492669149199,36.1538578716809],[-79.149338618876,36.1540099138156],[-79.1493313257791,36.1541435800959],[-79.1493201294504,36.1542314775259],[-79.1493156477056,36.1542943859869],[-79.1493763552267,36.1544159984487],[-79.1495222822439,36.1547083266469],[-79.1495453057171,36.1547544470205],[-79.1493241597497,36.1550784855461],[-79.1493680553284,36.1553540341894],[-79.1494187302579,36.1556284948539],[-79.1492971521622,36.1559598493441],[-79.1493663687326,36.1561502139807],[-79.1494601064789,36.1562999282051],[-79.1496927336451,36.1566714713142],[-79.1499638461336,36.1568627249254],[-79.1501455041503,36.1568388444789],[-79.1502735870735,36.1568220058405],[-79.1503775277609,36.1567265072398],[-79.150658695963,36.156725328788],[-79.1506641536766,36.1567479524524],[-79.1506844916431,36.1568322756282],[-79.1507336595249,36.1570361192224],[-79.1508061743411,36.157350470577],[-79.1508788219226,36.1576653894464],[-79.1509248931232,36.1577107303816],[-79.1512605096902,36.1580410245102],[-79.1514662854724,36.1578753135954],[-79.1515372487882,36.1578635811896],[-79.1517658921691,36.1578257768112],[-79.1517734448302,36.1578146581888],[-79.1517806297089,36.1578053424489],[-79.1517881260629,36.1577961903432],[-79.1517959283461,36.1577872072858],[-79.1518040299038,36.1577784004945],[-79.1518124240803,36.1577697762861],[-79.1518211064403,36.1577613400732],[-79.1518300692216,36.1577531008777],[-79.1518393057631,36.1577450623125],[-79.151848809409,36.1577372306943],[-79.1518585735047,36.1577296132412],[-79.1518685902798,36.1577222144685],[-79.1518788519651,36.1577150397933],[-79.1518893519049,36.1577080955323],[-79.1519000812169,36.1577013862025],[-79.1519110321325,36.1576949172206],[-79.1519221979904,36.1576886922],[-79.1519335676896,36.1576827174625],[-79.1519451356804,36.1576769966202],[-79.1519568908564,36.1576715332914],[-79.1519688265602,36.1576663328917],[-79.1519809316837,36.1576613981385],[-79.1519931995678,36.157656733546],[-79.1520056191061,36.1576523427329],[-79.1520181814135,36.1576482284138],[-79.1520308787159,36.1576443933019],[-79.1520496414175,36.1576393006717],[-79.1520624648433,36.1576357555906],[-79.1520750505746,36.157631689902],[-79.1520873664003,36.1576271126582],[-79.1520993823384,36.1576220365135],[-79.1521110650751,36.1576164750274],[-79.1521297418982,36.1576065213457],[-79.1520433841586,36.157693725519],[-79.1519014047799,36.157822703216],[-79.1518912318728,36.1578327616656],[-79.1518828744175,36.1578414101664],[-79.1518747361478,36.157850195379],[-79.1518668192762,36.1578591118936],[-79.1518591282445,36.1578681579023],[-79.1518516663783,36.1578773288948],[-79.151844434782,36.1578866212649],[-79.1518374390039,36.1578960304999],[-79.1518306812615,36.1579055538932],[-79.1518241626576,36.1579151869376],[-79.1518178876291,36.1579249251215],[-79.1518118583919,36.1579347648374],[-79.1518060782732,36.1579447024762],[-79.1518005472629,36.1579547326307],[-79.1517952698012,36.1579648525919],[-79.151790246991,36.1579750578524],[-79.1517854821563,36.1579853430006],[-79.1517807909406,36.1579969519399],[-79.1517801114027,36.1579984433894],[-79.1517758358113,36.158008869421],[-79.1517718993352,36.1580193824497],[-79.1517683019628,36.1580299761671],[-79.1517650492336,36.1580406415541],[-79.1517621411376,36.1580513732034],[-79.1517595809936,36.1580621630001],[-79.1517573698978,36.158073002832],[-79.151755510061,36.1580838863877],[-79.1517544115134,36.1580918409575],[-79.1517540014682,36.1580948055565],[-79.1517528463284,36.1581057531259],[-79.1517520457396,36.1581167218847],[-79.1517515985736,36.1581277028224],[-79.1517515070429,36.1581386905289],[-79.1517517689083,36.1581496759947],[-79.1517523863786,36.1581606520077],[-79.1517533583293,36.1581716113591],[-79.1517598852693,36.1582388932604],[-79.1519274246823,36.158216396633],[-79.1519934207284,36.1582276754017],[-79.1521542676892,36.1582551653592],[-79.1521819240745,36.1582545821414],[-79.1522075479333,36.1582540429003],[-79.152394981697,36.1582500939997],[-79.1524239312448,36.1582721827426],[-79.1525365633054,36.1583581245348],[-79.1527143401185,36.158473802508],[-79.1528818322395,36.15859949743],[-79.1530772198405,36.1587406995579],[-79.1532251808297,36.1589425601067],[-79.1532385150037,36.1589813072914],[-79.1533133305488,36.1591987078472],[-79.1534026204846,36.1594043978636],[-79.153603287815,36.159400689182],[-79.1538040327185,36.1595108807596],[-79.1540542482928,36.1595606050682],[-79.1540459366275,36.1597064011124],[-79.1541807798711,36.1599272555686],[-79.1540248946155,36.1600137402111],[-79.1536249881968,36.1600164281667],[-79.1533653400234,36.1597400760425],[-79.1529709606484,36.1595036217389],[-79.1528629728922,36.1593783970286],[-79.1526386896082,36.1591019261258],[-79.152631339848,36.1590928672852],[-79.152182598194,36.1587998792659],[-79.1520500607341,36.1587109184941],[-79.1518762700909,36.1585919803427],[-79.1516853602893,36.1586536770853],[-79.1516654631393,36.1586472256213],[-79.151539960943,36.1586065362678],[-79.1505847608278,36.1583940283644],[-79.1506483656049,36.1582202106099],[-79.1504278424436,36.1580714409453],[-79.1502744292905,36.1577946910024],[-79.1502291660214,36.1575449229679],[-79.1500724500665,36.1574902249825],[-79.1499357907324,36.1576762929709],[-79.1498757731595,36.1579312206178],[-79.1499544546219,36.1580899883472],[-79.1502146715092,36.1581120833831],[-79.1501396779436,36.1583608669911],[-79.1502118176683,36.1586665808441],[-79.1502207004943,36.1586677604463],[-79.1502211750977,36.1586677959124],[-79.1504188124009,36.1602764929046],[-79.1504144590537,36.1602763928118],[-79.1499409629428,36.1602658419129],[-79.1498082827316,36.1599950340855],[-79.1497839764033,36.1599454250399],[-79.1497404479222,36.1598000333914],[-79.1496833435925,36.1596092975797],[-79.1496713351368,36.1595762008059],[-79.1496430220197,36.1594981606561],[-79.1495819772252,36.1592924144819],[-79.1494869810307,36.1586555297665],[-79.1495004276601,36.1584620057622],[-79.1494935153504,36.1582221049359],[-79.1494924426767,36.1581848681132],[-79.1494196490596,36.1580909613424],[-79.1492255495426,36.1578405625628],[-79.1491941241563,36.1578000210295],[-79.1491675156967,36.1575989918295],[-79.1491638999716,36.1575716669355],[-79.1491298483804,36.1573143957264],[-79.148971341192,36.1570765935181],[-79.1487422509306,36.156879910033],[-79.1483153796587,36.1568940336092],[-79.1482019272699,36.1567277618871],[-79.1479551682128,36.1563661166581],[-79.147818120122,36.1559771406999],[-79.1477395825248,36.1557328739904],[-79.1476034148278,36.1552768174318],[-79.147601147944,36.1552659785558],[-79.147598536675,36.1552552004762],[-79.147595955061,36.1552442313034],[-79.1475923994827,36.1552336048651],[-79.1475858913079,36.155224231971],[-79.1475775564234,36.155215593065],[-79.1475683388098,36.155207356263],[-79.1475590059143,36.1551992773118],[-79.1475490529791,36.1551918335622],[-79.1475384254774,36.1551849845252],[-79.1475275295717,36.1551784214957],[-79.1475181393001,36.1551705625067],[-79.1475093503966,36.1551621863964],[-79.147500712409,36.1551536902421],[-79.1474920411806,36.1551452463976],[-79.1474834676276,36.1551367375474],[-79.1474749373502,36.1551281925959],[-79.1474659653823,36.1551199735142],[-79.1474563464151,36.1551122319537],[-79.1474468095638,36.1551044245049],[-79.147437415866,36.1550965060334],[-79.1474281242655,36.1550885099339],[-79.147418953626,36.1550804208628],[-79.1474097718871,36.1550723381129],[-79.1474006201034,36.1550642273885],[-79.1473911332244,36.155056394641],[-79.1473811425869,36.1550489770579],[-79.1473709544444,36.1550417237329],[-79.1473606908096,36.1550345101512],[-79.14735026513,36.1550274058108],[-79.1473409482408,36.1550195485218],[-79.1473336933866,36.1550102044499],[-79.1473284163217,36.1550000964708],[-79.1473248062941,36.1549894466576],[-79.1473203111784,36.1549791241491],[-79.1473131907929,36.1549697790128],[-79.1473062335768,36.15496033004],[-79.1473002113101,36.1549504725927],[-79.1472941746181,36.1549406259769],[-79.1472874106811,36.154931129006],[-79.1472797040967,36.1549220828749],[-79.147271675528,36.1549131921396],[-79.147264025589,36.154904127915],[-79.1472573538499,36.1548946064985],[-79.1472514870949,36.1548847065044],[-79.1472460345069,36.1548746203615],[-79.14724062525,36.1548645287589],[-79.1472352171322,36.1548544515741],[-79.1472300300205,36.1548442984212],[-79.1472251772171,36.1548340430287],[-79.1472209441525,36.1548235940306],[-79.1472164867536,36.1548132228067],[-79.1472105222325,36.1548033310387],[-79.1472045444386,36.1547934726314],[-79.1472009324382,36.1547829453811],[-79.1471983145247,36.1547721420648],[-79.1471956832569,36.1547613279499],[-79.14719211003,36.1547507330615],[-79.1471877336645,36.154740308567],[-79.1471837294575,36.1547298187374],[-79.1471808516275,36.1547190797193],[-79.1471787480528,36.1547081748478],[-79.1471776357045,36.1546972534638],[-79.1471792993754,36.1546863638893],[-79.1471805951164,36.1546754206842],[-79.1471806972733,36.1546644356559],[-79.1471805156084,36.1546465197269],[-79.1471277082629,36.1544083443973],[-79.1471745186776,36.1542341103405],[-79.1471794681985,36.1542079385178],[-79.1471931850628,36.1541358843158],[-79.1472012878452,36.1541039706641],[-79.1472157590838,36.1540792419484],[-79.1472209513741,36.1540703785636],[-79.1472311432063,36.1540505576017],[-79.1472454718145,36.154009829785],[-79.1472666587244,36.153965237416],[-79.1472852155775,36.1539190007863],[-79.1473066392269,36.1538623093127],[-79.1473198766157,36.1538210348583],[-79.1473392626755,36.1537791960498],[-79.1473573612924,36.1537346100815],[-79.1474070512427,36.1536575053779],[-79.147443456658,36.1536183749322],[-79.1474950036196,36.1535693101611],[-79.1475369976748,36.1535230173037],[-79.1475652808267,36.1534839065223],[-79.1476162957319,36.15340899729],[-79.1476287557751,36.1533814726699],[-79.1476414413035,36.1533187535204],[-79.147636289482,36.1532775228299],[-79.1476108678997,36.1532335922102],[-79.1475792398504,36.1532083728889],[-79.1475238056081,36.1531947583629],[-79.1474750113063,36.1531976253475],[-79.1473936920942,36.1531994707515],[-79.1473448005408,36.1532111363657],[-79.14726225639,36.1532030860111],[-79.1471973542164,36.1531845458705],[-79.1471534473998,36.1531632047137],[-79.1471102231272,36.1531407632381],[-79.1470690031842,36.1531260148161],[-79.147020278817,36.1531008357161],[-79.1469816184718,36.153089930577],[-79.146934889807,36.1530938925462],[-79.1468895019465,36.1530945508359],[-79.1468435189003,36.1531155583624],[-79.1466718125424,36.1532380501275],[-79.1465360784764,36.1533467072901],[-79.1464820467568,36.1533880800602],[-79.1464293866004,36.1534332993536],[-79.1463673928634,36.1534845886537],[-79.1463182223438,36.15353859688],[-79.1463004354645,36.1535776822097],[-79.1462661885147,36.1536448528453],[-79.1462428846221,36.1536982497433],[-79.1462059689554,36.1537406797874],[-79.146150095829,36.1538018533949],[-79.1461240294391,36.1538357810128],[-79.1461120062198,36.153851435951],[-79.1460882247773,36.1538756889942],[-79.1460671749288,36.1538938862132],[-79.1460296592339,36.1541876260939],[-79.1460405042257,36.1542354865882],[-79.1461503416453,36.1545518350789],[-79.1460944672362,36.1548832991237],[-79.1460081041394,36.1549903718278],[-79.1458034074219,36.1554711397408],[-79.1455857152788,36.1557676847483],[-79.1454742209762,36.1558950588298],[-79.1451867472305,36.1561903837253],[-79.1451267679096,36.1563090483044],[-79.1450831639535,36.1563898009992],[-79.1447478529984,36.1565959667211],[-79.1446193767178,36.1567376064418],[-79.1444466954046,36.1569336044271],[-79.1438888469618,36.157364280014],[-79.1435740494718,36.1576073103824],[-79.1435728593585,36.1576447553937],[-79.1435688059643,36.157772255708],[-79.1437693587588,36.1577693040713],[-79.1442036420256,36.1579938442409],[-79.1442814850359,36.1581479942638],[-79.144388172945,36.1583592624422],[-79.1445967159938,36.1584030603726],[-79.1445940626803,36.1586081498659],[-79.1444815978196,36.158830644349],[-79.1443562417979,36.1590586152584],[-79.1443117629278,36.1592036980812],[-79.1442145599574,36.1595312403449],[-79.1441186855596,36.1598675821604],[-79.1441185187392,36.1598681366026],[-79.1440399771127,36.1601286244781],[-79.1440301521231,36.1601369461181],[-79.1440207776607,36.160144888718],[-79.1440117247707,36.1601530517359],[-79.1440027656269,36.1601614354399],[-79.1439945362566,36.1601702274352],[-79.1439886323467,36.1601799314252],[-79.1439846602442,36.1601904153951],[-79.1439815211134,36.1602012192168],[-79.1439783540676,36.160211950073],[-79.1439758330007,36.160222840585],[-79.1439730906105,36.1602336394336],[-79.1439687013337,36.1602438922819],[-79.1439620146267,36.1602533736902],[-79.1439542792982,36.1602625102658],[-79.1439470066224,36.1602718328477],[-79.1439405625374,36.1602815113351],[-79.1439350181359,36.1602915267188],[-79.1439301176163,36.1603017720556],[-79.1439253360903,36.1603120623128],[-79.1439201831341,36.160322219627],[-79.143914268421,36.160332108374],[-79.1439079911439,36.1603418506493],[-79.1439014391704,36.1603514860029],[-79.1438948782933,36.160361115058],[-79.1438886299051,36.160370856397],[-79.1438830231829,36.1603808312967],[-79.1438781949229,36.1603910954715],[-79.1438738248212,36.160401517721],[-79.1438695614353,36.1604119551654],[-79.1438656082439,36.1604224643421],[-79.1438618007076,36.1604330120995],[-79.1438577885915,36.1604435096293],[-79.1438536419431,36.1604539748734],[-79.143849044955,36.1604643054646],[-79.1438437908144,36.1604744448696],[-79.1438378015509,36.1604842949477],[-79.143831292921,36.1604939419617],[-79.1438243115482,36.1605033561168],[-79.1438166571977,36.1605124304038],[-79.1438090362116,36.1605215190705],[-79.1438021949689,36.1605309916383],[-79.1437957942061,36.1605406799793],[-79.1437894223644,36.1605503836066],[-79.1437828013931,36.1605599838866],[-79.143776109305,36.1605695905583],[-79.1437685939132,36.1605786935176],[-79.1437597411661,36.1605869536111],[-79.1437501463178,36.1605947513522],[-79.1437405292132,36.1606025337981],[-79.1437306173248,36.1606101633832],[-79.1437223296283,36.1606186976802],[-79.1437163114135,36.1606285306626],[-79.143711107414,36.160638758321],[-79.1437059755449,36.1606489264146],[-79.143700982687,36.1606591466149],[-79.1436961677442,36.1606694224813],[-79.1436915640602,36.1606797557771],[-79.1436869771564,36.1606901512366],[-79.1436823425839,36.1607006143428],[-79.1436783260436,36.1607111443142],[-79.1436756187983,36.1607217403397],[-79.1436769906122,36.1607325496712],[-79.1436798085208,36.1607434816724],[-79.1436816295386,36.1607544112388],[-79.1436829071284,36.1607653549612],[-79.1436826677335,36.1607763085749],[-79.1436810991995,36.1607872871801],[-79.1436782110037,36.1607979969704],[-79.1436735539474,36.1608083204142],[-79.1436677827148,36.1608183108157],[-79.1436613051411,36.1608279496718],[-79.1436542803798,36.1608373656691],[-79.1436472044173,36.1608467384678],[-79.1436399304533,36.1608560114639],[-79.1436323906114,36.1608651378738],[-79.1436245470748,36.1608741006189],[-79.1436164632326,36.1608829230564],[-79.1436080489766,36.1608915557251],[-79.1436003491406,36.160900709357],[-79.1435939306534,36.1609104598902],[-79.1435916380534,36.1609211266222],[-79.1435904363244,36.1609321453498],[-79.1435900972044,36.1609432730135],[-79.1435905902983,36.1609542915554],[-79.1435927754031,36.1609649791702],[-79.1435981471207,36.1609752358724],[-79.1436041316339,36.1609851133464],[-79.1436107424577,36.1609947116109],[-79.1436174810041,36.1610042619608],[-79.1436240351856,36.1610138792163],[-79.143630609357,36.1610234874359],[-79.1436372868076,36.1610330513745],[-79.1436441352835,36.1610425448175],[-79.14365023857,36.1610523365344],[-79.143655647754,36.1610624066389],[-79.1436607948436,36.16107258069],[-79.1436659741332,36.1610827375801],[-79.1436711611941,36.1610928890535],[-79.1436762527357,36.1611030721812],[-79.1436812009952,36.1611133014386],[-79.1436859082227,36.1611236048781],[-79.1436909844922,36.1611339466362],[-79.1436935906888,36.1611445598547],[-79.1436933425224,36.1611555801666],[-79.1436914850512,36.1611665717262],[-79.1436882632775,36.1611771935877],[-79.1436840698792,36.1611876516677],[-79.1436792638868,36.1611979797908],[-79.1436741909477,36.1612081856622],[-79.1436686642583,36.1612182163294],[-79.143662614903,36.1612280655648],[-79.1436562363016,36.1612377574743],[-79.1436491992308,36.1612471464476],[-79.1436420342536,36.1612564805966],[-79.1436348537351,36.1612658255779],[-79.1436278489402,36.1612752433508],[-79.1436218528614,36.1612850591766],[-79.1436168032112,36.16129524429],[-79.1436121216811,36.1613055749675],[-79.1436072755702,36.161315850864],[-79.1436018923193,36.1613259309261],[-79.1435962577431,36.1613359238652],[-79.1435904574664,36.1613458575183],[-79.1435845393018,36.1613557453476],[-79.1435785088013,36.1613655846429],[-79.1435722191684,36.1613753215036],[-79.1435658461206,36.1613850242156],[-79.143559618758,36.1613947817305],[-79.1435538095559,36.1614047009727],[-79.143548825571,36.1614149481892],[-79.1435439160815,36.1614252151449],[-79.1435380879049,36.1614350911503],[-79.143531079668,36.1614444629591],[-79.14352348195,36.1614535795145],[-79.1435157785783,36.1614626556386],[-79.1435084511563,36.1614719052553],[-79.1435017177025,36.1614814353535],[-79.1434952078613,36.1614910940623],[-79.1434889960956,36.161500882196],[-79.143483181338,36.1615108113542],[-79.1434778714183,36.1615208967313],[-79.1434731764454,36.1615311850613],[-79.1434688996001,36.1615416161937],[-79.143464785116,36.1615521048131],[-79.1434605738889,36.1615625638058],[-79.1434560168283,36.1615729123545],[-79.1434511161649,36.1615831549626],[-79.1434460687229,36.1615933544843],[-79.1434410679826,36.1616035683704],[-79.1434362162557,36.1616138334507],[-79.1434312589397,36.1616240941485],[-79.1434266451793,36.1616344355525],[-79.1434229230745,36.1616449669686],[-79.143419782612,36.1616557212036],[-79.143417142487,36.1616666001208],[-79.1434152925774,36.1616774970375],[-79.1434146972841,36.1616883266959],[-79.1434177517096,36.1616991448689],[-79.1434230277092,36.1617093079616],[-79.1434292410432,36.1617190986566],[-79.1434362328857,36.1617285730148],[-79.1434439629483,36.1617375742727],[-79.1434530075527,36.1617458331936],[-79.1434621342685,36.1617540181182],[-79.1434693745024,36.1617631767593],[-79.1434732093374,36.1617741165807],[-79.1434813100593,36.1617821873511],[-79.1434927342666,36.161788035442],[-79.1435049511143,36.1617933896398],[-79.1435163634244,36.1617994197873],[-79.1435271478485,36.161806094135],[-79.1435372421597,36.1618134181632],[-79.1435468982275,36.1618211608669],[-79.1435558483405,36.1618293946568],[-79.1435642524184,36.161838053557],[-79.1435719881479,36.161847102564],[-79.1435786055831,36.1618566314255],[-79.1435838715708,36.1618667719921],[-79.1435891653521,36.1618769170318],[-79.1435951954621,36.1618867746222],[-79.1436014499354,36.1618965562473],[-79.1436075066907,36.1619063966828],[-79.1436129403093,36.1619164289058],[-79.1436173420269,36.1619267768621],[-79.14362087401,36.161937388091],[-79.1436241160901,36.1619480915836],[-79.1436276525414,36.1619587145229],[-79.1436318655005,36.1619691582283],[-79.1436365972349,36.1619794688467],[-79.1436418865253,36.1619895805441],[-79.143647927722,36.161999414687],[-79.1436543398822,36.1620091159161],[-79.1436604399396,36.1620189247552],[-79.143665723661,36.1620290265446],[-79.1436704453993,36.162039336272],[-79.1436747450423,36.1620497726641],[-79.1436787047239,36.1620602752436],[-79.143682158965,36.1620709090917],[-79.1436851054865,36.1620816426689],[-79.1436875186703,36.1620924444629],[-79.1436894441002,36.1621033243335],[-79.143691296201,36.1621142160058],[-79.1436934271878,36.1621250685986],[-79.1436956359568,36.162135912989],[-79.1436974680367,36.1621467947713],[-79.1436986278564,36.1621577449334],[-79.1436997821211,36.1621686960032],[-79.1437016075341,36.1621795777931],[-79.1437037629678,36.1621904267518],[-79.1437060484088,36.1622012620397],[-79.1437083205172,36.1622120991455],[-79.1437104337269,36.1622229517584],[-79.1437122458092,36.1622338353659],[-79.1437137412128,36.1622447544923],[-79.1437149943804,36.1622556982358],[-79.1437160753108,36.1622666566007],[-79.1437170528852,36.1622776159882],[-79.1437180127036,36.1622885898158],[-79.1437187758345,36.1622995782937],[-79.1437190266002,36.1623105556573],[-79.1437183793176,36.1623215025327],[-79.1437168162187,36.1623324270517],[-79.1437149830243,36.1623433347647],[-79.1437129097237,36.1623542157231],[-79.1437106163362,36.1623650780144],[-79.1437092776773,36.1623759707272],[-79.1437097595569,36.1623869189803],[-79.1437111305901,36.1623978950284],[-79.1437118936921,36.162408867284],[-79.1437113231313,36.1624198356979],[-79.1437099612421,36.1624307897201],[-79.1437081813633,36.1624416820493],[-79.1437060846705,36.1624525350971],[-79.1437038179056,36.1624633712214],[-79.1437015589246,36.16247421004],[-79.1436995267206,36.1624850801348],[-79.1436980937712,36.1624960738933],[-79.1436965040349,36.162507021874],[-79.1436937468466,36.1625176891457],[-79.1436884846151,36.1625277402253],[-79.1436820727414,36.1625375267966],[-79.1436768317713,36.1625476607622],[-79.1436722568959,36.1625580066316],[-79.1436677498568,36.162568376754],[-79.1436628691727,36.1625786238486],[-79.1436577082715,36.1625887883603],[-79.1436523627738,36.1625988936085],[-79.1436467514699,36.1626088955289],[-79.1436407798119,36.162618749172],[-79.143634384411,36.1626284320818],[-79.1436277621246,36.162638024235],[-79.1436211476257,36.1626476217859],[-79.1436147444437,36.162657306506],[-79.1436084914236,36.1626670622454],[-79.1436026031826,36.162676956343],[-79.1435972620919,36.1626870471638],[-79.1435922579704,36.1626972619562],[-79.1435873594915,36.1627075117718],[-79.1435827245824,36.1627178586087],[-79.1435781274705,36.1627282117096],[-79.1435724726807,36.1627381442838],[-79.1435650995872,36.1627473966557],[-79.143556957691,36.1627561812989],[-79.1435482639398,36.1627646259306],[-79.1435400864131,36.1627733754671],[-79.1435325719758,36.1627825207586],[-79.1435252900441,36.1627917937489],[-79.1435179836408,36.1628010559529],[-79.1435108796812,36.16281041525],[-79.143504279583,36.1628200019625],[-79.1434980454368,36.1628297612781],[-79.1434920860097,36.1628396374289],[-79.1434863834682,36.1628496015969],[-79.1434811391125,36.1628597319517],[-79.1434760271018,36.1628699135203],[-79.1434706648678,36.1628800052606],[-79.1434652381319,36.162890074546],[-79.1434601138711,36.1629002444123],[-79.1434552009087,36.1629104906337],[-79.1434506115201,36.162920827498],[-79.1434466125599,36.1629313231847],[-79.1434429505121,36.1629419103999],[-79.143438884833,36.162952387239],[-79.1434342709718,36.1629627142178],[-79.1434294080386,36.1629729738975],[-79.1434243827521,36.1629831832992],[-79.1434192785012,36.1629933621521],[-79.1434140964167,36.1630035212691],[-79.1434087330594,36.1630136157111],[-79.1434030772008,36.1630235951404],[-79.1433968986216,36.1630333688043],[-79.1433903741589,36.1630430076912],[-79.1433839942776,36.163052704086],[-79.1433781282182,36.1630626035523],[-79.1433725680038,36.1630726234225],[-79.1433671167825,36.163082687324],[-79.1433615954944,36.163092724271],[-79.1433558339768,36.1631026668718],[-79.1433498511392,36.1631125241164],[-79.1433437437396,36.1631223337423],[-79.1433375829535,36.1631321218013],[-79.1433314377366,36.1631419161501],[-79.1433253403399,36.1631517284669],[-79.1433192429417,36.1631615407833],[-79.1433131900313,36.1631713719728],[-79.1433075208868,36.1631813928682],[-79.143301621467,36.1631912923693],[-79.1432944505751,36.1632005453876],[-79.143286062722,36.1632091815989],[-79.1432772988519,36.1632176127735],[-79.1432686962373,36.1632261032387],[-79.1432600479978,36.1632345622142],[-79.1432513641502,36.1632429977993],[-79.1432426647222,36.1632514225874],[-79.1432339686298,36.1632598491734],[-79.1432255820213,36.163268567389],[-79.1432160621692,36.1632762487346],[-79.1432047712166,36.1632823144772],[-79.1431930627248,36.1632879499281],[-79.1431814487716,36.1632936258219],[-79.1431696175251,36.1632989811375],[-79.1431573839001,36.163303681742],[-79.1431449329436,36.1633080401391],[-79.1431326859807,36.1633127416579],[-79.1431205505015,36.1633176377067],[-79.1431085454124,36.1633227354732],[-79.1430968021873,36.1633282204532],[-79.1430852584345,36.1633340062034],[-79.1430734973247,36.1633394353269],[-79.1430609326407,36.1633435937794],[-79.1430482887585,36.1633475901053],[-79.1430367937949,36.1633533163139],[-79.1430258315125,36.1633598511867],[-79.1430149817621,36.1633665454414],[-79.1430038678578,36.1633728164345],[-79.1429920038965,36.1633779122222],[-79.1429789028496,36.1633810727508],[-79.1429659064533,36.1633843349926],[-79.1429545492064,36.1633900132684],[-79.1429444822536,36.1633975510374],[-79.1429340310096,36.163404605304],[-79.1429242541646,36.1634121643617],[-79.1429160776542,36.1634209354817],[-79.1429079723814,36.1634297687015],[-79.1428987253309,36.1634377651272],[-79.1428888962896,36.163445350378],[-79.142878725526,36.1634526413307],[-79.1428681750256,36.1634595100579],[-79.1428569409052,36.1634656901553],[-79.1428462268171,36.1634724410127],[-79.14283601267,36.1634797139882],[-79.1428272674107,36.1634880288515],[-79.1428194424242,36.1634969924138],[-79.1428118934242,36.1635061602285],[-79.1428040695872,36.1635151472199],[-79.1427957984792,36.1635238589618],[-79.1427876419501,36.1635326309506],[-79.142780162929,36.1635417806574],[-79.1427731611655,36.1635511956643],[-79.1427660948772,36.1635605755987],[-79.1427589128968,36.1635698961877],[-79.1427517865324,36.1635792437477],[-79.1427448703924,36.163588688393],[-79.1427383591322,36.1635983209188],[-79.1427321693254,36.1636081008681],[-79.142726071822,36.1636179140542],[-79.1427200855396,36.1636277739732],[-79.142714142632,36.1636376518656],[-79.142708146333,36.1636475054872],[-79.1427020009889,36.1636572934937],[-79.1426954608329,36.1636669323591],[-79.1426879473085,36.1636760667793],[-79.1426797807608,36.1636848450805],[-79.1426713972847,36.1636935082789],[-79.1426630560718,36.1637021894517],[-79.1426550218738,36.163711023472],[-79.1426476717909,36.1637202000559],[-79.1426418545496,36.1637301309693],[-79.1426361774929,36.163740146433],[-79.1426293903385,36.1637496422897],[-79.1426221782858,36.1637589448807],[-79.1426147860367,36.1637681638685],[-79.1426074082405,36.1637773864438],[-79.1425999503582,36.1637865730635],[-79.1425923745751,36.163795708451],[-79.1425848532839,36.1638048636012],[-79.1425775533218,36.1638141104166],[-79.1425707382814,36.1638235567357],[-79.1425661554403,36.1638339187887],[-79.1425610654959,36.1638441093008],[-79.1425556719408,36.163854188416],[-79.1425501994304,36.1638642423889],[-79.1425447024487,36.1638742855755],[-79.1425391431875,36.1638843063042],[-79.1425335561224,36.1638943171515],[-79.1425280046429,36.163904340574],[-79.1425225287883,36.163914392747],[-79.142517185286,36.1639244997394],[-79.142512704673,36.1639348571649],[-79.1425087066515,36.1639453528149],[-79.1425048798738,36.1639558987332],[-79.1425010386405,36.1639664410633],[-79.1424969672396,36.16397692328],[-79.1424927546294,36.1639873714149],[-79.1424889500644,36.1639979109981],[-79.1424856291551,36.1640085617685],[-79.1424825773089,36.1640192717054],[-79.142479705563,36.1640300120737],[-79.1424773029946,36.1640408465231],[-79.142475148354,36.1640517293492],[-79.142472550079,36.164062508151],[-79.1424688788663,36.1640730421708],[-79.1424644838357,36.1640834103088],[-79.1424596985396,36.1640936869771],[-79.1424546897598,36.1641039125364],[-79.1424496242796,36.164114128248],[-79.1424446688765,36.1641243717688],[-79.1424399758807,36.1641346816736],[-79.1424354997155,36.1641450526083],[-79.1424311325207,36.1641554540572],[-79.1424267853428,36.1641658626922],[-79.1424223870122,36.1641762560659],[-79.1424180209286,36.1641866593153],[-79.1424135714457,36.1641970383288],[-79.1424088650889,36.1642073392355],[-79.1424039196519,36.1642175683233],[-79.1423988607915,36.1642277641979],[-79.1423938030397,36.1642379591698],[-79.1423884928737,36.1642480841406],[-79.1423833595041,36.1642582566696],[-79.1423791112373,36.1642686696935],[-79.1423754111575,36.1642792325819],[-79.1423719757167,36.1642898663579],[-79.1423686303417,36.1643005243617],[-79.1423651993479,36.1643111599348],[-79.1423535085941,36.1643263147709],[-79.1423463209311,36.1643356299317],[-79.1423391288159,36.1643449423937],[-79.1423317198049,36.1643541586777],[-79.1423245187856,36.1643634657418],[-79.1423182654208,36.1643731898654],[-79.1423126749681,36.1643832052104],[-79.1423071523654,36.1643932520186],[-79.1423011715677,36.1644031326352],[-79.1422952107817,36.1644130177341],[-79.1422903030465,36.1644232134277],[-79.1422868742472,36.1644338417856],[-79.1422836945436,36.1644445500617],[-79.1422799922315,36.1644551192574],[-79.1422761887407,36.1644656660402],[-79.142272450849,36.1644762280672],[-79.1422686007026,36.1644867893233],[-79.1422658400297,36.1644975169383],[-79.1422642277673,36.1645084288681],[-79.1422632002174,36.1645194041043],[-79.1422625416655,36.1645303852201],[-79.1422621899191,36.1645413984228],[-79.1422625594185,36.1645523783439],[-79.1422640112742,36.1645632695896],[-79.1422662888122,36.1645741067044],[-79.1422688941682,36.1645849164017],[-79.1422714305969,36.1645957144634],[-79.1422741159088,36.1646064862168],[-79.1422768456649,36.1646172507088],[-79.1422794243085,36.1646280370053],[-79.1422815762819,36.1646388859811],[-79.1422832549281,36.1646498103074],[-79.1422850868901,36.1646607011107],[-79.1422877521481,36.1646714431468],[-79.1422916906688,36.1646819502894],[-79.1422960080664,36.1646923921043],[-79.1422996044153,36.1647029789508],[-79.1423024275079,36.1647137271115],[-79.1423051828323,36.1647244906713],[-79.1423082270268,36.1647351989215],[-79.1423112934455,36.164745904442],[-79.1423144443019,36.1647565927413],[-79.1423177529189,36.164767246611],[-79.1423213781596,36.1647778271144],[-79.1423254811213,36.1647883016207],[-79.1423296063042,36.1647987715949],[-79.1423337681808,36.1648092505384],[-79.1423377922913,36.1648197566781],[-79.1423407119855,36.1648304479488],[-79.1423424850387,36.1648413298067],[-79.1423438225515,36.1648522869714],[-79.1423454222939,36.1648632077828],[-79.1423477565221,36.1648740385202],[-79.1423498540537,36.1648848884582],[-79.1423510470512,36.1648958268652],[-79.1423518644523,36.164906799955],[-79.1423526273975,36.1649177749104],[-79.1423530236263,36.1649287782297],[-79.1423543888476,36.1649396903012],[-79.1423564475652,36.1649505871468],[-79.1423590662793,36.1649613950226],[-79.1423626514723,36.1649719467317],[-79.1423676808354,36.1649821191541],[-79.1423734556329,36.1649921068624],[-79.1423790038071,36.1650021534125],[-79.1423844497837,36.1650122289201],[-79.1423888459954,36.1650225994429],[-79.1423922457627,36.1650332495985],[-79.1423950566505,36.1650439959672],[-79.1423973919973,36.1650548239979],[-79.142400198444,36.165065572174],[-79.1424031759983,36.1650762913122],[-79.1424061946645,36.165087004094],[-79.1424091555556,36.1650977268562],[-79.142412046457,36.1651084659214],[-79.1424144929048,36.1651192685884],[-79.1424161648706,36.1651301703881],[-79.142417646828,36.1651410967414],[-79.1424193299168,36.1651520030341],[-79.1424209796701,36.1651629129704],[-79.1424222793645,36.1651738440416],[-79.1424224145457,36.1651849179575],[-79.142422775193,36.1651959059961],[-79.1424265978252,36.1652062186054],[-79.1424325993081,36.1652161681953],[-79.142436164574,36.1652267523679],[-79.1424392955018,36.1652374641164],[-79.1424428474707,36.1652480699332],[-79.1424469793595,36.1652585389923],[-79.1424514778463,36.1652689111952],[-79.1424565172739,36.1652791016251],[-79.1424625186335,36.1652889764129],[-79.1424665249446,36.1652994501234],[-79.1424696370299,36.1653101871266],[-79.1424744730505,36.1653203651753],[-79.1424814095593,36.1653298603655],[-79.1424870043605,36.1653398563873],[-79.1424917394822,36.1653501679318],[-79.1424957891583,36.1653606488002],[-79.1424995155595,36.1653712129561],[-79.1425030997687,36.1653818160294],[-79.1425066917539,36.1653924163899],[-79.1425104448177,36.1654029724033],[-79.1425146166959,36.1654134197839],[-79.1425196117428,36.165423643607],[-79.1425253876448,36.1654335988614],[-79.1425311146187,36.1654435388518],[-79.1425348731989,36.1654540687228],[-79.1425382718636,36.1654647026518],[-79.1425414994614,36.1654753881489],[-79.142544748174,36.1654860718188],[-79.1425482090729,36.1654967011689],[-79.1425520832359,36.1655072254973],[-79.1425563928932,36.1655176456792],[-79.1425609269533,36.1655280061198],[-79.1425654654619,36.1655383674561],[-79.1425701239539,36.1655486998138],[-79.1425753311348,36.1655588314635],[-79.1425814124261,36.1655686349557],[-79.1425879979737,36.1655782513096],[-79.1425944646869,36.165587916467],[-79.1426002538943,36.1655978419617],[-79.1426055233155,36.1656079699326],[-79.1426108849252,36.1656180635499],[-79.1426167374608,36.1656279736493],[-79.1426225999958,36.1656378810331],[-79.1426284447622,36.1656477956471],[-79.1426342195551,36.165657735576],[-79.1426398010866,36.1656677460243],[-79.1426451904743,36.1656778305954],[-79.142650364375,36.165687987514],[-79.142655320566,36.1656982167829],[-79.1426601934892,36.1657084957152],[-79.1426645187137,36.1657189059609],[-79.1426679162602,36.1657295200598],[-79.1426707505585,36.1657402717989],[-79.142673154882,36.1657511060491],[-79.142675220273,36.165761969533],[-79.1426762600773,36.1657729793068],[-79.1426767587398,36.1657840582032],[-79.1426783861862,36.1657948969633],[-79.1426823479036,36.1658052634724],[-79.1426878550385,36.1658153037444],[-79.1426939176955,36.1658252352235],[-79.1426995637598,36.1658352744318],[-79.1427044399801,36.1658455245191],[-79.142709009621,36.1658558722942],[-79.1427131072348,36.1658664053675],[-79.1427170926548,36.1658769719161],[-79.1427225407065,36.1658869068136],[-79.1427304175699,36.1658957799573],[-79.1427391851433,36.1659042825658],[-79.1427470677081,36.1659132350081],[-79.1427544317532,36.1659224782443],[-79.1427612027748,36.165931990732],[-79.142767052003,36.1659418927159],[-79.1427724159149,36.1659520070498],[-79.1427781985051,36.1659619343446],[-79.1427850040717,36.1659714945548],[-79.1427934105829,36.1659800750843],[-79.1428026954113,36.1659881904655],[-79.142812637239,36.1659957598475],[-79.1428235439394,36.166002161036],[-79.142835105106,36.1660078413931],[-79.1428470191051,36.1660131815811],[-79.1428592158464,36.1660181420287],[-79.1428716241265,36.1660226822643],[-79.1428841749694,36.1660267645175],[-79.1428971252103,36.1660298162201],[-79.1429105891433,36.1660317345008],[-79.1429241050292,36.1660334923039],[-79.1429372089193,36.1660360697864],[-79.142949439066,36.166040434486],[-79.1429608430164,36.1660464484625],[-79.1429719688517,36.1660529422063],[-79.1429830355301,36.1660592936271],[-79.1429939358179,36.1660658263844],[-79.1430052509091,36.1660718674967],[-79.1430166868945,36.1660777660756],[-79.1430280774364,36.1660837340996],[-79.1430392228508,36.166089981784],[-79.1430493753194,36.1660972327732],[-79.1430592448849,36.1661047706769],[-79.1430690878308,36.1661123383508],[-79.1430790794761,36.1661197742735],[-79.1430892564371,36.1661270441561],[-79.1431001943855,36.1661334948496],[-79.1431115361187,36.1661395079833],[-79.1431229810242,36.1661454128501],[-79.1431342784078,36.1661514846122],[-79.1431450899871,36.1661581192961],[-79.1431558294519,36.1661648252592],[-79.1431673430245,36.1661705903539],[-79.1431793323664,36.1661757727095],[-79.1431908215052,36.1661815459414],[-79.1432014122778,36.1661883827497],[-79.143211734657,36.1661955407018],[-79.1432222655555,36.1662024559835],[-79.1432328297395,36.1662093378807],[-79.143243395035,36.1662162188744],[-79.143252547424,36.1662241928857],[-79.143260472257,36.1662331146032],[-79.143268474818,36.1662419947736],[-79.1432772657218,36.1662504387364],[-79.1432856967853,36.1662590300169],[-79.1432920613356,36.1662686673167],[-79.1432968845016,36.1662790255859],[-79.1433002210376,36.1662896460446],[-79.1433022842961,36.1663005050118],[-79.1433036986846,36.1663114800933],[-79.1433045818445,36.1663224756232],[-79.1433047848854,36.1663335152073],[-79.1433081534653,36.166344028384],[-79.1433133042391,36.1663542339642],[-79.1433185094904,36.1663644484924],[-79.1433223359675,36.1663749521205],[-79.1433250115181,36.1663857472855],[-79.1433268659567,36.1663966758894],[-79.1433279757422,36.1664076089699],[-79.1433277264318,36.1664186481819],[-79.1433258530126,36.1664295180653],[-79.14332238977,36.1664401239529],[-79.1433181238421,36.166450601907],[-79.1433137688717,36.1664610087696],[-79.1433091236684,36.1664713330604],[-79.143304370597,36.1664816250336],[-79.143299646449,36.1664919322934],[-79.1432942372215,36.1665019961269],[-79.1432882363296,36.1665118470659],[-79.1432821042034,36.1665216512952],[-79.1432762011837,36.166531540871],[-79.1432709421115,36.1665416703159],[-79.1432652103638,36.1665516236765],[-79.1432592050172,36.1665614737179],[-79.1432531674183,36.1665713129821],[-79.1432472110168,36.1665811881993],[-79.1432405905625,36.1665907694976],[-79.1432336464368,36.1666002150915],[-79.1432263251768,36.1666094610576],[-79.143218602286,36.1666184821906],[-79.143210668017,36.1666273891166],[-79.1432026091452,36.1666362285972],[-79.1431945135525,36.1666450446886],[-79.1431864880603,36.1666539066593],[-79.1431785104319,36.166662810029],[-79.1431702301174,36.1666715037703],[-79.1431613010131,36.1666797368501],[-79.143151750951,36.1666875353711],[-79.14314192711,36.1666951296368],[-79.1431320108318,36.1667026194695],[-79.1431218162776,36.1667098762132],[-79.1431120717484,36.1667176983898],[-79.1431015183961,36.1667244427629],[-79.1430893852606,36.1667290720398],[-79.1430765391076,36.1667327477675],[-79.1430636473268,36.1667363911038],[-79.1430512215782,36.1667408512913],[-79.143038842568,36.1667453447677],[-79.1430258084539,36.166748325877],[-79.1430122991453,36.1667497133],[-79.1429989122542,36.1667486880399],[-79.1429856990002,36.1667459277468],[-79.1429727970077,36.1667425740927],[-79.1429599679807,36.1667390004569],[-79.1429470181922,36.1667356432511],[-79.1429346279155,36.1667312913563],[-79.1429226785455,36.1667261242519],[-79.1429109275147,36.1667206135538],[-79.1428993616587,36.1667148566082],[-79.1428880498419,36.1667088281009],[-79.1428771184145,36.1667023287171],[-79.1428662313393,36.1666957688994],[-79.1428546474431,36.166689863271],[-79.1428446762526,36.1666827084854],[-79.1428373676802,36.1666734543785],[-79.1428301522319,36.1666640658823],[-79.1428219187319,36.1666553175309],[-79.1428127883542,36.1666472245036],[-79.1428025281322,36.1666400322009],[-79.142792298834,36.1666327281111],[-79.1427819616772,36.1666253953076],[-79.1427739229722,36.166616807141],[-79.1427682493426,36.1666069283871],[-79.14276358726,36.1665965005177],[-79.142758988513,36.1665860626609],[-79.1427540344643,36.166575826188],[-79.1427493925735,36.1665655010323],[-79.142745816048,36.1665548916543],[-79.1427431249102,36.1665440406208],[-79.1427389387108,36.1665337149332],[-79.1427314380617,36.1665245601765],[-79.1427241561064,36.1665152582671],[-79.1427186933508,36.1665052035286],[-79.142713621521,36.1664949789067],[-79.1427080199556,36.1664849901179],[-79.1427009913159,36.1664756329379],[-79.1426931619543,36.1664666263601],[-79.1426858711731,36.1664573560008],[-79.1426789601443,36.1664478824263],[-79.142671950313,36.1664384729523],[-79.1426643997809,36.1664293831363],[-79.1426556545977,36.166420999458],[-79.1426464531188,36.1664128992907],[-79.1426371417617,36.1664048848655],[-79.1426277549216,36.1663969227977],[-79.1426189498481,36.1663886067773],[-79.1426113038649,36.1663795855609],[-79.1426044750209,36.166370068628],[-79.142597607304,36.1663605661594],[-79.1425898879857,36.1663515531379],[-79.1425813903343,36.1663429808129],[-79.1425728449586,36.1663344454924],[-79.1425643584109,36.1663258650423],[-79.1425557530949,36.166317371246],[-79.142546862534,36.1663090985777],[-79.1425366944425,36.166301801604],[-79.1425276829912,36.1662936714661],[-79.1425198880939,36.1662846495159],[-79.1425107022889,36.1662765970837],[-79.1425009281724,36.1662689662006],[-79.1424912106802,36.1662613010049],[-79.1424813211909,36.1662537901155],[-79.142471002272,36.1662466708501],[-79.1424603659947,36.166239839439],[-79.1424499716505,36.1662328040722],[-79.142440786922,36.1662247245971],[-79.142431333671,36.1662168950688],[-79.1424206863568,36.1662101033203],[-79.1424097228162,36.1662036111404],[-79.1423987548906,36.1661971523094],[-79.1423876039572,36.1661909063758],[-79.1423761879692,36.1661849860863],[-79.1423645778972,36.166179300336],[-79.1423527195455,36.1661739987886],[-79.1423404367004,36.1661693664315],[-79.1423279665685,36.1661650416035],[-79.1423155651203,36.1661605887226],[-79.142303103873,36.1661562584744],[-79.1422904267665,36.1661524196353],[-79.1422774595771,36.1661492092754],[-79.1422643375532,36.1661464316748],[-79.1422510731417,36.1661442120872],[-79.14223774794,36.1661421836254],[-79.1422245353865,36.1661397485855],[-79.1422113725249,36.1661371305409],[-79.1421982682626,36.1661343384932],[-79.1421852104218,36.166131399493],[-79.1421721724842,36.1661284018896],[-79.1421590659,36.166125552163],[-79.1421460268577,36.1661225572618],[-79.1421337674439,36.1661179654111],[-79.1421218258548,36.1661127180105],[-79.1421097934403,36.1661076464502],[-79.1420976834772,36.1661027164686],[-79.1420855757304,36.1660977819772],[-79.1420734713114,36.1660928429747],[-79.1420613657841,36.1660879048735],[-79.1420492547202,36.166082977592],[-79.1420371491975,36.1660780403896],[-79.1420250614066,36.1660730734254],[-79.1420129758321,36.1660681019514],[-79.1420009368166,36.1660630610291],[-79.1419890263818,36.1660578234927],[-79.141977241206,36.1660523965557],[-79.14196532412,36.1660471671355],[-79.1419532784533,36.1660421325246],[-79.1419411407747,36.1660372313983],[-79.1419289354753,36.1660324294823],[-79.1419164200899,36.1660282587715],[-79.1419036677119,36.1660245713827],[-79.1418908101212,36.1660210949978],[-79.1418779038067,36.1660177196034],[-79.1418650041428,36.1660143333854],[-79.1418520180174,36.1660110770405],[-79.141839023054,36.1660078504443],[-79.1418271663134,36.1660027984791],[-79.1418163469106,36.1659960654555],[-79.141804806814,36.165990316486],[-79.1417929795311,36.1659849490597],[-79.1417811433711,36.1659795888523],[-79.1417694757479,36.1659740004424],[-79.1417579456148,36.1659682253218],[-79.1417465629792,36.1659622661823],[-79.141735285696,36.1659561735408],[-79.1417240294841,36.1659500538374],[-79.1417127366713,36.1659439765323],[-79.1417014759837,36.1659378379066],[-79.141689878273,36.1659321818175],[-79.1416775887154,36.1659274818104],[-79.1416650785406,36.165923097481],[-79.1416530807152,36.1659180699947],[-79.1416420154993,36.1659118473248],[-79.1416313883136,36.1659050644957],[-79.1416210261721,36.16589794701],[-79.1416107827046,36.1658906869952],[-79.1416005115373,36.1658834747755],[-79.1415902238067,36.1658763229552],[-79.1415801002978,36.1658690168372],[-79.1415699279593,36.1658617513292],[-79.1415596457437,36.1658545724635],[-79.1415494856124,36.1658472943228],[-79.1415396984019,36.165839720153],[-79.141530551587,36.1658316342561],[-79.1415218520538,36.1658231927645],[-79.141513183609,36.165814732311],[-79.1415047482737,36.1658061057648],[-79.1414953994768,36.1657981850199],[-79.1414855356224,36.1657906298598],[-79.1414753366424,36.1657833724854],[-79.1414647127888,36.1657765707122],[-79.1414535142233,36.1657703409693],[-79.141442066031,36.1657643629514],[-79.1414307954022,36.165758233324],[-79.1414201284223,36.1657515523589],[-79.1414104278776,36.165743950141],[-79.1414015473501,36.165735591761],[-79.1413931397082,36.1657269011888],[-79.1413854350435,36.1657178934794],[-79.1413785719655,36.1657083873297],[-79.1413703476378,36.165699653286],[-79.1413618057757,36.1656911079614],[-79.1413551248732,36.1656815430213],[-79.1413493700602,36.16567149937],[-79.1413409741129,36.165663132315],[-79.1413305287761,36.16565607438],[-79.1413198347625,36.1656491762454]]]},"properties":{"FID":5,"AREA_":7067509.5401,"PERIMETER":35133.58931,"PARCELS_":3597,"PARCELS_ID":3596,"CREATION":"08/04/1967","SIZE":"A156.57","OWNER":"ORANGE COUNTY","PIN":"9857642370","TMBL":"2.45..5","DESC_":"LAKE ORANGE P16/12","DEEDREF":"212/362","PLAT_BKPG":" ","NAME":"Lake Orange","TYPE":"Parkland & open space","CATEGORY_1":"Water & othr utiliti","Acres":162.24769375,"GlobalID":"{DF5E7EA1-D1EE-4035-9D8F-D65968CFA79D}","Acquired":-76032000000,"Year":"1967","Shape__Area":1009219.890625,"Shape__Length":13281.510025295511}},{"type":"Feature","id":6,"geometry":{"type":"Polygon","coordinates":[[[-79.1883978090396,36.0902361167909],[-79.1881287111986,36.0902735007912],[-79.1881640904579,36.0895242324816],[-79.188185593026,36.0890688529029],[-79.1884038921688,36.089071473789],[-79.1884171122009,36.0890738381068],[-79.188424203413,36.0890749564369],[-79.1884313188152,36.0890759728891],[-79.1884384539701,36.0890768892728],[-79.1884456088758,36.0890777046866],[-79.1884527790885,36.0890784182363],[-79.1884529478977,36.089078432396],[-79.1884599646103,36.0890790308229],[-79.1884671609955,36.0890795406509],[-79.1884743682463,36.0890799486215],[-79.1884815830316,36.0890802547398],[-79.1884888031283,36.0890804581082],[-79.1884960263179,36.089080559631],[-79.1885032503775,36.0890805584107],[-79.1885104741988,36.0890804553501],[-79.1885176933384,36.0890802495548],[-79.1885245673831,36.0890796675724],[-79.1885105017898,36.089244591992],[-79.188640498918,36.0895136624654],[-79.188939483338,36.0894138959401],[-79.1892782626656,36.0893008504024],[-79.1895869858085,36.0891978335587],[-79.1896207079392,36.0891865806594],[-79.1896388464143,36.089211826033],[-79.1897975685197,36.0891609634338],[-79.1901648178157,36.0890432776154],[-79.1901665622335,36.0896294806706],[-79.1901678001473,36.0900452967415],[-79.1901267313687,36.0900480489912],[-79.1900476244754,36.0899365217541],[-79.1898674497697,36.0901066980482],[-79.1895694479567,36.0901230302471],[-79.1891048684113,36.090128935184],[-79.1890625551697,36.0901294728499],[-79.1886456596181,36.0901480719983],[-79.1883978090396,36.0902361167909]]]},"properties":{"FID":6,"AREA_":192654.42911,"PERIMETER":2223.04363,"PARCELS_":11115,"PARCELS_ID":11114,"CREATION":"05/24/2001","SIZE":"A4.60","OWNER":"ORANGE COUNTY","PIN":"9845411600","TMBL":"3.31B..46","DESC_":"#B PH 1 RICHMOND HLS P88/43","DEEDREF":"2269/36","PLAT_BKPG":"88/43","NAME":"Richmond Hills subdivision","TYPE":"Parkland & open space","CATEGORY_1":"Rec & open space","Acres":4.42273712,"GlobalID":"{62C4100B-3392-41A8-B31C-C9C5A93982ED}","Acquired":990662400000,"Year":"2001","Shape__Area":27466.296875,"Shape__Length":839.40983328526022}},{"type":"Feature","id":7,"geometry":{"type":"Polygon","coordinates":[[[-79.15159678276,36.0882724191859],[-79.1508466688848,36.0880661820902],[-79.1492800568487,36.0897037897187],[-79.1476063892359,36.0887009337563],[-79.146913775689,36.0878708960333],[-79.1480671349324,36.0869042301817],[-79.1484946393438,36.0862654122893],[-79.1482504652635,36.0860871906324],[-79.1466300740263,36.0870453114523],[-79.1458504761283,36.0855608042726],[-79.1449690568011,36.0839083411266],[-79.1451836976476,36.0839270585523],[-79.145525533556,36.0839564302055],[-79.145874033542,36.0839660746773],[-79.1461767742524,36.0839723039783],[-79.1465180790883,36.0839755302596],[-79.1468621959628,36.0839694126389],[-79.1471859989706,36.0839664413039],[-79.1475618750723,36.0839611216424],[-79.1478944436486,36.0839598682398],[-79.1482251144097,36.0839475832261],[-79.1485428733001,36.0839412557929],[-79.1488892110566,36.0839186253219],[-79.1492207187068,36.0838925728254],[-79.1495622454927,36.0838581625753],[-79.1498946941198,36.0838278829774],[-79.150237929046,36.0837815380997],[-79.1505608679612,36.0837366880734],[-79.15089196146,36.0836881897178],[-79.1512028693089,36.0836319377016],[-79.1515565301243,36.0835611768916],[-79.1516927155581,36.0835300701965],[-79.1516524243688,36.0855536608437],[-79.15159678276,36.0882724191859]]]},"properties":{"FID":7,"AREA_":2754757.47607,"PERIMETER":8383.38135,"PARCELS_":11258,"PARCELS_ID":11257,"CREATION":"03/31/2000","SIZE":"A62.652","OWNER":"ORANGE COUNTY","PIN":"9855508167","TMBL":"3.41..14","DESC_":"#1 DUKE UNIVERSITY PROP","DEEDREF":"2060/424","PLAT_BKPG":" ","NAME":"McGowan Creek Preserve","TYPE":"Parkland & open space","CATEGORY_1":"Open space","Acres":63.24052975,"GlobalID":"{FA166F0D-C094-4309-BA74-D41B9E2C7505}","Acquired":954460800000,"Year":"2000","Shape__Area":392704.6953125,"Shape__Length":3165.7479259638035}},{"type":"Feature","id":8,"geometry":{"type":"Polygon","coordinates":[[[-79.180529501815,36.0879011980881],[-79.1797841278896,36.0878799741172],[-79.1798060521785,36.0862640474507],[-79.1808499922128,36.0873557151472],[-79.1822060289581,36.0874901287415],[-79.1821584454262,36.0879475570392],[-79.1821545678402,36.0879474546655],[-79.180529501815,36.0879011980881]]]},"properties":{"FID":8,"AREA_":196540.74129,"PERIMETER":2364.12002,"PARCELS_":11676,"PARCELS_ID":11675,"CREATION":"12/27/2002","SIZE":"A4.46","OWNER":"ORANGE COUNTY","PIN":"9845605863","TMBL":"3.31C..63","DESC_":"#A PH 1-2 ASHWICK P91/124","DEEDREF":"2836/329","PLAT_BKPG":"91/124","NAME":"Ashwick subdivision","TYPE":"Parkland & open space","CATEGORY_1":"Rec & open space","Acres":4.51195457,"GlobalID":"{D9042A21-B6EF-4D2C-A009-5D01C326E1AE}","Acquired":1040947200000,"Year":"2002","Shape__Area":28018.8046875,"Shape__Length":892.44692937354159}},{"type":"Feature","id":9,"geometry":{"type":"Polygon","coordinates":[[[-79.1916763492315,36.0852059662485],[-79.1909212966287,36.0851975256397],[-79.1909158604672,36.0844973948646],[-79.1917824817011,36.0845069836156],[-79.1917822040236,36.0843007499802],[-79.1917839545072,36.0843056860453],[-79.1917858368194,36.0843109634746],[-79.1917877280099,36.0843162390875],[-79.191789629187,36.0843215119811],[-79.1917915392402,36.0843267821568],[-79.1917934592821,36.0843320505144],[-79.1917953882024,36.0843373170556],[-79.1917973271092,36.0843425808773],[-79.1917992760024,36.0843478419796],[-79.1918012337741,36.0843531012655],[-79.1918032015323,36.0843583578318],[-79.1918051781688,36.0843636125818],[-79.1918071647919,36.0843688646123],[-79.1918091614016,36.0843741139234],[-79.1918111668895,36.084379361418],[-79.1918131812558,36.0843846070962],[-79.1918152056066,36.0843898491537],[-79.191817239946,36.084395089393],[-79.1918192831616,36.0844003269146],[-79.191821336366,36.084405562618],[-79.1918233984444,36.0844107947025],[-79.1918254705137,36.08441602587],[-79.191827551457,36.0844212534186],[-79.1918296423869,36.0844264782477],[-79.1918317421951,36.0844317012604],[-79.19183385199,36.0844369215536],[-79.1918359706632,36.0844421400304],[-79.1918380993208,36.0844473548865],[-79.1918402368568,36.0844525679261],[-79.1918423843794,36.0844577782463],[-79.1918448132561,36.0844636424273],[-79.191987552738,36.0848446972281],[-79.1917828482277,36.0847804020236],[-79.191672041517,36.0847556698988],[-79.1916763492315,36.0852059662485]]]},"properties":{"FID":9,"AREA_":65257.52897,"PERIMETER":1279.03919,"PARCELS_":12444,"PARCELS_ID":12443,"CREATION":"09/18/1995","SIZE":"A1.5","OWNER":"ORANGE COUNTY","PIN":"9844393736","TMBL":"3.31.A.37","DESC_":"TR A ORANGE COUNTY P74/126","DEEDREF":"1390/539","PLAT_BKPG":" ","NAME":"Efland-Cheeks Community Park","TYPE":"Parkland & open space","CATEGORY_1":"Existing park","Acres":1.49810672,"GlobalID":"{568A6C47-18F6-492E-90D5-1C3E09DD42AC}","Acquired":811382400000,"Year":"1995","Shape__Area":9302.50390625,"Shape__Length":483.00396523980464}},{"type":"Feature","id":10,"geometry":{"type":"Polygon","coordinates":[[[-79.1620391500084,36.0691556674304],[-79.1619810909828,36.0663559419982],[-79.1598360939565,36.0663515377603],[-79.1597327286227,36.0639457658294],[-79.1606095948709,36.063751702749],[-79.1609626118486,36.0641400232974],[-79.161001811065,36.0644805521718],[-79.1610019624353,36.0644818668958],[-79.1610324022385,36.064694936305],[-79.1610878081634,36.0649164102955],[-79.1610413875815,36.065166965634],[-79.1610429306518,36.0654981267892],[-79.1614411125782,36.0651353030235],[-79.1616410125879,36.0649049390945],[-79.1622013417722,36.064575559057],[-79.1626424014333,36.0644693340532],[-79.1621169124833,36.0649771561081],[-79.1619625365058,36.0652606080949],[-79.1659459996066,36.0651809034432],[-79.1667328064512,36.0650943666231],[-79.1667350519705,36.065094323906],[-79.1670483199855,36.0658680506305],[-79.1685501516991,36.0659321412243],[-79.1682535352875,36.0665580103674],[-79.1682474998573,36.0665702206833],[-79.1682425237027,36.0665804386822],[-79.1682376053093,36.0665906755276],[-79.1682327468972,36.0666009312165],[-79.1682279462462,36.0666112057519],[-79.1682232044627,36.0666214973297],[-79.1682185226588,36.0666318068498],[-79.1682138997242,36.0666421343136],[-79.1682093356572,36.06665247882],[-79.1682048304577,36.0666628403689],[-79.168200385236,36.0666732189588],[-79.1681959999919,36.0666836145899],[-79.1681916747236,36.0666940263605],[-79.1681874083211,36.0667044542726],[-79.1681832018944,36.0667148983244],[-79.1681790554436,36.066725358516],[-79.1681749689669,36.0667358339462],[-79.1681709424641,36.0667463246148],[-79.1681669759355,36.0667568305222],[-79.168163070489,36.0667673507653],[-79.1681592250168,36.0667778862469],[-79.1681554395167,36.0667884360659],[-79.1681547178106,36.0667904846961],[-79.1681152801892,36.0667860083492],[-79.1676729722295,36.0666683610263],[-79.1672195402076,36.0667228217105],[-79.1663568044269,36.0671719571154],[-79.1660337284475,36.0678229463765],[-79.1660315842263,36.0678220849909],[-79.1652372555192,36.0675029077558],[-79.1650811421853,36.0675448653674],[-79.1649219311359,36.0677683321104],[-79.1647507385224,36.0681820547906],[-79.1648203435675,36.0685477344133],[-79.1649178353534,36.0690412039525],[-79.1645284745934,36.0691901081641],[-79.1641107437482,36.0694730593622],[-79.163780795417,36.0694980039879],[-79.1633631091716,36.0692831257479],[-79.1631280087834,36.0692250829224],[-79.1628194026903,36.0691488908801],[-79.1623732636831,36.0691472688813],[-79.1620391500084,36.0691556674304]]]},"properties":{"FID":10,"AREA_":2350268.28223,"PERIMETER":9588.59736,"PARCELS_":15840,"PARCELS_ID":15839,"CREATION":"01/01/1980","SIZE":"A53.76","OWNER":"ORANGE COUNTY","PIN":"9854135079","TMBL":"3.45..11A","DESC_":"S/O OLD HWY 10 (SR 1144)","DEEDREF":"243/827","PLAT_BKPG":" ","NAME":"Seven Mile Creek Preserve","TYPE":"Parkland & open space","CATEGORY_1":"Open space","Acres":53.95473558,"GlobalID":"{663D4FC9-5035-49EB-B4C8-D97B79AB3BF1}","Acquired":110419200000,"Year":"1973","Shape__Area":334881.65625,"Shape__Length":3619.1487384602583}},{"type":"Feature","id":11,"geometry":{"type":"Polygon","coordinates":[[[-79.1529216045837,36.0679772698973],[-79.1530804673611,36.067833254408],[-79.1531972764779,36.067587537751],[-79.1532469832165,36.0674888293119],[-79.1534156616577,36.0671306652944],[-79.153346612318,36.0670548766933],[-79.1532609296046,36.0669608324798],[-79.1531545637506,36.0668419090056],[-79.1529863531394,36.0666538388144],[-79.1530718009194,36.0664304817209],[-79.1531695078948,36.0663001216844],[-79.1565645716881,36.0663447484393],[-79.1565673776543,36.0671874656382],[-79.1563951878621,36.0671259288458],[-79.1560129089404,36.06682377971],[-79.1560998697034,36.0665135156538],[-79.1560065058187,36.0663677190131],[-79.1558037315274,36.0664737373289],[-79.1554257310351,36.0666375346273],[-79.1551533939401,36.0670742750655],[-79.1549103396673,36.0674930428727],[-79.1545966255305,36.0678679176617],[-79.1543416897885,36.0679762912947],[-79.1529216045837,36.0679772698973]]]},"properties":{"FID":11,"AREA_":389955.72026,"PERIMETER":3614.03585,"PARCELS_":16014,"PARCELS_ID":16013,"CREATION":"01/01/1980","SIZE":"A8.93","OWNER":"ORANGE COUNTY","PIN":"9854433350","TMBL":"3.46..10B","DESC_":"S/O SR 1144","DEEDREF":"255/1117","PLAT_BKPG":" ","NAME":"Seven Mile Creek Preserve","TYPE":"Parkland & open space","CATEGORY_1":"Open space","Acres":8.95215152,"GlobalID":"{F7AD0E36-C05E-4651-81E7-20B9339A8B8B}","Acquired":168825600000,"Year":"1975","Shape__Area":55564.33203125,"Shape__Length":1363.7804819085275}},{"type":"Feature","id":12,"geometry":{"type":"Polygon","coordinates":[[[-79.1596977529242,36.0633183162007],[-79.1596720625394,36.0625533757373],[-79.1596718431331,36.0625485218892],[-79.1597325582744,36.0625278922695],[-79.160296589558,36.0622348497041],[-79.1607821471374,36.0620760949255],[-79.1606658418733,36.0625534085951],[-79.160508776651,36.0627647814646],[-79.1598551513685,36.0631518911401],[-79.1596977529242,36.0633183162007]]]},"properties":{"FID":12,"AREA_":71209.16837,"PERIMETER":1234.92734,"PARCELS_":16322,"PARCELS_ID":16321,"CREATION":"01/01/1980","SIZE":"A53.76","OWNER":"ORANGE COUNTY","PIN":"9854135079","TMBL":"3.45..11A","DESC_":"S/O OLD HWY 10 (SR 1144)","DEEDREF":"243/827","PLAT_BKPG":" ","NAME":"Seven Mile Creek Preserve","TYPE":"Parkland & open space","CATEGORY_1":"Open space","Acres":1.63473756,"GlobalID":"{1291DED9-0E05-48ED-8E40-62C203D5462D}","Acquired":110419200000,"Year":"1973","Shape__Area":10145.3203125,"Shape__Length":466.31736744649163}},{"type":"Feature","id":13,"geometry":{"type":"Polygon","coordinates":[[[-79.1694427980148,36.0629191836494],[-79.1689005287423,36.0628984481616],[-79.1657815330858,36.0628469901105],[-79.1658253256692,36.061527598024],[-79.1658315611654,36.0613542123226],[-79.1658588725508,36.0605947964265],[-79.1688957480722,36.0606281606306],[-79.1713292570975,36.0606490552412],[-79.1705240130647,36.0614885329353],[-79.1705005570062,36.0615133013827],[-79.1704841217006,36.0615307626064],[-79.1704677408477,36.0615482570982],[-79.1704514133376,36.0615657848596],[-79.1704351391684,36.0615833449894],[-79.170418919452,36.0616009383872],[-79.1704027530765,36.0616185641534],[-79.1703866411519,36.0616362222865],[-79.1703705825701,36.0616539136893],[-79.1703545784374,36.0616716365578],[-79.1703386287556,36.0616893917931],[-79.1703227335247,36.0617071793955],[-79.1703068927449,36.0617249993648],[-79.1702911064142,36.0617428507999],[-79.1702753745326,36.0617607337007],[-79.170259698212,36.061778648967],[-79.1702440763406,36.0617965956991],[-79.1702285089164,36.0618145729959],[-79.1702129970534,36.0618325826581],[-79.1701975396376,36.061850622885],[-79.1701821377811,36.0618686945762],[-79.1701667914838,36.0618867977318],[-79.170151500742,36.0619049305493],[-79.1701362655594,36.0619230948312],[-79.1701210859361,36.0619412905775],[-79.1701059618684,36.0619595159858],[-79.1700908933581,36.0619777719572],[-79.1700758815153,36.0619960584904],[-79.170060925228,36.0620143746856],[-79.1700460244982,36.062032721444],[-79.1700311804341,36.062051097863],[-79.1700163930375,36.0620695048437],[-79.1700016623065,36.062087941485],[-79.1699869871293,36.0621064068871],[-79.1699723686198,36.0621249028511],[-79.169957806774,36.0621434275744],[-79.1699417219995,36.0621614235761],[-79.1699259721759,36.0621792956385],[-79.1699103701571,36.0621972540135],[-79.1698949170475,36.0622152959957],[-79.1697862965182,36.0623525947061],[-79.1696725837473,36.0625277204578],[-79.1695525226519,36.0626977078528],[-79.1694427980148,36.0629191836494]]]},"properties":{"FID":13,"AREA_":1093441.52297,"PERIMETER":4520.28467,"PARCELS_":16352,"PARCELS_ID":16351,"CREATION":"06/27/2001","SIZE":"A24.75","OWNER":"ORANGE COUNTY","PIN":"9854013318","TMBL":"3.45..14A","DESC_":"#1 ORANGE CO MAYES HILL TR","DEEDREF":"2295/361","PLAT_BKPG":" ","NAME":"Seven Mile Creek Preserve","TYPE":"Parkland & open space","CATEGORY_1":"Open space","Acres":25.10196333,"GlobalID":"{8B1E9404-65A5-43FE-8178-EB83A9E91663}","Acquired":993600000000,"Year":"2001","Shape__Area":155781.68359375,"Shape__Length":1704.9359295778}},{"type":"Feature","id":14,"geometry":{"type":"Polygon","coordinates":[[[-79.1486725274289,36.047196939424],[-79.1487740453284,36.0470193811372],[-79.1488596464129,36.0467710079135],[-79.1490974818507,36.0466213069031],[-79.1495146791186,36.0464379892129],[-79.1497236314332,36.0463474266741],[-79.1498958532388,36.0461961488233],[-79.1499678562718,36.0461266962123],[-79.1500625851866,36.0459475507788],[-79.1497494183843,36.0455725984536],[-79.1495640293705,36.0455182525425],[-79.1495328923672,36.0453320558697],[-79.1497355664564,36.0452745608439],[-79.1499438994322,36.045417808054],[-79.1502843070888,36.0454844281797],[-79.1503347422682,36.0454996595844],[-79.1502960468611,36.0471545083677],[-79.1486725274289,36.047196939424]]]},"properties":{"FID":14,"AREA_":162972.38773,"PERIMETER":2281.3045,"PARCELS_":18801,"PARCELS_ID":18800,"CREATION":"01/01/1980","SIZE":"A3.71","OWNER":"ORANGE COUNTY","PIN":"9853556643","TMBL":"3.51..12A","DESC_":"W/O SR 1135","DEEDREF":"244/274","PLAT_BKPG":" ","NAME":"Seven Mile Creek Preserve","TYPE":"Parkland & open space","CATEGORY_1":"Open space","Acres":3.74133121,"GlobalID":"{D28DAB2C-A9D3-42BD-8E6F-BD3479F26847}","Acquired":113011200000,"Year":"1973","Shape__Area":23209.78125,"Shape__Length":860.99179734110476}},{"type":"Feature","id":15,"geometry":{"type":"Polygon","coordinates":[[[-79.153367620709,36.0446236645619],[-79.1524173459543,36.0445981903948],[-79.1524600470272,36.0441363005832],[-79.1527032363556,36.0439165499035],[-79.1529895264815,36.0437247026829],[-79.1532501882065,36.0435107844737],[-79.1534755098315,36.0433363905506],[-79.1536198602672,36.0431034765948],[-79.1538331375814,36.0428938408213],[-79.1541868583317,36.0427604767594],[-79.1543741582759,36.0429689067263],[-79.1541561759599,36.0433457840076],[-79.1541217020131,36.0435118508138],[-79.1539517078781,36.0437270960304],[-79.1538249547484,36.0439589535311],[-79.1535763492341,36.0442048136541],[-79.15342650212,36.0444586200811],[-79.153367620709,36.0446236645619]]]},"properties":{"FID":15,"AREA_":172941.41513,"PERIMETER":1950.85345,"PARCELS_":19226,"PARCELS_ID":19225,"CREATION":"01/01/1980","SIZE":"A4.07","OWNER":"ORANGE COUNTY","PIN":"9853445626","TMBL":"3.57..2A","DESC_":"EXEMPT PROPERTY","DEEDREF":"244/272","PLAT_BKPG":" ","NAME":"Seven Mile Creek Preserve","TYPE":"Parkland & open space","CATEGORY_1":"Open space","Acres":3.97018859,"GlobalID":"{DC1981B1-8EF2-416B-9F91-A476027AAD50}","Acquired":112406400000,"Year":"1973","Shape__Area":24627.9140625,"Shape__Length":736.43821961691856}},{"type":"Feature","id":16,"geometry":{"type":"Polygon","coordinates":[[[-79.1427849235187,36.0209850513402],[-79.1427121689151,36.0200056201088],[-79.1435217463585,36.0195749285121],[-79.1435884143055,36.0195394610801],[-79.1437134163718,36.0194761290732],[-79.1440073848363,36.0195887539723],[-79.1438364009677,36.0197024472738],[-79.1438331700312,36.0197862381646],[-79.1435764722948,36.0197156338532],[-79.1432403597768,36.0199103908108],[-79.1431617214738,36.0199000111592],[-79.1430786519424,36.0200120546831],[-79.1428594831137,36.0201278642006],[-79.142810864702,36.0201232858211],[-79.1428626693896,36.0209683050852],[-79.1428584424679,36.0209683100268],[-79.1428550612338,36.0209684852202],[-79.1428512573091,36.0209686618088],[-79.1428478760751,36.020968837002],[-79.1428444951459,36.0209691843363],[-79.1428406915245,36.0209695321647],[-79.1428339296675,36.0209702277343],[-79.1428305490415,36.0209707463084],[-79.1428275911092,36.0209712652896],[-79.142824210788,36.0209719560048],[-79.1428208301618,36.0209724745786],[-79.1428178725327,36.0209731647997],[-79.1428149152083,36.0209740271621],[-79.1428119575791,36.0209747173829],[-79.1428090002546,36.0209755797451],[-79.1428001291906,36.0209786805515],[-79.1427967497801,36.0209798858875],[-79.1427908363464,36.0209822973739],[-79.1427849235187,36.0209850513402]]]},"properties":{"FID":16,"AREA_":32711.37892,"PERIMETER":1599.76422,"PARCELS_":21273,"PARCELS_ID":21272,"CREATION":"02/26/1992","SIZE":"A0.77","OWNER":"ORANGE COUNTY","PIN":"9852766123","TMBL":"6.4..12N","DESC_":"#10 BRITTANY CREEK P58/124","DEEDREF":"966/500","PLAT_BKPG":" ","NAME":"Brittany Creek subdivision","TYPE":"Parkland & open space","CATEGORY_1":"Rec & open space","Acres":0.75094992,"GlobalID":"{417A2E50-7E76-4006-8943-948C5A8F6703}","Acquired":699062400000,"Year":"1992","Shape__Area":4655.57421875,"Shape__Length":603.77810327540635}},{"type":"Feature","id":17,"geometry":{"type":"Polygon","coordinates":[[[-79.1794155893835,36.0203967066565],[-79.1794477636859,36.0193008032744],[-79.1798799820609,36.0192165464597],[-79.1814275052143,36.0192490907395],[-79.1817419106114,36.019255659713],[-79.1817036897056,36.019742316686],[-79.1808692529102,36.020068960482],[-79.1797333472495,36.0205018050034],[-79.1794155893835,36.0203967066565]]]},"properties":{"FID":17,"AREA_":227856.85094,"PERIMETER":2005.23602,"PARCELS_":21311,"PARCELS_ID":21310,"CREATION":"07/06/2000","SIZE":"A5.00","OWNER":"ORANGE COUNTY","PIN":"9842666125","TMBL":"6.3..73","DESC_":"OPEN SPACE BRADFORD RIDGE P86/5","DEEDREF":"2101/328","PLAT_BKPG":"86/5","NAME":"Bradford Ridge subdivision","TYPE":"Parkland & open space","CATEGORY_1":"Wildlife corridor","Acres":5.23087352,"GlobalID":"{C1A7A6A1-79A2-4714-94ED-8CE3A27629E4}","Acquired":962841600000,"Year":"2000","Shape__Area":32428.96484375,"Shape__Length":756.01272865024487}},{"type":"Feature","id":18,"geometry":{"type":"Polygon","coordinates":[[[-79.0624495334683,35.9999803052994],[-79.062415735633,35.9999916551694],[-79.0623840485764,36.000000255973],[-79.062369261104,36.0000040407555],[-79.0623371526494,36.000014187444],[-79.0623278575543,36.0000164246381],[-79.0622932161123,36.0000298352127],[-79.0622708250552,36.0000374010921],[-79.0622623763137,36.0000411826303],[-79.0622421002849,36.0000514945042],[-79.0622344963094,36.0000547609836],[-79.0622175953755,36.0000578600549],[-79.0622053447066,36.000063360449],[-79.0621895433583,35.9998497840943],[-79.0628515117451,35.999570435727],[-79.0628523744308,35.9995929265356],[-79.0628584338904,35.9997754328721],[-79.0628445010079,35.9997912357391],[-79.0628309805378,35.9997939897718],[-79.0628043576319,35.9997936609782],[-79.0627773153509,35.9997974521101],[-79.0627637964805,35.9998022664429],[-79.0627494324459,35.9998070821097],[-79.0627414059317,35.9998103479368],[-79.0627283139112,35.9998206562025],[-79.0627173343961,35.9998304487558],[-79.0627042429032,35.999841443788],[-79.0626941098805,35.9998529528283],[-79.0626839745865,35.999861542648],[-79.0626708813501,35.9998703061272],[-79.0626552534191,35.9998801010593],[-79.0626459591476,35.9998833675302],[-79.0626375104399,35.9998871490946],[-79.0626294835136,35.9998899002879],[-79.0626218786364,35.9998919653963],[-79.0626070919945,35.9998967803615],[-79.0625961073907,35.9999000476949],[-79.0625749832125,35.9999064115853],[-79.0625623092099,35.9999108820782],[-79.0625534379138,35.9999146647545],[-79.0625378090277,35.9999232573746],[-79.0625221814691,35.9999335669157],[-79.0625124676644,35.9999407829662],[-79.0624981065161,35.9999493749324],[-79.0624858570802,35.9999564210362],[-79.0624731850597,35.9999634673548],[-79.0624575562889,35.9999722321075],[-79.0624495334683,35.9999803052994]]]},"properties":{"FID":18,"AREA_":15634.81841,"PERIMETER":598.48245,"PARCELS_":22893,"PARCELS_ID":22892,"CREATION":"04/14/1989","SIZE":"A0.34","OWNER":"ORANGE COUNTY","PIN":"9881185871","TMBL":"7.14..6G","DESC_":"REC AREA THEODORE PARRISH","DEEDREF":"786/217","PLAT_BKPG":"52/783","NAME":"Parish subdivision","TYPE":"Parkland & open space","CATEGORY_1":"Rec & open space","Acres":0.35892604,"GlobalID":"{161B4E65-9F4C-4D1D-9232-851FAA47CA0F}","Acquired":608515200000,"Year":"1989","Shape__Area":2224.0625,"Shape__Length":225.65407930287518}},{"type":"Feature","id":19,"geometry":{"type":"Polygon","coordinates":[[[-79.0300051439512,35.9767038104755],[-79.0300939769054,35.976845891679],[-79.0302668416366,35.9773257094579],[-79.0300777095467,35.9774174758549],[-79.0300433061345,35.9774271541571],[-79.0300151144524,35.977350573913],[-79.030165904444,35.9773067093104],[-79.0300316188169,35.9769200706783],[-79.0299089277415,35.9767174280887],[-79.0300051439512,35.9767038104755]]]},"properties":{"FID":19,"AREA_":7778.29299,"PERIMETER":649.80076,"PARCELS_":24347,"PARCELS_ID":24346,"CREATION":"08/20/1993","SIZE":"A0.17","OWNER":"ORANGE COUNTY","PIN":"9891009481","TMBL":"7.16..72","DESC_":"G-2 WHITFIELD'S GLEN P61/153","DEEDREF":"1147/352","PLAT_BKPG":"61/153","NAME":"Whitfield's Glen subdivision","TYPE":"Parkland & open space","CATEGORY_1":"Rec & open space","Acres":0.17856503,"GlobalID":"{3D00C4EE-7AFD-41FE-99D0-D94C5D758A1E}","Acquired":745804800000,"Year":"1993","Shape__Area":1105.84765625,"Shape__Length":245.24778887111438}},{"type":"Feature","id":20,"geometry":{"type":"Polygon","coordinates":[[[-79.0295918704898,35.9757624733784],[-79.029509049484,35.9755510520689],[-79.0294775530782,35.9754699543234],[-79.0295252453867,35.975455990976],[-79.0296573699859,35.9757624565879],[-79.0298903744605,35.9763060567172],[-79.0299028171278,35.9763437118723],[-79.0299308324408,35.9765229750916],[-79.0298568076228,35.9765346837197],[-79.0298269237507,35.9763514354785],[-79.0298106155376,35.9763071036725],[-79.0295918704898,35.9757624733784]]]},"properties":{"FID":20,"AREA_":8035.12235,"PERIMETER":849.45562,"PARCELS_":24406,"PARCELS_ID":24405,"CREATION":"08/20/1993","SIZE":"A0.15","OWNER":"ORANGE COUNTY","PIN":"9891100094","TMBL":"7.16..71","DESC_":"G-1 WHITFIELD'S GLEN P61/153","DEEDREF":"1147/352","PLAT_BKPG":"61/153","NAME":"Whitfield's Glen subdivision","TYPE":"Parkland & open space","CATEGORY_1":"Rec & open space","Acres":0.18446102,"GlobalID":"{88809B10-B797-42CC-B84B-4C576F67CC17}","Acquired":745804800000,"Year":"1993","Shape__Area":1142.3359375,"Shape__Length":320.82036096647312}},{"type":"Feature","id":21,"geometry":{"type":"Polygon","coordinates":[[[-79.1392504350511,35.9662486897091],[-79.1392566172647,35.965468848567],[-79.1392608285104,35.9654755781665],[-79.1392847860658,35.9655008363944],[-79.1393207067771,35.965516814857],[-79.139355785781,35.965533937099],[-79.1393890750688,35.9655527882359],[-79.139421763523,35.9655723097045],[-79.1394536153204,35.9655926883404],[-79.1394845563504,35.9656140224692],[-79.1395150380584,35.9656357960405],[-79.1395456550778,35.9656575910802],[-79.1395748359932,35.9656804413558],[-79.1396002441894,35.9657058961446],[-79.1396222949841,35.965733705318],[-79.1396457290544,35.9657606647961],[-79.1396701410818,35.9657870373157],[-79.1396905233186,35.9658154567518],[-79.1397074672741,35.9658456232031],[-79.1397296148018,35.9658729094999],[-79.1397561065216,35.9658978628014],[-79.1397843624951,35.965921730733],[-79.1398129259513,35.9659451683928],[-79.1398421127725,35.9659681240458],[-79.1398722770123,35.9659901808923],[-79.1399038721872,35.9660107390575],[-79.1399373233549,35.9660294105007],[-79.1399707458174,35.9660481423537],[-79.1400024463547,35.9660686949645],[-79.1400339477097,35.9660894568934],[-79.1400679713707,35.9661076932245],[-79.1401020634376,35.9661257293824],[-79.1401309005087,35.9661483023201],[-79.1401545267843,35.9661753272699],[-79.1401790720975,35.9662016724922],[-79.1402092471853,35.9662234885983],[-79.1402419099838,35.9662432874679],[-79.1402718456063,35.9662606253489],[-79.1392504350511,35.9662486897091]]]},"properties":{"FID":21,"AREA_":42435.97236,"PERIMETER":1007.77475,"PARCELS_":25378,"PARCELS_ID":25377,"CREATION":"10/22/1992","SIZE":"A1.09","OWNER":"ORANGE COUNTY","PIN":"9850866544","TMBL":"7.22..1H","DESC_":"TR A MARION FOUSHEE P60/10","DEEDREF":"1042/205","PLAT_BKPG":" ","NAME":"Marion Foushee sudbivision (Tract A)","TYPE":"Parkland & open space","CATEGORY_1":"Open space","Acres":0.97419587,"GlobalID":"{90B9D298-7021-4944-889F-19790174C00A}","Acquired":719712000000,"Year":"1992","Shape__Area":6031.54296875,"Shape__Length":379.90802406036977}},{"type":"Feature","id":22,"geometry":{"type":"Polygon","coordinates":[[[-79.1392596752223,35.9647609973147],[-79.139367436611,35.9648655505472],[-79.1392606690608,35.9649578693345],[-79.1392596752223,35.9647609973147]]]},"properties":{"FID":22,"AREA_":1137.08914,"PERIMETER":167.44523,"PARCELS_":25599,"PARCELS_ID":25598,"CREATION":"10/22/1992","SIZE":"A0.02","OWNER":"ORANGE COUNTY","PIN":"9850867133","TMBL":"7.22..1J","DESC_":"TR B MARION FOUSHEE P60/10","DEEDREF":"1042/205","PLAT_BKPG":" ","NAME":"Marion Foushee sudbivision (Tract B)","TYPE":"Parkland & open space","CATEGORY_1":"Open space","Acres":0.02610397,"GlobalID":"{1E2B6FA2-2E74-4437-8510-2B94ED1C446F}","Acquired":719712000000,"Year":"1992","Shape__Area":161.61328125,"Shape__Length":63.196045474066729}},{"type":"Feature","id":23,"geometry":{"type":"Polygon","coordinates":[[[-79.1353168438727,35.9626896928514],[-79.1353554977935,35.9627097919486],[-79.135442184879,35.9627791597369],[-79.135504616079,35.9628212859757],[-79.1356140169741,35.9629189675642],[-79.1356516873986,35.9629441509108],[-79.1357271191909,35.9634183543326],[-79.1355259839426,35.963624772078],[-79.1353168438727,35.9626896928514]]]},"properties":{"FID":23,"AREA_":20158.8918,"PERIMETER":751.98845,"PARCELS_":25857,"PARCELS_ID":25856,"CREATION":"10/23/1992","SIZE":"A0.45","OWNER":"ORANGE COUNTY","PIN":"9850958524","TMBL":"7.22..1K","DESC_":"TR C MARION FOUSHEE P60/10","DEEDREF":"1042/205","PLAT_BKPG":" ","NAME":"Marion Foushee sudbivision (Tract C)","TYPE":"Parkland & open space","CATEGORY_1":"Open space","Acres":0.46278447,"GlobalID":"{3AE4DDF1-51D5-4C7E-9A0D-3E0B3A391A42}","Acquired":719798400000,"Year":"1992","Shape__Area":2865.03515625,"Shape__Length":283.91384842928051}},{"type":"Feature","id":24,"geometry":{"type":"Polygon","coordinates":[[[-79.0956360062757,35.9566030912622],[-79.0956327151081,35.9566228248297],[-79.0948403625749,35.9561325132464],[-79.0944498151756,35.9558840353025],[-79.0944368825536,35.9556610125914],[-79.0939227448614,35.9555434630285],[-79.0939320238573,35.9555334966576],[-79.0939391930116,35.9555242195919],[-79.0939455168658,35.9555144285408],[-79.093950573269,35.9555042941725],[-79.0939547845721,35.9554938170637],[-79.0939581509759,35.9554831693601],[-79.0939602501312,35.9554723513868],[-79.0939610820374,35.9554613622428],[-79.0939610692448,35.9554503737487],[-79.0939597894045,35.9554393862297],[-79.0939576650655,35.9554285706053],[-79.0939542738801,35.9554179281016],[-79.0944257327097,35.9555167971081],[-79.0943618991807,35.9547469634056],[-79.094389564964,35.9547473548105],[-79.0947786296823,35.9547528522953],[-79.0951331479653,35.9547578599264],[-79.0955104334551,35.9547631885057],[-79.0956819099461,35.9547656102969],[-79.0957658019239,35.9547667946105],[-79.0957649275681,35.954779164577],[-79.0956360062757,35.9566030912622]]]},"properties":{"FID":24,"AREA_":216736.90931,"PERIMETER":2246.70382,"PARCELS_":27453,"PARCELS_ID":27452,"CREATION":"05/31/1988","SIZE":"A5.03","OWNER":"ORANGE COUNTY","PIN":"9870149741","TMBL":"7.23E..6","DESC_":"TR E SEC 4 PH B FOX MEADOW","DEEDREF":"727/441","PLAT_BKPG":" ","NAME":"Fox Meadow subdivision","TYPE":"Parkland & open space","CATEGORY_1":"Rec & open space","Acres":4.97559479,"GlobalID":"{D5208724-6FD7-494F-9424-B1310B503B20}","Acquired":719625600000,"Year":"1992","Shape__Area":30797.46875,"Shape__Length":847.14398183015419}},{"type":"Feature","id":25,"geometry":{"type":"Polygon","coordinates":[[[-79.1433171351404,35.9460803672415],[-79.1432263296699,35.9460742936518],[-79.1432267498381,35.9460730917369],[-79.1424301922099,35.9460180633685],[-79.1427802114029,35.945265273116],[-79.1426011115982,35.9452392161003],[-79.142601954672,35.9452383561842],[-79.1426061703484,35.9452342305523],[-79.1426146010931,35.9452256358967],[-79.1426183938659,35.9452211673661],[-79.1426221863341,35.9452165266891],[-79.1426255562039,35.9452117152602],[-79.1426285037777,35.9452069043245],[-79.1426314510471,35.9452019212422],[-79.1426343980135,35.9451967669149],[-79.1426386027638,35.9451864602334],[-79.1426407048359,35.9451811356476],[-79.1426419623155,35.9451758111471],[-79.1426436420919,35.9451704870546],[-79.1426453118531,35.945159495649],[-79.1426457244391,35.9451540008903],[-79.1426461373294,35.945148678278],[-79.1426461276202,35.9451431840126],[-79.1426456956159,35.9451376902407],[-79.1426439870174,35.9451267036837],[-79.1426427104234,35.9451212108987],[-79.1426414341321,35.9451158893587],[-79.1426397355477,35.9451105692134],[-79.1426376149711,35.9451054208067],[-79.1426354940906,35.9451001002535],[-79.1426350705822,35.9450994139637],[-79.1429294773001,35.9451370095195],[-79.1433145160233,35.9446089272313],[-79.143547878316,35.9442788188036],[-79.1435499900751,35.9442789884673],[-79.1448699483091,35.944443437347],[-79.1448699516995,35.9444453264518],[-79.1448559413577,35.9460244176579],[-79.144854921451,35.9461842909101],[-79.1447459515938,35.9461753225209],[-79.1447312323672,35.9461742872633],[-79.1433171351404,35.9460803672415]]]},"properties":{"FID":25,"AREA_":374496.28148,"PERIMETER":2602.21603,"PARCELS_":30494,"PARCELS_ID":30493,"CREATION":"04/29/1988","SIZE":"A8.55","OWNER":"ORANGE COUNTY","PIN":"9759783914","TMBL":"6.21..7B","DESC_":"DEDICATED OPEN SPACE P50/29","DEEDREF":"721/422","PLAT_BKPG":"50/29","NAME":"Woodbrooke subdivision","TYPE":"Parkland & open space","CATEGORY_1":"Rec & open space","Acres":8.59725164,"GlobalID":"{1C61B823-48C4-4F63-B3F1-F81557AF1C42}","Acquired":578275200000,"Year":"1988","Shape__Area":53201.09765625,"Shape__Length":980.67597380069674}},{"type":"Feature","id":26,"geometry":{"type":"Polygon","coordinates":[[[-79.1265391991726,35.945754669805],[-79.1264242462496,35.9455473115462],[-79.1256769717063,35.9451301856542],[-79.1256188664218,35.9446991160475],[-79.1250070243927,35.9444667619033],[-79.1248202857796,35.9441398740506],[-79.1248379426129,35.9438162073439],[-79.125675080626,35.94319437412],[-79.1257295738255,35.9442721411166],[-79.1257361066656,35.9443988461536],[-79.1259925932316,35.9444976472358],[-79.126061715639,35.9449522272412],[-79.1265101597676,35.9451991706791],[-79.126790386049,35.9453537462361],[-79.1269665115339,35.9456390915246],[-79.1267334194903,35.9457132829092],[-79.1265391991726,35.945754669805]]]},"properties":{"FID":26,"AREA_":166179.70603,"PERIMETER":2493.43483,"PARCELS_":30608,"PARCELS_ID":30607,"CREATION":"05/24/1990","SIZE":"A2.60","OWNER":"ORANGE COUNTY","PIN":"9769287578","TMBL":"7.110..32","DESC_":"DEDICATED OPEN SPACE DURHAM","DEEDREF":"854/124","PLAT_BKPG":" ","NAME":"Durham Estates subdivision","TYPE":"Parkland & open space","CATEGORY_1":"Rec & open space","Acres":3.81496111,"GlobalID":"{9554642D-F3D3-4897-9A02-33CDAC470347}","Acquired":643507200000,"Year":"1990","Shape__Area":23607.078125,"Shape__Length":940.265166974529}},{"type":"Feature","id":27,"geometry":{"type":"Polygon","coordinates":[[[-79.0072311098446,35.9332289656425],[-79.0073716726381,35.932793533365],[-79.0073758949947,35.9327940477496],[-79.0073826507686,35.9327949053742],[-79.0073961622855,35.9327962781302],[-79.0074024958288,35.9327971366806],[-79.0074092516033,35.9327979943039],[-79.0074160073622,35.9327986806806],[-79.0074295189117,35.9328003959251],[-79.0074362746709,35.9328010823007],[-79.0074426082151,35.9328019408491],[-79.0074493639745,35.9328026272239],[-79.00745611975,35.9328034848445],[-79.0074628755096,35.9328041712187],[-79.0074696312853,35.9328050288385],[-79.0074763870452,35.9328057152118],[-79.0074831428212,35.932806572831],[-79.0074894763503,35.9328072592295],[-79.0075029878711,35.9328086319737],[-79.0075097436475,35.9328094895913],[-79.0075300109298,35.9328115487036],[-79.0075363444598,35.9328122350997],[-79.0075431002209,35.9328129214694],[-79.0075498559981,35.9328137790847],[-79.0075701232825,35.9328158381904],[-79.007576879028,35.9328163524108],[-79.0075836347899,35.9328170387782],[-79.0075899683207,35.9328177251715],[-79.007610235607,35.9328197833692],[-79.0076237470995,35.9328208127065],[-79.0076305028621,35.9328214990713],[-79.0076372586084,35.9328220132883],[-79.0076440143712,35.9328226996524],[-79.007650347903,35.9328233860426],[-79.0076571036497,35.9328239002585],[-79.0076638594128,35.9328245866215],[-79.0076706151598,35.932825101738],[-79.0076773709231,35.9328257881002],[-79.0076908824173,35.9328268165288],[-79.0076976381809,35.9328275028899],[-79.0077111496758,35.9328285322175],[-79.0077179054398,35.9328292185774],[-79.0077242389562,35.9328297328164],[-79.0077445061996,35.9328312763521],[-79.0077022923513,35.9329167849125],[-79.0076980708375,35.9329251978695],[-79.0076955379387,35.932930348932],[-79.0076930050233,35.9329353287483],[-79.0076854063239,35.9329507819353],[-79.0076832956553,35.9329559329709],[-79.0076807627709,35.9329612552792],[-79.0076782298536,35.9329662350951],[-79.0076761191841,35.9329713861306],[-79.0076710533804,35.9329816882544],[-79.0076689427101,35.9329868392898],[-79.0076664098075,35.9329919903516],[-79.0076642991366,35.9329971413868],[-79.0076617662334,35.9330022924484],[-79.0076596555619,35.9330074434836],[-79.0076571226744,35.9330127666925],[-79.0076550120024,35.9330179177275],[-79.0076524791142,35.9330232400351],[-79.0076503684415,35.93302839107],[-79.0076478355364,35.9330335421313],[-79.0076415035161,35.9330489952356],[-79.0076389706424,35.9330544905915],[-79.0076326386187,35.9330699436952],[-79.0076301057274,35.9330752660021],[-79.0076258843763,35.9330855680709],[-79.0076237737167,35.9330908912526],[-79.0076216630405,35.9330960422869],[-79.0076174417196,35.9331066877489],[-79.0076153310426,35.933111838783],[-79.0076132203815,35.9331171610632],[-79.0076111097039,35.9331223120972],[-79.0076089990423,35.9331276352786],[-79.0076073106131,35.9331329575323],[-79.0076051999509,35.9331382807136],[-79.0076030892723,35.9331434317475],[-79.0076009786095,35.9331487540274],[-79.0075992901632,35.9331539050349],[-79.0075950688364,35.9331645504957],[-79.0075929581888,35.9331700458242],[-79.0075912698222,35.9331760548646],[-79.0075891591902,35.933181721439],[-79.0075874708392,35.9331879026267],[-79.007585360255,35.9331940838406],[-79.0075836719035,35.9332002650282],[-79.0075815613187,35.9332064462421],[-79.0075798741071,35.933212970823],[-79.0075777635217,35.9332191520367],[-79.0075760751691,35.9332253332242],[-79.007573964583,35.9332315144378],[-79.0075722762298,35.9332376956252],[-79.0075705878603,35.9332437046652],[-79.007568477225,35.933249371239],[-79.0075667888389,35.9332552090328],[-79.0075651004364,35.9332608746792],[-79.0075625677438,35.9332684294926],[-79.0072311098446,35.9332289656425]]]},"properties":{"FID":27,"AREA_":16780.70262,"PERIMETER":542.5457,"PARCELS_":34005,"PARCELS_ID":34004,"CREATION":"01/01/1980","SIZE":"L1","OWNER":"ORANGE COUNTY","PIN":"9799746369","TMBL":"7.52B.I.1","DESC_":"140 SEC3 COL WDS","DEEDREF":"281/1213","PLAT_BKPG":" ","NAME":"Burlington Park (Town of Chapel Hill)","TYPE":"Parkland & open space","CATEGORY_1":"Existing park","Acres":0.38523192,"GlobalID":"{AC5ACF2B-C47D-4B35-887F-1742C6F95AEE}","Acquired":247190400000,"Year":"1977","Shape__Area":2383.140625,"Shape__Length":204.52044741115026}},{"type":"Feature","id":28,"geometry":{"type":"Polygon","coordinates":[[[-79.112573883113,35.9172715267403],[-79.1126557276248,35.9170654525192],[-79.1126611782914,35.9170022076868],[-79.1125902825597,35.9168756844536],[-79.1124967496842,35.9167174535329],[-79.1124733632457,35.9166093189276],[-79.1124044946728,35.9164827937003],[-79.1122410287606,35.9163535551278],[-79.1121276520509,35.9163015199661],[-79.1120677859828,35.9162606982324],[-79.1119596165033,35.9161882742962],[-79.111866970555,35.9161081434245],[-79.1117331623295,35.9160795604598],[-79.1114569650523,35.9161189105916],[-79.1113848632512,35.9161241814396],[-79.1113804410643,35.9160846751209],[-79.1114451267864,35.9160816147306],[-79.1117290511163,35.9160375049875],[-79.1118888382239,35.9160716404931],[-79.1119937116771,35.9161539854417],[-79.1120909966911,35.9162187546789],[-79.1121488759912,35.9162634790605],[-79.1122711128782,35.9163247912598],[-79.1124331483101,35.9164452407185],[-79.1125203742969,35.9165853739794],[-79.1125322305743,35.9166836842095],[-79.1126305368115,35.9168507028935],[-79.1127110845435,35.916996391473],[-79.1127024477641,35.9170750515012],[-79.1126233909374,35.9172706789027],[-79.112573883113,35.9172715267403]]]},"properties":{"FID":28,"AREA_":9862.44577,"PERIMETER":1379.63809,"PARCELS_":39431,"PARCELS_ID":39430,"CREATION":"08/21/1992","SIZE":"A0.23","OWNER":"ORANGE COUNTY","PIN":"9768686490","TMBL":"7.113.C.37","DESC_":"#I JESSIE COUNCIL SR HRS P59/144","DEEDREF":"1021/307","PLAT_BKPG":" ","NAME":"Jessie Council heirs minor subdivision","TYPE":"Parkland & open space","CATEGORY_1":"Rec & open space","Acres":0.2264106,"GlobalID":"{0F02CBEF-CB4E-41C7-8339-678DF2329F44}","Acquired":714355200000,"Year":"1992","Shape__Area":1400.0703125,"Shape__Length":519.92068284275081}},{"type":"Feature","id":29,"geometry":{"type":"Polygon","coordinates":[[[-79.1339074654986,35.9121292336893],[-79.1339025673364,35.9121579771133],[-79.1334893427671,35.9119890398468],[-79.1334348922648,35.9119340478037],[-79.1332567829251,35.9119251203448],[-79.1331337909794,35.9118966679612],[-79.1331039683069,35.9118567249951],[-79.132984225997,35.9116963532768],[-79.1329048879446,35.9115103386166],[-79.1327566183738,35.9113100681819],[-79.1325997642936,35.9111840418354],[-79.1324296346287,35.9111411992659],[-79.1322291261922,35.9111580484568],[-79.1319252684019,35.911105669121],[-79.1318904588714,35.911031874677],[-79.1315912667047,35.9107894784676],[-79.1313399140135,35.9106957063551],[-79.1311588187733,35.910648754853],[-79.1309394464444,35.9106107030737],[-79.1308510449381,35.9106962252544],[-79.1309766291133,35.9109549638127],[-79.1309481573169,35.9111616866769],[-79.1306741890078,35.9113943057268],[-79.1305919943749,35.9114978272838],[-79.1305648697483,35.9116236863541],[-79.1303236353355,35.9117563925376],[-79.1302271445625,35.9117371301508],[-79.1301378876186,35.9117193119727],[-79.129712814607,35.9117446152921],[-79.1292495438178,35.9118678958984],[-79.1287508323513,35.9119308401527],[-79.1287152427572,35.9119075312439],[-79.1292416545485,35.9118410913875],[-79.1297062364235,35.9117174615131],[-79.1301407501596,35.9116915956493],[-79.1301578853656,35.9116950167465],[-79.1303171316843,35.9117268069958],[-79.1305340818932,35.9116074597822],[-79.1305599144473,35.9114875993724],[-79.1306475722343,35.9113771959447],[-79.1309158702686,35.9111493914902],[-79.1309421345682,35.9109586970782],[-79.1308122418352,35.9106910798561],[-79.1309273310572,35.9105797391712],[-79.1311699016802,35.9106231026564],[-79.1313513032379,35.9106697320474],[-79.131610825064,35.9107665516469],[-79.1319162308882,35.9110139829846],[-79.1319394444566,35.911060359692],[-79.1319502209234,35.9110818891913],[-79.1322310627751,35.9111302672861],[-79.1324330300738,35.9111132957339],[-79.1326176273699,35.9111597827695],[-79.1327833620896,35.9112929431613],[-79.1329356357816,35.9114986224305],[-79.1330149527612,35.9116845875229],[-79.1331247916108,35.911831695623],[-79.1331557746344,35.9118731920661],[-79.1332625058754,35.9118978839239],[-79.1334518427604,35.9119073732263],[-79.1335110486897,35.9119671685119],[-79.1339074654986,35.9121292336893]]]},"properties":{"FID":29,"AREA_":21184.23467,"PERIMETER":4261.98438,"PARCELS_":41302,"PARCELS_ID":41301,"CREATION":"07/01/1992","SIZE":"A0.49","OWNER":"ORANGE COUNTY","PIN":"9768066512","TMBL":"7.113.B.38Q","DESC_":"ACCESS EASEMENT SHENANDOAH","DEEDREF":"1006/255","PLAT_BKPG":" ","NAME":"Shenandoah subdivision","TYPE":"Parkland & open space","CATEGORY_1":"Rec & open space","Acres":0.4863231,"GlobalID":"{457EA723-CC41-4F7E-B722-76D0B86C61DC}","Acquired":709948800000,"Year":"1992","Shape__Area":3006.91796875,"Shape__Length":1604.7212052131274}},{"type":"Feature","id":30,"geometry":{"type":"Polygon","coordinates":[[[-79.1237056415748,35.9101954963113],[-79.1234811297219,35.9102297244879],[-79.123308397784,35.9098966349225],[-79.1236329138047,35.9098392963937],[-79.1237056415748,35.9101954963113]]]},"properties":{"FID":30,"AREA_":10804.0809,"PERIMETER":429.01426,"PARCELS_":42006,"PARCELS_ID":42005,"CREATION":"05/27/1988","SIZE":"A0.253","OWNER":"ORANGE COUNTY","PIN":"9768363038","TMBL":"7.115..11E","DESC_":"S/S PHIL'S CREEK P50/79","DEEDREF":"727/273","PLAT_BKPG":"50/79","NAME":"Turtledove subdivision","TYPE":"Parkland & open space","CATEGORY_1":"Rec & open space","Acres":0.24802756,"GlobalID":"{4A47DD38-9509-4722-A762-15B36AEA1E2A}","Acquired":580694400000,"Year":"1988","Shape__Area":1533.5,"Shape__Length":161.68230912370794}},{"type":"Feature","id":31,"geometry":{"type":"Polygon","coordinates":[[[-79.1128549256151,35.8970394633153],[-79.1127818190194,35.8969729125514],[-79.112673478272,35.896760450907],[-79.112610311584,35.8965587631584],[-79.1125240289194,35.8964259494088],[-79.112540334435,35.8963153591937],[-79.112547442843,35.8962677915106],[-79.1124607665232,35.8961550664212],[-79.1124298393613,35.8960701042728],[-79.1124183138371,35.8959763671278],[-79.1124943503047,35.8960262601575],[-79.1128549256151,35.8970394633153]]]},"properties":{"FID":31,"AREA_":7905.26147,"PERIMETER":832.4992,"PARCELS_":44972,"PARCELS_ID":44971,"CREATION":"03/28/1988","SIZE":"S7023","OWNER":"ORANGE COUNTY","PIN":"9768616243","TMBL":"7.116H..5C","DESC_":"RECREATION AREA REV #9 LAKE","DEEDREF":"715/13","PLAT_BKPG":"49/153","NAME":"Lake Woods subdivision","TYPE":"Parkland & open space","CATEGORY_1":"Rec & open space","Acres":0.18147983,"GlobalID":"{DE08A948-A226-4A3C-9ECD-13F82236BA1E}","Acquired":575510400000,"Year":"1988","Shape__Area":1121.6796875,"Shape__Length":314.10132435850448}},{"type":"Feature","id":32,"geometry":{"type":"Polygon","coordinates":[[[-79.1342526320673,35.8902228525748],[-79.1342424981672,35.8902194297344],[-79.1341673385305,35.8901941017763],[-79.1342187008179,35.8901202135412],[-79.1344279308188,35.8900684687708],[-79.1344624007943,35.889987558907],[-79.1347577034237,35.8896737023134],[-79.1347766801918,35.8896656110153],[-79.1353236590303,35.889449682403],[-79.1359220296828,35.8891797785667],[-79.1361118683535,35.8891424761656],[-79.1364921397921,35.8891700306728],[-79.1367500425775,35.8892040763701],[-79.1371860763452,35.8892653905793],[-79.1373968953269,35.8891578360614],[-79.1377138197584,35.8891578157935],[-79.1377017455312,35.8892532944473],[-79.1375282572765,35.889240701457],[-79.137499157577,35.8892385891399],[-79.1373478231374,35.8893349150428],[-79.1372580569293,35.8893407565229],[-79.1371490811155,35.8893478489224],[-79.136731253477,35.8892986467204],[-79.1361584382413,35.8892311915795],[-79.1361115863782,35.8892255791258],[-79.1359428589321,35.8892695538381],[-79.1354043578782,35.8895062519439],[-79.1347950080638,35.8897744483401],[-79.1347769222658,35.8898106973972],[-79.1344954614103,35.8900740590735],[-79.1344694510196,35.8901666342922],[-79.1342530532186,35.8902223365618],[-79.1342526320673,35.8902228525748]]]},"properties":{"FID":32,"AREA_":39063.07911,"PERIMETER":2438.06855,"PARCELS_":46221,"PARCELS_ID":46220,"CREATION":"02/11/1988","SIZE":"A0.76","OWNER":"ORANGE COUNTY","PIN":"9757987514","TMBL":"7.117..25R","DESC_":"RECREATION AREA QUAILVIEW","DEEDREF":"707/547","PLAT_BKPG":"49/89","NAME":"Quailview subdivision","TYPE":"Parkland & open space","CATEGORY_1":"Rec & open space","Acres":0.8967649,"GlobalID":"{546C2C5C-EE09-4353-8CA3-C02179471A8D}","Acquired":589939200000,"Year":"1988","Shape__Area":5541.65625,"Shape__Length":917.18010390737311}},{"type":"Feature","id":33,"geometry":{"type":"Polygon","coordinates":[[[-79.1384128547061,35.8896014600328],[-79.1382983948612,35.8895846614308],[-79.1378800247982,35.8893894703918],[-79.1377101663552,35.8893102216368],[-79.1375204403497,35.8893022490566],[-79.1375282572765,35.889240701457],[-79.1377017455312,35.8892532944473],[-79.1380569187491,35.8894094768137],[-79.1383018726034,35.8895211430337],[-79.1386322201733,35.8895627862707],[-79.1387594264123,35.8895788210729],[-79.1387582201102,35.8896393760934],[-79.1384128547061,35.8896014600328]]]},"properties":{"FID":33,"AREA_":8182.24185,"PERIMETER":830.84735,"PARCELS_":46329,"PARCELS_ID":46328,"CREATION":"11/08/1995","SIZE":"A0.2","OWNER":"ORANGE COUNTY","PIN":"9757889662","TMBL":"7.117..25W","DESC_":"OPEN SPACE GIERA & OLSON","DEEDREF":"1406/79","PLAT_BKPG":" ","NAME":"Giera & Olson subdivision","TYPE":"Parkland & open space","CATEGORY_1":"Open space","Acres":0.18783842,"GlobalID":"{E93A319F-5D6A-4319-AD1B-645AD218F717}","Acquired":815788800000,"Year":"1995","Shape__Area":1160.7734375,"Shape__Length":312.49421066367495}},{"type":"Feature","id":34,"geometry":{"type":"Polygon","coordinates":[[[-79.1427716940235,35.8892478790397],[-79.1428737953403,35.8892345363741],[-79.143216229974,35.8891034637099],[-79.1432907237246,35.8887536207599],[-79.1433754896318,35.8884841211276],[-79.1436495206446,35.8883335556136],[-79.1438297889299,35.8883748909403],[-79.1440032321035,35.8881396243975],[-79.1441286819259,35.8879689752189],[-79.1443552328289,35.8879345341298],[-79.1445963345664,35.8877778251258],[-79.1446588879411,35.8878325218443],[-79.1444101940987,35.887990785705],[-79.143887684361,35.8884206660485],[-79.1434709577506,35.8885382651032],[-79.1433337182485,35.8889628726588],[-79.143277475408,35.8891344689888],[-79.1427866462258,35.8893508813537],[-79.1427716940235,35.8892478790397]]]},"properties":{"FID":34,"AREA_":27871.20954,"PERIMETER":1757.59564,"PARCELS_":46389,"PARCELS_ID":46388,"CREATION":"12/30/1988","SIZE":"S22921","OWNER":"ORANGE COUNTY","PIN":"9757781151","TMBL":"7.117..72","DESC_":"OPEN SPACE LLOYD SUBDIV","DEEDREF":"770/209","PLAT_BKPG":" ","NAME":"Lloyd subdivision","TYPE":"Parkland & open space","CATEGORY_1":"Open space","Acres":0.63983492,"GlobalID":"{D9D42AA4-0CD3-49AF-9626-7FD35B3233B3}","Acquired":599443200000,"Year":"1988","Shape__Area":3953.859375,"Shape__Length":662.02944360854906}},{"type":"Feature","id":35,"geometry":{"type":"Polygon","coordinates":[[[-79.0976949918113,36.0737822957666],[-79.0975212241072,36.0737865720928],[-79.0974438998411,36.0718744532575],[-79.0974432047337,36.0718587081393],[-79.097465190423,36.0718629291775],[-79.0974980571146,36.0718694892826],[-79.0975312586264,36.0718738473672],[-79.0975334417892,36.0718743809661],[-79.0976772173742,36.0719140399955],[-79.0977290120827,36.0719253741389],[-79.0977687332904,36.0719323603893],[-79.0978145608696,36.0719398743787],[-79.0978595315485,36.0719465671],[-79.0979065732609,36.0719482958853],[-79.0979451677056,36.0719525368835],[-79.0979889236002,36.0719617071548],[-79.0980314358248,36.0719706044287],[-79.0980923213463,36.071985466718],[-79.0981288701946,36.0719927302762],[-79.0981605531132,36.0719961629274],[-79.0981824837014,36.0720015663157],[-79.0982103268753,36.0720124490341],[-79.0982217255748,36.0720159754669],[-79.0982522461543,36.0720257465909],[-79.0982689206721,36.072034204905],[-79.0983062235202,36.0720488976772],[-79.0983335863637,36.0720573167466],[-79.0983556853969,36.0720624550018],[-79.0983812875606,36.0720681311823],[-79.0984126352059,36.072075156405],[-79.0984518387544,36.0720799402042],[-79.0984778142136,36.0720831187109],[-79.0984937538813,36.0720852373195],[-79.098553452198,36.0720959419854],[-79.0985903686571,36.0721114253748],[-79.0986400869912,36.0721276464608],[-79.0986762331548,36.0721395903509],[-79.098717324215,36.072154535894],[-79.0987533554248,36.0721686806969],[-79.098802300424,36.0721888182554],[-79.0988574052638,36.0722114058085],[-79.0989264603107,36.0722377826058],[-79.098962753584,36.0722519253321],[-79.0990331684605,36.0722763677954],[-79.0990911625534,36.0722939879379],[-79.0991417720445,36.0723152199258],[-79.0991815356786,36.0723356766064],[-79.0992006148121,36.0723413452881],[-79.0992037244616,36.0724109126488],[-79.0986181671057,36.0723333456166],[-79.0986218381422,36.0724230013123],[-79.0984939084906,36.072574166768],[-79.0978883736129,36.0725541244449],[-79.0979395654118,36.0737762771728],[-79.0976949918113,36.0737822957666]]]},"properties":{"FID":35,"AREA_":135289.87092,"PERIMETER":2302.5886,"PARCELS_":15231,"PARCELS_ID":15230,"CREATION":"01/01/1980","SIZE":"A3.3","OWNER":"ORANGE COUNTY","PIN":"9874153612","TMBL":"4.36.D.6","DESC_":" ","DEEDREF":" ","PLAT_BKPG":" ","NAME":"River Park","TYPE":"Parkland & open space","CATEGORY_1":"Existing park","Acres":3.10582807,"GlobalID":"{FBD10142-2B3F-464D-B366-BD86601E995C}","Acquired":null,"Year":" ","Shape__Area":19279.83203125,"Shape__Length":869.51005361192711}},{"type":"Feature","id":36,"geometry":{"type":"Polygon","coordinates":[[[-79.0979395654118,36.0737762771728],[-79.0978883736129,36.0725541244449],[-79.0984939084906,36.072574166768],[-79.0986218381422,36.0724230013123],[-79.0986771925145,36.073758119772],[-79.0979395654118,36.0737762771728]]]},"properties":{"FID":36,"AREA_":96547.4381,"PERIMETER":1395.42451,"PARCELS_":15236,"PARCELS_ID":15235,"CREATION":"11/26/1990","SIZE":"A2.09","OWNER":"ORANGE COUNTY","PIN":"9874058541","TMBL":"4.36.D.7","DESC_":" ","DEEDREF":"886/150","PLAT_BKPG":" ","NAME":"River Park","TYPE":"Parkland & open space","CATEGORY_1":"Existing park","Acres":2.21642419,"GlobalID":"{942BDC03-D02C-4E33-82C3-F4A184FC5B95}","Acquired":null,"Year":" ","Shape__Area":13758.9296875,"Shape__Length":527.24179119518624}},{"type":"Feature","id":37,"geometry":{"type":"Polygon","coordinates":[[[-79.0770954680895,35.9771337815648],[-79.0771333851273,35.9761439406522],[-79.0771486285555,35.9757409647648],[-79.0771635008932,35.9753906986647],[-79.0794583245426,35.9754417303634],[-79.0794493248072,35.9757394545548],[-79.0794025888144,35.9771808580352],[-79.0770954680895,35.9771337815648]]]},"properties":{"FID":37,"AREA_":431984.8885,"PERIMETER":2630.24743,"PARCELS_":24603,"PARCELS_ID":24602,"CREATION":"08/14/1986","SIZE":"A10","OWNER":"PAYDARFAR DAVID","PIN":"9871607301","TMBL":"7.19..24C","DESC_":" ","DEEDREF":"595/484","PLAT_BKPG":" ","NAME":"Millhouse Road Park","TYPE":"Parkland & open space","CATEGORY_1":"Future park","Acres":9.91700845,"GlobalID":"{A1B1695F-D8F8-4E19-9F39-0DDBFB531924}","Acquired":1173657600000,"Year":"2007","Shape__Area":61414.890625,"Shape__Length":991.66727908271}},{"type":"Feature","id":38,"geometry":{"type":"Polygon","coordinates":[[[-79.0499688585092,36.1530139959996],[-79.0499615930094,36.1521900788332],[-79.049959405353,36.1516928704712],[-79.0499543237356,36.1508637735489],[-79.049945524403,36.1494279253257],[-79.0470884289729,36.1493843188011],[-79.0472840245433,36.1445466592263],[-79.048649583882,36.14453924053],[-79.0504046593963,36.1445729117594],[-79.0504160246871,36.1440735143039],[-79.0504416893776,36.1440751394397],[-79.0504687041188,36.1440768153827],[-79.0504957144488,36.144078542691],[-79.0505227192561,36.144080320464],[-79.0505497196517,36.1440821487009],[-79.0505767134141,36.144084028304],[-79.0506037027649,36.1440859583713],[-79.0506306865932,36.1440879389031],[-79.0506576637877,36.1440899698998],[-79.0506846365714,36.1440920522619],[-79.0507116027217,36.144094185089],[-79.0507385622383,36.1440963683811],[-79.0507655151216,36.1440986021382],[-79.050792462483,36.1441008872611],[-79.0508194032105,36.1441032219478],[-79.0508463361942,36.1441056080012],[-79.0508732636551,36.144108043618],[-79.0509001833723,36.1441105306015],[-79.0509270953452,36.1441130680505],[-79.0509540006849,36.1441156559646],[-79.0509808993921,36.1441182952449],[-79.051007789243,36.1441209831887],[-79.051034672462,36.1441237234001],[-79.0510868355382,36.1441291855488],[-79.0511135061404,36.1441330505516],[-79.051140248756,36.1441365811667],[-79.0511670544945,36.1441397755952],[-79.0511939177995,36.1441426329383],[-79.0512208331142,36.1441451522969],[-79.0512477926618,36.1441473354768],[-79.0512747897727,36.1441491788758],[-79.0513018211133,36.1441506824954],[-79.0513288766842,36.144151848142],[-79.0513559509284,36.1441526740157],[-79.0513830371787,36.1441531601192],[-79.0514101309902,36.1441533064543],[-79.0514372234731,36.1441531121237],[-79.051464309072,36.1441525780307],[-79.0514913811196,36.1441517041783],[-79.0515184340607,36.14415049147],[-79.0515543920882,36.1441483503551],[-79.0540941492419,36.1442080449193],[-79.0540868534995,36.1454434887568],[-79.0547357043199,36.1454861099627],[-79.0547395639504,36.1469480960691],[-79.0547359362198,36.1477689024426],[-79.0547288518189,36.1493715150049],[-79.0546807589704,36.1512756562246],[-79.0546620549249,36.1522986868431],[-79.0546577265272,36.1525472951593],[-79.0537918033487,36.1527310110557],[-79.0527090701882,36.1529496472063],[-79.0526812955109,36.1529545320303],[-79.0526548286532,36.152959238746],[-79.0526283116672,36.1529637634323],[-79.0526017501105,36.1529681078892],[-79.0525751439821,36.152972270314],[-79.0525484955047,36.1529762507059],[-79.0525218057903,36.1529800499656],[-79.0524950781711,36.152983665388],[-79.0524683137596,36.1529870987749],[-79.0524415147786,36.1529903501256],[-79.0524146834489,36.1529934167352],[-79.0523878208836,36.152996301307],[-79.0523609293045,36.1529990020376],[-79.052334010934,36.1530015189259],[-79.0523070668837,36.1530038519715],[-79.0522801004869,36.1530060002718],[-79.0522531117444,36.153007964728],[-79.05222610399,36.1530097453385],[-79.0521990783346,36.1530113412018],[-79.0521720381122,36.1530127523163],[-79.052144983323,36.1530139786821],[-79.0521179161896,36.1530150202982],[-79.0520908411566,36.1530158762616],[-79.052063756003,36.1530165483754],[-79.0520366662844,36.1530170357363],[-79.0520095708894,36.1530173374434],[-79.0519824753748,36.1530174543956],[-79.0519553786291,36.1530173856922],[-79.0519082990839,36.1530168270871],[-79.0499688585092,36.1530139959996]]]},"properties":{"FID":38,"AREA_":5809388.5172,"PERIMETER":0,"PARCELS_":0,"PARCELS_ID":0,"CREATION":" ","SIZE":"A135.4326","OWNER":"ORANGE COUNTY","PIN":"9887520801","TMBL":"1.25..3","DESC_":" ","DEEDREF":"856/129","PLAT_BKPG":" ","NAME":"Northeast Park","TYPE":"Parkland & open space","CATEGORY_1":"Future park","Acres":133.3652093,"GlobalID":"{B666CA65-71EF-4FA0-AC7E-BB7D1939EC21}","Acquired":1199059200000,"Year":"2007","Shape__Area":829430.15234375,"Shape__Length":4052.2166016807168}},{"type":"Feature","id":39,"geometry":{"type":"Polygon","coordinates":[[[-79.0546807589704,36.1512756562246],[-79.0547288518189,36.1493715150049],[-79.0568829207515,36.1493665062376],[-79.0568919170353,36.1511387118421],[-79.0546807589704,36.1512756562246]]]},"properties":{"FID":39,"AREA_":431078.28224,"PERIMETER":0,"PARCELS_":0,"PARCELS_ID":0,"CREATION":" ","SIZE":"A10.1","OWNER":"ORANGE COUNTY","PIN":"9887334585","TMBL":"1.25..2A","DESC_":" ","DEEDREF":"1314/585","PLAT_BKPG":" ","NAME":"Northeast Park","TYPE":"Parkland & open space","CATEGORY_1":"Future park","Acres":9.89619564,"GlobalID":"{AF6FCF13-4B9E-4BE3-B003-1EA6D9BAF43F}","Acquired":1199059200000,"Year":"2007","Shape__Area":61549.96484375,"Shape__Length":993.54274522610933}},{"type":"Feature","id":40,"geometry":{"type":"Polygon","coordinates":[[[-79.1421845864982,36.1810059695095],[-79.140249903531,36.1810024889095],[-79.1385730778612,36.1809994468162],[-79.1378653867103,36.1809981557634],[-79.1378644418244,36.1809689578197],[-79.1378389715045,36.1801813854749],[-79.1378261267836,36.179784205834],[-79.1363314531214,36.1799070487542],[-79.1359776162262,36.1784543641616],[-79.1359400962765,36.1783003286109],[-79.137805702539,36.1779545325488],[-79.1381693476848,36.1778886952431],[-79.1381756280322,36.1784654810378],[-79.1381760819607,36.1785071477367],[-79.1381804092553,36.1789045669906],[-79.138291722246,36.1789045323439],[-79.1382920057054,36.1789045320238],[-79.1395288863509,36.1789041309574],[-79.1406165626519,36.1789037689745],[-79.1406165351035,36.1788969090351],[-79.1406109534929,36.1775034225464],[-79.1420135740814,36.1774943652216],[-79.1427902140532,36.1774893434751],[-79.14322574594,36.1774865250032],[-79.14517306325,36.177473904759],[-79.1448416383464,36.177820741338],[-79.1437857188809,36.1781375753175],[-79.1437097725956,36.1790403645635],[-79.1425470721614,36.1803607112794],[-79.1430068645487,36.1810074388785],[-79.1421845864982,36.1810059695095]]]},"properties":{"FID":40,"AREA_":2072622.28716,"PERIMETER":0,"PARCELS_":0,"PARCELS_ID":0,"CREATION":" ","SIZE":"A60.16","OWNER":"ORANGE COUNTY","PIN":"9858849350","TMBL":"2.33..2","DESC_":"A-C ORANGE COUNTY P101/99","DEEDREF":"3354/468","PLAT_BKPG":" ","NAME":"Cedar Grove Park","TYPE":"Parkland & open space","CATEGORY_1":"Existing park","Acres":47.58086058,"GlobalID":"{D373EFFE-1D56-4502-97AE-058D947D43D3}","Acquired":895795200000,"Year":"1998","Shape__Area":296144.171875,"Shape__Length":3136.6054891305726}},{"type":"Feature","id":41,"geometry":{"type":"Polygon","coordinates":[[[-79.1210761786268,36.0621969168686],[-79.1211037366949,36.0610342190526],[-79.1225171844458,36.0609840513423],[-79.1225063591191,36.0621366693978],[-79.1210761786268,36.0621969168686]]]},"properties":{"FID":41,"AREA_":176989.73924,"PERIMETER":0,"PARCELS_":0,"PARCELS_ID":0,"CREATION":" ","SIZE":"A4","OWNER":"ORANGE COUNTY","PIN":"9864319480","TMBL":"4.38.B.29","DESC_":" W/O ORANGE GROVE RD P4/12","DEEDREF":"126/454","PLAT_BKPG":" ","NAME":"OCCANEECHEE MOUNTAIN CELL TOWER","TYPE":"Parkland & open space","CATEGORY_1":"Cell tower location","Acres":4.06312532,"GlobalID":"{7D08E880-E748-4595-B1EE-3A363553D89E}","Acquired":315532800000,"Year":"1980","Shape__Area":25215.51171875,"Shape__Length":635.78589678281924}},{"type":"Feature","id":42,"geometry":{"type":"Polygon","coordinates":[[[-79.1215725820597,35.9107621877922],[-79.1215755713572,35.9107578648667],[-79.1215153176894,35.910636611245],[-79.12149042093,35.910535914472],[-79.1214290100072,35.9105297502955],[-79.1214277686518,35.9104977390336],[-79.1213906031345,35.9104833434388],[-79.1213737778376,35.910456447253],[-79.1213881212187,35.9104213019771],[-79.121366691773,35.9103702887834],[-79.1213716454195,35.9103173304706],[-79.1212987979464,35.9103378733129],[-79.1212881658088,35.9103042589499],[-79.1212758828117,35.9102654249747],[-79.1216116782274,35.9100963802623],[-79.1217428695844,35.9100660125094],[-79.121850338588,35.9100659052405],[-79.1219795347678,35.9100834137705],[-79.122233429437,35.9101639750936],[-79.122479436819,35.9102090838161],[-79.1225993131897,35.910213162607],[-79.1228008950138,35.9102641945112],[-79.1230042498761,35.9103422228426],[-79.1230920808722,35.910338774215],[-79.1234729669803,35.9102176228325],[-79.1235486002489,35.9101913291583],[-79.1236292283953,35.910208045993],[-79.1237056551456,35.9102557069837],[-79.1239731506895,35.9115524047718],[-79.127601402019,35.9126479209078],[-79.128206248919,35.9118238619298],[-79.1284998878386,35.9118117487002],[-79.1286603745106,35.9118935431995],[-79.1286853420758,35.9119118214369],[-79.1287157588656,35.9119359127342],[-79.1287383472405,35.9119531921224],[-79.1288139518333,35.9120353868865],[-79.1289052914715,35.9121168872006],[-79.1289712439806,35.9122233199846],[-79.1290291709043,35.9123464839906],[-79.1288604768239,35.9123523972381],[-79.1279926482671,35.9123828138258],[-79.1276743561404,35.9128164612331],[-79.1238228004791,35.911653520506],[-79.1236421324756,35.9107777189318],[-79.1235902511189,35.9107669621578],[-79.1232399477982,35.9108830438088],[-79.1228685194497,35.9108976256147],[-79.1225553136388,35.9107774480367],[-79.1224829067628,35.9107591179237],[-79.1223903544236,35.9107559678985],[-79.1220353550551,35.9106908743952],[-79.1218383875437,35.9106283765532],[-79.121716162101,35.9106899079395],[-79.1215725820597,35.9107621877922]]]},"properties":{"FID":42,"AREA_":0,"PERIMETER":0,"PARCELS_":0,"PARCELS_ID":0,"CREATION":"08/14/2008","SIZE":"A6.37","OWNER":"ORANGE COUNTY","PIN":"9768269847","TMBL":"7.113.B.60","DESC_":" ","DEEDREF":"4588/449","PLAT_BKPG":" ","NAME":"Westhampton S/D","TYPE":"Parkland & open space","CATEGORY_1":"Rec & open space","Acres":0,"GlobalID":"{8CC58AF4-B30B-4096-A91E-CDF3F43A8F90}","Acquired":1218672000000,"Year":"2008","Shape__Area":39382.9296875,"Shape__Length":2265.2167313438717}},{"type":"Feature","id":43,"geometry":{"type":"Polygon","coordinates":[[[-79.1237300577232,35.893676596643],[-79.1233773777019,35.8935550039986],[-79.1220663824625,35.893548951865],[-79.12170480082,35.8936030194158],[-79.1210707615557,35.8935509489395],[-79.1208190716447,35.8936408886207],[-79.1206807028139,35.8937361307992],[-79.1205469400768,35.8937887733054],[-79.1203209676168,35.8937430025825],[-79.120290317369,35.8936079283891],[-79.1209082442707,35.8933995441749],[-79.1216978860607,35.8934643941625],[-79.122051476993,35.893411520746],[-79.1233789679751,35.8934177122831],[-79.1251309566194,35.893767571823],[-79.1253053891779,35.8942125078249],[-79.1250696571837,35.8943504435745],[-79.1246375298834,35.8941621355101],[-79.1241560032109,35.8940280700917],[-79.1240297211665,35.8941267575731],[-79.1239057710229,35.8941160272576],[-79.1237300577232,35.893676596643]]]},"properties":{"FID":43,"AREA_":0,"PERIMETER":0,"PARCELS_":0,"PARCELS_ID":0,"CREATION":" 02/21/2008","SIZE":"A2.86","OWNER":"ORANGE COUNTY","PIN":"9768306124","TMBL":"7.117..112","DESC_":" ","DEEDREF":"4462/399","PLAT_BKPG":" ","NAME":"Orchard S/D","TYPE":"Parkland & open space","CATEGORY_1":"Rec & open space","Acres":2.86,"GlobalID":"{7742B1C6-BD23-4B8C-82B2-F335663BD13A}","Acquired":1203552000000,"Year":"2008","Shape__Area":19765.56640625,"Shape__Length":1268.9156159712038}},{"type":"Feature","id":44,"geometry":{"type":"Polygon","coordinates":[[[-79.0991608511597,35.9603965193948],[-79.0991406701444,35.9603251367747],[-79.0991267452459,35.9602702263892],[-79.0990864910914,35.9602151958682],[-79.0990524662599,35.9601548093418],[-79.0990429668378,35.9601160635315],[-79.0990322719226,35.9600724427295],[-79.0990281773181,35.9600466800717],[-79.0990193961608,35.9599418711748],[-79.0990188580708,35.9598692414335],[-79.0988737902918,35.9598720394176],[-79.098941856812,35.9578638323042],[-79.1011019736652,35.9579865070872],[-79.1018162413368,35.9580276260318],[-79.1041470190242,35.9581617743793],[-79.1074649439428,35.9583509725083],[-79.1072955845928,35.959308327914],[-79.1072939222772,35.9593287606462],[-79.1072935145161,35.9593397494936],[-79.1072926843852,35.9593507387122],[-79.1072918540266,35.9593615566863],[-79.107291446265,35.9593725455336],[-79.1072910385034,35.9593835343809],[-79.1072902083717,35.9593945235992],[-79.1072898017184,35.9594055124454],[-79.1072893939564,35.9594165012924],[-79.1072889861942,35.9594274901395],[-79.1072885784319,35.9594384789864],[-79.1072881706695,35.9594494678334],[-79.1072881852773,35.9594604563092],[-79.1072877775148,35.9594714451561],[-79.1072877896124,35.9594805454381],[-79.1055146958297,35.9594967130289],[-79.1058558395549,35.9600384551594],[-79.1060226537707,35.9600366682818],[-79.1061939056114,35.9600348331538],[-79.1073231472339,35.9600227284395],[-79.1073244248564,35.960030625291],[-79.107325706589,35.9600416126505],[-79.1073278328396,35.9600524271219],[-79.1073295369464,35.9600634141101],[-79.1073312408259,35.9600742298539],[-79.1073329447047,35.9600850446964],[-79.1073350711864,35.960096031313],[-79.1073367750673,35.9601068470566],[-79.1073389015501,35.9601178336731],[-79.1073406054308,35.9601286485153],[-79.107342731687,35.9601394638874],[-79.1073448579425,35.9601502783581],[-79.1073469844275,35.9601612649743],[-79.1073491106854,35.9601720803461],[-79.1073512369426,35.9601828948166],[-79.1073533643102,35.9601937101873],[-79.1073554905686,35.9602045246576],[-79.1073580392029,35.9602153396577],[-79.1073601654625,35.9602261541279],[-79.1073622919516,35.9602371407435],[-79.1073648405878,35.9602479557433],[-79.1073673892236,35.9602587698418],[-79.1073699376322,35.9602694126959],[-79.107372063896,35.9602802280669],[-79.1073746125337,35.9602910421651],[-79.1073771611733,35.9603018571645],[-79.1073801321871,35.960312670891],[-79.1073826808281,35.9603234858902],[-79.1073852292408,35.9603341287438],[-79.107387777882,35.9603449428415],[-79.1073907489,35.9603557574688],[-79.1073932975425,35.9603665715664],[-79.107396268333,35.960377214048],[-79.1073992393521,35.9603880277738],[-79.1074022101441,35.9603986702552],[-79.107405181166,35.960409484882],[-79.1074081519596,35.9604201273632],[-79.1074111229819,35.9604309410885],[-79.1074145193516,35.9604439869261],[-79.1062012974318,35.960708586128],[-79.1060801941314,35.9607349972448],[-79.1060359923297,35.9604990319967],[-79.1060129861004,35.9603762129403],[-79.104865483468,35.960771778916],[-79.1034345532546,35.960838953787],[-79.1018198957395,35.9609146183522],[-79.1011056959489,35.9609480799315],[-79.0992288233531,35.9610174747612],[-79.0992288700665,35.9610058769726],[-79.0992284647607,35.9610035330566],[-79.0992218064852,35.9609458318162],[-79.0992146954108,35.9607975480698],[-79.0992013552405,35.9606547618142],[-79.0991742182132,35.9605612754028],[-79.0991678878647,35.9604843891019],[-79.0991608511597,35.9603965193948]]]},"properties":{"FID":44,"AREA_":2340649.00969,"PERIMETER":9291.77779,"PARCELS_":26311,"PARCELS_ID":26310,"CREATION":"06/27/2001","SIZE":"A62.66","OWNER":"ORANGE COUNTY","PIN":"9860843227","TMBL":"7.23.C.31G","DESC_":"E/S SR 1009 P88/88","DEEDREF":"2295/226","PLAT_BKPG":"88/88","NAME":"Twin Creeks","TYPE":"Parkland & open space","CATEGORY_1":"Future park","Acres":53.73390747,"GlobalID":"{2EEA3CF1-A2C6-4DEC-A7D8-569DA867073A}","Acquired":993600000000,"Year":"2001","Shape__Area":332629.85546875,"Shape__Length":3035.6652360006156}},{"type":"Feature","id":45,"geometry":{"type":"Polygon","coordinates":[[[-79.1005540060033,35.9630057294948],[-79.1005215513759,35.9629830771696],[-79.1005068481018,35.9629728155193],[-79.1004326673535,35.9629399228534],[-79.1003244664006,35.9628519958604],[-79.1002564809414,35.9627861451926],[-79.1002023534448,35.9627202831139],[-79.1001620837024,35.9626542690426],[-79.1000957030254,35.9625788272848],[-79.1000399508854,35.9625060788359],[-79.0999858373629,35.9624512015132],[-79.0999386596124,35.9624018100226],[-79.0999114065949,35.9623572844762],[-79.0998914475811,35.9623246760651],[-79.099857428054,35.9622697822416],[-79.0998287880137,35.9622331404541],[-79.0998102369025,35.9622094058381],[-79.0997889278775,35.9621715899814],[-79.0997762106888,35.9621490195596],[-79.0997528560951,35.9621164274171],[-79.0997038797585,35.9620386170532],[-79.0996477821614,35.9619512642568],[-79.099580490725,35.961885272024],[-79.0995315812997,35.961830005394],[-79.0995124931422,35.9618084360559],[-79.0994923167278,35.9617790931089],[-79.0994521038783,35.9617206098795],[-79.0994343915247,35.9616747182062],[-79.0994117878911,35.9616161503196],[-79.0993437568917,35.9615118529939],[-79.0992215447873,35.9612866245438],[-79.0992152830016,35.9612755113668],[-79.0992100200597,35.9612301169609],[-79.0992082799326,35.9612151020469],[-79.099215978993,35.9611590087559],[-79.0992212627281,35.9611167179194],[-79.0992288772419,35.9610613033627],[-79.0992288236169,35.9610176892671],[-79.1010775042403,35.960950826959],[-79.1017917040669,35.9609173655447],[-79.1034063616634,35.9608417013523],[-79.1033318062028,35.9619883472733],[-79.103307595368,35.9629317083719],[-79.1032575789092,35.9629226395823],[-79.1032138745498,35.9629166766747],[-79.1031224364491,35.9629007849538],[-79.1030545326455,35.9629007007801],[-79.1030377326809,35.9629052312997],[-79.1030284954133,35.9629077212345],[-79.1030136659148,35.9629117201323],[-79.1030082697085,35.962913938242],[-79.1029921708398,35.9629205555412],[-79.1029818659669,35.9629247912618],[-79.1029734990741,35.9629282304134],[-79.1029508713011,35.9629242910474],[-79.1029395402453,35.9629227666124],[-79.1029055884246,35.9629227952302],[-79.1028826121396,35.9629254941135],[-79.1028396118245,35.9629299998116],[-79.1028060772686,35.9629329707477],[-79.1027870180327,35.962935871808],[-79.1027434789477,35.9629447599762],[-79.1026867941851,35.9629583945389],[-79.1026394841595,35.9629712812398],[-79.1025952484009,35.9629833298477],[-79.1025711367776,35.9629868452895],[-79.1025092123533,35.9629959561122],[-79.1024355236564,35.9630072524765],[-79.1023679055737,35.9630192322891],[-79.1023250749509,35.9630273536211],[-79.1022390742394,35.9630320636748],[-79.1021829826482,35.9630353480448],[-79.1021352352101,35.963038215325],[-79.1020611164292,35.963054895201],[-79.1019731395272,35.9630714451041],[-79.1018650616803,35.9630825192805],[-79.1017777772491,35.9630987872638],[-79.1016898004194,35.9631154784641],[-79.1016206711864,35.9631196296539],[-79.1015477702139,35.963126299429],[-79.1014937174139,35.9631208519356],[-79.1014258205076,35.9631264007857],[-79.1013856187358,35.9631154493048],[-79.1013447447712,35.9631209756696],[-79.1012907057757,35.9631265129422],[-79.1012436024469,35.9631373953721],[-79.1012165863854,35.963142910203],[-79.1011888705372,35.9631429331741],[-79.1011623597332,35.9631499977852],[-79.1011424602576,35.9631539555912],[-79.1011286023316,35.9631539670692],[-79.1011104421398,35.9631533710366],[-79.1010948390182,35.9631505647349],[-79.1010687600875,35.9631483907921],[-79.1010479051786,35.963145436514],[-79.1010274257216,35.963143066856],[-79.1010003958957,35.9631375967831],[-79.1009594942331,35.9631210127068],[-79.1008922628968,35.9631047324771],[-79.100828663089,35.9630952431016],[-79.1007702924731,35.963088216196],[-79.1007231549991,35.9630717786881],[-79.100642051968,35.9630443842941],[-79.1005540060033,35.9630057294948]]]},"properties":{"FID":45,"AREA_":824609.60311,"PERIMETER":6158.77542,"PARCELS_":25795,"PARCELS_ID":25794,"CREATION":"06/27/2001","SIZE":"A49.24","OWNER":"ORANGE COUNTY","PIN":"9870053117","TMBL":"7.23.C.31E","DESC_":"E/O SR 1009 P88/87","DEEDREF":"2295/224","PLAT_BKPG":"88/87","NAME":"Twin Creeks","TYPE":"Parkland & open space","CATEGORY_1":"Future park","Acres":18.93043166,"GlobalID":"{C843B281-3356-4A85-99AA-DE4DE3DF4090}","Acquired":993600000000,"Year":"2001","Shape__Area":117192.4921875,"Shape__Length":1388.9863211306172}},{"type":"Feature","id":46,"geometry":{"type":"Polygon","coordinates":[[[-79.0868307832058,36.0217317148628],[-79.086134620297,36.0217170059279],[-79.0851099418176,36.0216953482121],[-79.0842742498813,36.0216775686508],[-79.083772517369,36.0216854752543],[-79.0831819998537,36.0216774734641],[-79.0825893700851,36.0216694711492],[-79.0819920907771,36.0216614690802],[-79.0818921567648,36.021487610948],[-79.0817268626965,36.0214688374123],[-79.0816788673365,36.0216572184875],[-79.0813292926588,36.0216524775705],[-79.0789384849127,36.0216200839524],[-79.0789346672051,36.0216063511463],[-79.0789308498348,36.0215929617216],[-79.078927032465,36.0215795713954],[-79.0789227914607,36.0215663543855],[-79.0789189740935,36.0215529640589],[-79.0789151567284,36.0215395746334],[-79.0789109166691,36.0215261854806],[-79.0789066767789,36.0215129675679],[-79.0789028594177,36.0214995781418],[-79.0788986195301,36.0214863602286],[-79.0788943794765,36.021472971075],[-79.0788901395917,36.0214597531614],[-79.0788858995409,36.0214463640073],[-79.0788816596589,36.0214331460933],[-79.0788774196108,36.0214197569388],[-79.0788731797316,36.0214065390243],[-79.0788689387453,36.0213933220116],[-79.0788642760059,36.021379932228],[-79.0788600361318,36.0213667152141],[-79.0788557962583,36.0213534972988],[-79.0788511336917,36.0213402796559],[-79.0788468936536,36.0213268904998],[-79.07884223109,36.0213136728565],[-79.0788375685279,36.021300455213],[-79.0788333286624,36.0212872381977],[-79.0788286661034,36.0212740205536],[-79.0788240035458,36.0212608029093],[-79.0788193409907,36.021247586166],[-79.0788146773268,36.021234368522],[-79.0788100147738,36.0212211508769],[-79.0788053523906,36.0212081053731],[-79.078800267147,36.0211948880001],[-79.0787956045988,36.0211816703543],[-79.0787909420528,36.0211684536095],[-79.0787858569823,36.0211554083772],[-79.0787811944386,36.0211421907307],[-79.0787761093713,36.0211291454978],[-79.0787714468307,36.0211159278507],[-79.0787663615985,36.0211027104758],[-79.0787612765362,36.0210896652422],[-79.0787561914754,36.0210766200081],[-79.0787515278317,36.0210634023608],[-79.0787464427742,36.0210503571263],[-79.0787413577183,36.0210373118915],[-79.0787358498032,36.0210240947873],[-79.0787307647506,36.021011049552],[-79.0787256796989,36.0209980034151],[-79.0787205946497,36.0209849581791],[-79.0787150869096,36.0209719132152],[-79.0787100018637,36.0209588679787],[-79.0787049168195,36.020945822742],[-79.0786994090837,36.0209327768758],[-79.0786939013506,36.0209197319107],[-79.078688815202,36.0209066866738],[-79.0786833074724,36.020893641708],[-79.0786777997446,36.0208805967419],[-79.0786722920177,36.0208675508743],[-79.0786667844613,36.020854678049],[-79.078661276738,36.0208416321808],[-79.0786557690173,36.0208285872134],[-79.0786502614663,36.0208157143873],[-79.0786447537482,36.020802668518],[-79.0786392462007,36.0207897956913],[-79.0786337384862,36.0207767498214],[-79.0786278082509,36.0207638772659],[-79.0786223007078,36.0207510035369],[-79.0786163691989,36.0207379588399],[-79.0786108616595,36.0207250851103],[-79.0786049314307,36.0207122116522],[-79.0785990012046,36.020699339095],[-79.0785930709796,36.0206864656362],[-79.0785875634474,36.0206735919052],[-79.078581633227,36.020660719347],[-79.0785757030075,36.0206478458871],[-79.07856977279,36.020634972427],[-79.0785638425753,36.0206220998677],[-79.078557489671,36.0206092266785],[-79.0785515594592,36.0205963532172],[-79.0785456283075,36.0205836518978],[-79.0785396980995,36.0205707784359],[-79.078533345204,36.0205579061464],[-79.0785274151666,36.0205452039239],[-79.078521062275,36.0205323316337],[-79.0785147095513,36.0205196296821],[-79.0785087793538,36.0205067571196],[-79.0785024266349,36.0204940560684],[-79.0784960739172,36.0204813541157],[-79.0784897212023,36.0204686530638],[-79.0784833683227,36.0204557807712],[-79.078477015611,36.0204430788173],[-79.0784706629021,36.0204303777642],[-79.0784643090859,36.0204176767114],[-79.078457956381,36.0204049756575],[-79.0784516036781,36.0203922746032],[-79.078444828287,36.0203795729187],[-79.0784384755882,36.0203668718636],[-79.0784321228914,36.0203541708081],[-79.0784253476739,36.0203416412637],[-79.0784189949812,36.0203289402075],[-79.0784122196014,36.020316239422],[-79.0784054443902,36.0203037098763],[-79.0783986690147,36.02029100909],[-79.0783923164974,36.0202784801736],[-79.0783855400158,36.0202657784859],[-79.0783787648139,36.0202532498397],[-79.0783719896132,36.0202407202919],[-79.0783652144146,36.0202281907437],[-79.0783584390517,36.0202154899548],[-79.0783512411689,36.0202029606767],[-79.0783444659776,36.0201904320283],[-79.0783376907875,36.0201779024783],[-79.0783304929112,36.0201653731988],[-79.0783237177263,36.0201528445491],[-79.0783165198545,36.0201403152686],[-79.0783097448401,36.0201279578583],[-79.0783025458632,36.0201154285777],[-79.0782953479989,36.020102900197],[-79.07828857299,36.0200905418841],[-79.0782813751301,36.0200780135025],[-79.0782741772715,36.0200654842192],[-79.0782669795823,36.0200531270769],[-79.0782597818952,36.0200407699342],[-79.0782525840432,36.0200282406493],[-79.0782453863606,36.0200158835056],[-79.0782381886801,36.0200035263614],[-79.0782305683145,36.0199911694873],[-79.0782233706377,36.0199788114409],[-79.0782161727979,36.0199662830549],[-79.0782085514958,36.0199540974202],[-79.0782013538265,36.0199417402735],[-79.0781937334724,36.0199293833968],[-79.0781861131207,36.0199170265196],[-79.0781789154572,36.0199046684701],[-79.0781712952769,36.0198924837334],[-79.0781636749321,36.0198801268546],[-79.0781560545887,36.0198677690739],[-79.0781484344153,36.0198555843356],[-79.0781408140774,36.0198432274552],[-79.0781331939078,36.0198310418145],[-79.0781255737405,36.0198188561733],[-79.0781179535764,36.0198066714328],[-79.0781103321384,36.0197943145509],[-79.0781022892917,36.0197821291783],[-79.0780946691336,36.0197699435349],[-79.0780866262927,36.0197577590624],[-79.0780790061393,36.0197455734179],[-79.0780709633023,36.0197333880429],[-79.0780633433202,36.0197213745389],[-79.0780553004888,36.0197091900641],[-79.0780472576589,36.0196970046874],[-79.0780392149981,36.0196849914517],[-79.0780315948587,36.0196728058039],[-79.0780235522027,36.019660792567],[-79.078015508273,36.0196486071887],[-79.0780074656217,36.0196365939507],[-79.0779990002874,36.0196245809819],[-79.0779909574745,36.0196123956011],[-79.0779829148305,36.0196003823612],[-79.0779748721889,36.0195883691208],[-79.0779664068645,36.0195763561495],[-79.0779583642277,36.0195643429079],[-79.0779503215933,36.0195523296657],[-79.0779418564419,36.0195404879329],[-79.0779333911274,36.019528474959],[-79.0779253485003,36.019516461715],[-79.0779168833563,36.0195046199802],[-79.0779084169399,36.0194926070052],[-79.0778999518008,36.0194807652692],[-79.0778919091835,36.0194687520227],[-79.0778834440503,36.0194569111866],[-79.0778749789186,36.0194450694487],[-79.0778660909397,36.0194330567391],[-79.0778576258131,36.0194212149999],[-79.0778491606899,36.0194093741612],[-79.0778406955683,36.0193975324206],[-79.0778322304492,36.0193856906794],[-79.0778233426492,36.019373850108],[-79.0778148777003,36.0193621796058],[-79.0778059887963,36.0193503390338],[-79.0777975236872,36.01933849729],[-79.0777886360627,36.0193268279562],[-79.0777797482748,36.0193149864801],[-79.0777712833393,36.0193033168759],[-79.0777623957226,36.01929164754],[-79.0777535079433,36.0192798069631],[-79.0777446203309,36.0192681367245],[-79.0777357327219,36.0192564673865],[-79.0777268451154,36.0192447980478],[-79.0777179575115,36.0192331287085],[-79.0777090699102,36.0192214593684],[-79.0777001823115,36.0192097900276],[-79.077691293606,36.0191981206868],[-79.0776819834942,36.0191866228537],[-79.0776730959032,36.0191749535108],[-79.0776587073177,36.0191569346431],[-79.0776493973811,36.0191456089489],[-79.0776396645993,36.0191341122821],[-79.077630354668,36.0191227865864],[-79.0776269692382,36.0191186672501],[-79.0776210447384,36.0191114599886],[-79.0776113119649,36.0190999633194],[-79.0776020020415,36.0190886376213],[-79.0775922694381,36.0190773121909],[-79.0775829595192,36.01906598559],[-79.0775732258118,36.0190546601586],[-79.0775634932166,36.0190433347257],[-79.0775541833064,36.0190320090238],[-79.0775444507166,36.0190206835893],[-79.0775347182942,36.0190095293942],[-79.0775321793952,36.0190066127075],[-79.077525408392,36.0189982036899],[-79.0775156758103,36.018986878253],[-79.0775059432314,36.0189755528151],[-79.0774962108206,36.0189643995182],[-79.0774864782463,36.0189530731775],[-79.0774767458409,36.0189419198789],[-79.0774670132728,36.0189305944377],[-79.0774572808719,36.0189194402362],[-79.0774475473653,36.0189082869358],[-79.0774378148045,36.0188969605909],[-79.0774280824126,36.0188858072882],[-79.0774183500226,36.0188746530833],[-79.0774081949546,36.0188635000467],[-79.07739846257,36.0188523458401],[-79.0773887301881,36.0188411916327],[-79.0773785751284,36.0188300385934],[-79.0773688427519,36.0188188843844],[-79.077359110379,36.0188077310758],[-79.0773489553268,36.0187965771326],[-79.0773392229585,36.018785422921],[-79.0773290679127,36.0187742698774],[-79.0773193346054,36.0187632878065],[-79.0773091795644,36.0187521338599],[-79.0772994473719,36.0187411517866],[-79.0772892923371,36.0187299987394],[-79.0772791374685,36.0187190160305],[-79.07726940512,36.0187078627143],[-79.0772592502577,36.0186968809049],[-79.0772490953982,36.0186858990946],[-79.0772389403766,36.0186747451417],[-79.0772287855225,36.0186637633296],[-79.0772186306713,36.0186527815167],[-79.0772084758229,36.0186417997028],[-79.0771983209772,36.018630817888],[-79.0771881650249,36.0186198360731],[-79.0771780101847,36.0186088542565],[-79.0771678553465,36.0185978715378],[-79.0771577005119,36.0185868897194],[-79.07714754568,36.0185759079002],[-79.0771373910156,36.0185650982217],[-79.0771272361892,36.0185541164007],[-79.0771166586859,36.0185431348456],[-79.0771065040288,36.0185323242631],[-79.0770963492108,36.0185213424394],[-79.0770857718797,36.0185105321218],[-79.0770756172317,36.0184997224379],[-79.077065462422,36.0184887406114],[-79.0770548839899,36.0184779302917],[-79.0770447293493,36.0184671197039],[-79.0770341520331,36.0184563102828],[-79.0770235745552,36.0184453287192],[-79.0770134199229,36.0184345181286],[-79.0770028426151,36.0184237087047],[-79.0769926879884,36.0184128981123],[-79.0769821108497,36.0184022599269],[-79.0769715335494,36.0183914495989],[-79.0769609562529,36.0183806401712],[-79.0769503789583,36.0183698298413],[-79.0769402245096,36.0183591913859],[-79.0769296472215,36.0183483819554],[-79.0769190699354,36.0183375716226],[-79.0769084917069,36.0183269334313],[-79.0768979144264,36.0183161230966],[-79.0768873373128,36.0183054849026],[-79.0768767602021,36.0182948467076],[-79.0768661829309,36.0182840372713],[-79.0768556058258,36.0182733990744],[-79.0768492599236,36.0182673934254],[-79.0768316313996,36.0175148672995],[-79.0781952044105,36.0175368187479],[-79.0782161842016,36.0169468617275],[-79.0782540238305,36.0158744313542],[-79.078317629217,36.0143542038478],[-79.0794980276228,36.0129877635851],[-79.0796350211142,36.0130419279856],[-79.0797650640395,36.0129079192837],[-79.0796859799293,36.0128588671164],[-79.0805635713416,36.0121845488125],[-79.080721371325,36.0122008468379],[-79.0830614711469,36.0122362376096],[-79.0828913623637,36.0169437138169],[-79.0828637043862,36.0175838109206],[-79.0833409221364,36.0175837125812],[-79.0842699472154,36.017583516122],[-79.0858613438443,36.0176050489447],[-79.0867430021528,36.0175638944996],[-79.0872656229329,36.01968342735],[-79.0868307832058,36.0217317148628]]]},"properties":{"FID":46,"AREA_":6497362.13354,"PERIMETER":12127.82152,"PARCELS_":21227,"PARCELS_ID":21226,"CREATION":"12/28/2001","SIZE":"A149.65","OWNER":"ORANGE COUNTY","PIN":"9872557302","TMBL":"7.9..2","DESC_":"#1 HERBERT BLACKWOOD HRS P89/138","DEEDREF":"2469/72","PLAT_BKPG":" ","NAME":"Blackwood Farm","TYPE":"Parkland & open space","CATEGORY_1":"Existing park","Acres":149.15891032,"GlobalID":"{8EA574C3-E592-4F11-BC76-10D207BDECC3}","Acquired":1009497600000,"Year":"2001","Shape__Area":924671.484375,"Shape__Length":4576.2592976980668}},{"type":"Feature","id":47,"geometry":{"type":"Polygon","coordinates":[[[-79.0800538587999,36.0121850622904],[-79.0791885874034,36.0129280473501],[-79.0791995564172,36.0129077806433],[-79.0792105255927,36.0128876842748],[-79.0792214947636,36.0128675888064],[-79.0792324639292,36.012847493337],[-79.0792434330892,36.0128273978663],[-79.0792544024121,36.0128074736353],[-79.0792657942108,36.0127873778882],[-79.0792767635236,36.012767454556],[-79.0792881553111,36.0127473588065],[-79.0792995472613,36.0127274342965],[-79.0793109380965,36.012707509786],[-79.0793223300363,36.0126875861749],[-79.0793337219696,36.0126676616612],[-79.0793455367156,36.0126479090139],[-79.0793569286376,36.0126279844978],[-79.079368743372,36.0126082318479],[-79.0793805579321,36.0125883079561],[-79.079392372654,36.0125685544023],[-79.0794041873711,36.0125488017486],[-79.0794160020823,36.0125290490935],[-79.0794278169573,36.0125094685792],[-79.0794400543041,36.0124897147455],[-79.0794522907062,36.0124701339545],[-79.0794641053941,36.0124503812942],[-79.0794771873427,36.0124299410421],[-79.079489424835,36.0124103593449],[-79.0795025077862,36.0123909492383],[-79.0795151682525,36.0123717106461],[-79.0795282513609,36.0123524726786],[-79.0795413344622,36.0123332338082],[-79.0795548403742,36.0123141668032],[-79.0795687690958,36.0122952707621],[-79.0795822751639,36.0122763749945],[-79.0795962038734,36.0122574798512],[-79.0796105542828,36.0122387556724],[-79.0796249057949,36.012220031491],[-79.0796392574694,36.0122014785487],[-79.0796536093074,36.0121830977465],[-79.0796599415414,36.0121755382886],[-79.0800538587999,36.0121850622904]]]},"properties":{"FID":47,"AREA_":17445.23805,"PERIMETER":796.6181,"PARCELS_":21849,"PARCELS_ID":21848,"CREATION":"12/28/2001","SIZE":"A0.44","OWNER":"ORANGE COUNTY","PIN":"9872633300","TMBL":"7.9..2C","DESC_":"#2 HERBERT BLACKWOOD HRS P89/138","DEEDREF":"2469/72","PLAT_BKPG":" ","NAME":"Blackwood Farm","TYPE":"Parkland & open space","CATEGORY_1":"Existing park","Acres":0.40048755,"GlobalID":"{546438A9-A853-4A00-B258-EB0F5D2ECFAA}","Acquired":1009497600000,"Year":"2001","Shape__Area":2482.359375,"Shape__Length":300.5730823851959}},{"type":"Feature","id":48,"geometry":{"type":"Polygon","coordinates":[[[-79.0851492555544,35.980915669099],[-79.0851716883432,35.9798884870505],[-79.0826941283283,35.9798552407929],[-79.0826898739857,35.9799865213366],[-79.0812331530899,35.9799690019686],[-79.0812353561881,35.9800084332809],[-79.0788346337458,35.9799679329856],[-79.0781637042543,35.9795053760401],[-79.0775466357797,35.9792858851179],[-79.0773444346028,35.9785906156081],[-79.0773376579598,35.9785727637422],[-79.0773338456886,35.9785622932838],[-79.0773300334174,35.9785518219239],[-79.0773262209831,35.9785411793208],[-79.0773228310209,35.9785305373514],[-79.0773190187526,35.978520065991],[-79.0773156287914,35.97850942312],[-79.077312238831,35.9784987802488],[-79.0773088488715,35.9784881373775],[-79.0773054589129,35.9784774945061],[-79.0773020689552,35.9784668516345],[-79.0772986789984,35.9784562087628],[-79.0772957104034,35.9784455656242],[-79.0772927427539,35.9784347512417],[-79.0772893527997,35.9784241083697],[-79.077286385316,35.9784134652301],[-79.0772838401384,35.9784026505799],[-79.0772808724913,35.9783918352957],[-79.0772779050098,35.9783811921558],[-79.0772753598345,35.9783703775054],[-79.0772728146589,35.9783595619535],[-79.0772702694849,35.9783487473029],[-79.0772677244756,35.9783381038952],[-79.0772651793021,35.9783272883431],[-79.0772626341302,35.9783164736922],[-79.077260511427,35.9783056578726],[-79.0772583885605,35.9782946708097],[-79.0772558433905,35.9782838561585],[-79.0772537206891,35.9782730403387],[-79.0772520204579,35.9782622251528],[-79.0772498975937,35.9782512380898],[-79.077247774894,35.9782404222697],[-79.0772460746643,35.9782296070836],[-79.0772443742703,35.9782186197531],[-79.0772426740415,35.9782078045668],[-79.0772409736483,35.9781968172362],[-79.0772392723108,35.9781860011493],[-79.0772375719186,35.9781750138184],[-79.0772362941599,35.9781641983647],[-79.0772350162368,35.9781532107667],[-79.0772333158458,35.9781422234356],[-79.0772320379234,35.9781312358374],[-79.0772311826334,35.978120419215],[-79.0772299047116,35.9781094316166],[-79.0772286267902,35.9780984440182],[-79.077227771337,35.9780874561526],[-79.077226915884,35.9780764682869],[-79.0772260605961,35.9780656525656],[-79.0772252051435,35.9780546646997],[-79.0772243496913,35.9780436768339],[-79.0772234942393,35.9780326889681],[-79.077223061255,35.9780217008349],[-79.0772226282708,35.9780107127018],[-79.0772221952867,35.9779997245687],[-79.0772217623028,35.9779887364354],[-79.0772213293189,35.9779777483021],[-79.0772208963352,35.9779667601689],[-79.0772208858188,35.9779557717684],[-79.0772204528353,35.977944783635],[-79.0772204423189,35.9779337952344],[-79.0772204318025,35.9779228068338],[-79.0772204201774,35.9779118184337],[-79.0772208321279,35.9779008297659],[-79.0772208259424,35.9778897323075],[-79.0772212335618,35.9778788526972],[-79.0772212230453,35.9778678642964],[-79.0772216349955,35.9778568756283],[-79.0772220469456,35.9778458869602],[-79.0772224588955,35.9778348982921],[-79.077223293311,35.9778239084556],[-79.0772237052607,35.9778129197873],[-79.0772245396766,35.9778019308519],[-79.077225374257,35.9777911140609],[-79.0772262086725,35.9777801251254],[-79.0772270430877,35.9777691361897],[-79.0772278775027,35.9777581472542],[-79.0772291343836,35.9777471580513],[-79.0772299687981,35.9777361691156],[-79.0772312258422,35.9777253511558],[-79.0772324827221,35.9777143619528],[-79.0772337396016,35.9777033727498],[-79.0772349966456,35.977692555691],[-79.0772366759902,35.9776815662207],[-79.0772379328686,35.9776705770175],[-79.0772396123763,35.9776597587901],[-79.0772394995039,35.9775430070193],[-79.0772386369873,35.977524635868],[-79.077237359074,35.9775136482671],[-79.077236081161,35.9775026606662],[-79.0772339584838,35.977491845744],[-79.077231835807,35.9774810308218],[-79.0772288682007,35.9774702155325],[-79.0772254782954,35.9774595726546],[-79.0772220883911,35.9774489297766],[-79.0772178537234,35.9774384595771],[-79.0772136192207,35.9774281606206],[-79.0772085397904,35.977417862198],[-79.0772034605253,35.9774077350184],[-79.0771975364986,35.9773977814183],[-79.0771916126362,35.9773879981598],[-79.077185265367,35.977378387313],[-79.0771780744446,35.9773689491436],[-79.0771708836877,35.9773596822169],[-79.0771632706331,35.9773505877011],[-79.0771556577439,35.9773416644279],[-79.0771472000924,35.9773329129312],[-79.0771387427718,35.9773245057226],[-79.0771294406891,35.9773162702903],[-79.0771201387728,35.9773082070017],[-79.0771108371857,35.9773004861987],[-79.0771006910019,35.9772931102172],[-79.0770905449836,35.977285905478],[-79.077079976668,35.9772788731491],[-79.0770694086822,35.9772721842068],[-79.0770584185617,35.9772658380164],[-79.0770470061438,35.9772596642361],[-79.0770355942198,35.9772540059867],[-79.0770241824609,35.9772485189794],[-79.0770119259411,35.9772432046482],[-79.0770000923772,35.9772384046803],[-79.0769878366792,35.9772339483651],[-79.0769751586832,35.9772296644594],[-79.0769624810162,35.97722572394],[-79.0769498038413,35.9772222980501],[-79.0769367043683,35.9772190445694],[-79.0769236052228,35.9772161335736],[-79.0769105064064,35.9772135668653],[-79.0769020558318,35.9772121986356],[-79.0768974079181,35.9772113435433],[-79.0768838169138,35.9772077496824],[-79.0770930002038,35.9772026328329],[-79.0770954680895,35.9771337815648],[-79.0794025888144,35.9771808580352],[-79.0794493248072,35.9757394545548],[-79.0794583245426,35.9754417303634],[-79.0817666601691,35.9754844685828],[-79.0817576240623,35.9757378959137],[-79.0817008378262,35.9772263511629],[-79.0840168631478,35.9772997753743],[-79.0842277234314,35.977348387599],[-79.0860722626493,35.9777967403862],[-79.0860736793433,35.9778836795817],[-79.086075427068,35.9779909243833],[-79.0861216697945,35.9809316663507],[-79.0851492555544,35.980915669099]]]},"properties":{"FID":48,"AREA_":2975297.84477,"PERIMETER":9060.69606,"PARCELS_":24129,"PARCELS_ID":24128,"CREATION":"12/30/2004","SIZE":"A69.048","OWNER":"ORANGE COUNTY","PIN":"9871519160","TMBL":"7.19..24","DESC_":"#1 JULIA M BLACKWOOD P96/116","DEEDREF":"3643/243","PLAT_BKPG":"96/116","NAME":"(Future) Millhouse Road Park","TYPE":"Parkland & open space","CATEGORY_1":"Future park","Acres":68.30343996,"GlobalID":"{7A3D55A0-1ABA-4D4A-8E76-FBA0D9D085AF}","Acquired":1104364800000,"Year":"2004","Shape__Area":423016.39453125,"Shape__Length":3415.2181364173152}},{"type":"Feature","id":49,"geometry":{"type":"Polygon","coordinates":[[[-79.1077174253574,35.9639602094035],[-79.1070217344261,35.9639553377072],[-79.1061266717103,35.96394909339],[-79.1059205462819,35.9639513363079],[-79.1056732860694,35.9639496803732],[-79.1055960500005,35.9639437392224],[-79.1055419820149,35.963927309572],[-79.1054678055151,35.9638999124031],[-79.1053998721773,35.9638778616318],[-79.1053458114443,35.963866923419],[-79.1052848071896,35.9638448666054],[-79.1052307321717,35.9638229443903],[-79.1051704067513,35.9637900426698],[-79.1051163318013,35.9637681204036],[-79.1050622495472,35.9637405650865],[-79.1050081532207,35.9637021663938],[-79.1049679292454,35.9636747397164],[-79.1049138401483,35.9636418334075],[-79.1048659800598,35.9636034292921],[-79.104852779278,35.9635759793652],[-79.1048272468788,35.9635432422683],[-79.1048055834431,35.9635154643223],[-79.1047975035057,35.9634931383069],[-79.1047784817469,35.9634549329202],[-79.1047715315504,35.9634386030862],[-79.1047576448763,35.9634165055685],[-79.1047305933239,35.9633945599417],[-79.1046834334906,35.9633616466829],[-79.1046563819767,35.9633397010392],[-79.1046293304775,35.9633177553894],[-79.1045821707317,35.9632848429917],[-79.104528089166,35.9632574280333],[-79.1044711738075,35.9632324624653],[-79.104419940176,35.9632134422986],[-79.1043589437696,35.9631968765432],[-79.1043278942029,35.9631874413811],[-79.1042813918605,35.963176668382],[-79.1042369584906,35.9631695194705],[-79.1041759765177,35.9631640799806],[-79.1041219162473,35.9631530006225],[-79.1041020184837,35.963153017588],[-79.1040685632345,35.9631530461058],[-79.1040283681709,35.9631475879228],[-79.1039736081417,35.9631311581632],[-79.1039454617911,35.9631283223478],[-79.1038862820256,35.9631147560901],[-79.1038245930885,35.9630983312571],[-79.1037843910064,35.9630873814671],[-79.1037240879032,35.9630709563065],[-79.1036221825287,35.963032315491],[-79.1035480004561,35.9629994247183],[-79.1034398664258,35.9629664229675],[-79.1033587696128,35.962944522805],[-79.1033216066016,35.9629345716179],[-79.1033076962776,35.9629317272135],[-79.1033341426112,35.9619151798085],[-79.1034039022096,35.960840390261],[-79.104865483468,35.960771778916],[-79.1060129861004,35.9603762129403],[-79.1060359923297,35.9604990319967],[-79.1060801941314,35.9607349972448],[-79.1062012974318,35.960708586128],[-79.1074145193516,35.9604439869261],[-79.1075006816053,35.960757597521],[-79.1078072788727,35.9619816829655],[-79.1078365667153,35.9620889660065],[-79.107865854637,35.9621962499373],[-79.1078947213589,35.9623035333277],[-79.1079240094346,35.9624108163344],[-79.1079532986968,35.9625180993288],[-79.1079821645426,35.9626253835875],[-79.1080008963448,35.9627342216025],[-79.1080128698013,35.9628437523683],[-79.1080176629161,35.9629534616261],[-79.1080152767675,35.9630633484742],[-79.1080065531995,35.9631728975337],[-79.1079902272339,35.9632821108232],[-79.1079671404847,35.9633902999147],[-79.1079301110848,35.9634957542041],[-79.1078829418479,35.9635986415634],[-79.1078357716133,35.963701701948],[-79.1077886010271,35.9638045892636],[-79.107741431659,35.9639076487014],[-79.1077174253574,35.9639602094035]]]},"properties":{"FID":49,"AREA_":1442060.21106,"PERIMETER":5095.07593,"PARCELS_":25793,"PARCELS_ID":25792,"CREATION":"06/27/2001","SIZE":"A36.76","OWNER":"ORANGE COUNTY","PIN":"9860855268","TMBL":"7.23.C.31C","DESC_":"E/S SR 1009 P88/87","DEEDREF":"2295/224","PLAT_BKPG":"88/87","NAME":"(Future) Twin Creeks","TYPE":"Parkland & open space","CATEGORY_1":"Future park","Acres":33.10514717,"GlobalID":"{AD697144-084D-48F6-B19D-E210E00BE52F}","Acquired":993600000000,"Year":"2001","Shape__Area":204945.1796875,"Shape__Length":1826.4710450201374}},{"type":"Feature","id":50,"geometry":{"type":"Polygon","coordinates":[[[-79.1005141841726,36.0046719337244],[-79.100502576976,36.0039727489631],[-79.1005006068057,36.0038541586252],[-79.1011467012847,36.0038645398133],[-79.1017918797155,36.003874902125],[-79.102815090814,36.0038913271754],[-79.1036362349351,36.0039045048261],[-79.1036513033831,36.0031604817756],[-79.1036650938719,36.0024795296792],[-79.1039416940001,36.0028431821674],[-79.1041814801215,36.003158427447],[-79.1044503405635,36.00317861618],[-79.1046728640158,36.003067340416],[-79.1048762194766,36.0032105916476],[-79.1051609098994,36.0032319657201],[-79.1054542069671,36.002988878827],[-79.1053237792924,36.0020094694543],[-79.1053495066137,36.0020095761533],[-79.1053749558238,36.0020065088071],[-79.1053995369353,36.0020003391256],[-79.1054226811276,36.0019912090998],[-79.1058274335886,36.0029262638104],[-79.1064157512115,36.0029227262986],[-79.1070107055281,36.0022490459043],[-79.1069818210787,36.0024527351833],[-79.1069724452226,36.0025974290431],[-79.1069754244005,36.0028123139229],[-79.1070957180508,36.0047886575816],[-79.1067783815883,36.0046780943492],[-79.1064823858924,36.0045439371457],[-79.1061860158953,36.0044111792179],[-79.1058829052828,36.0042895039296],[-79.1054274380955,36.0041660271309],[-79.1052423721528,36.004075506204],[-79.1049892927623,36.0038059122104],[-79.1048186222848,36.0036608810894],[-79.1045361743093,36.0037233612837],[-79.1042324986444,36.0038523186737],[-79.1038986769809,36.0039069118249],[-79.1037100528127,36.003969064227],[-79.1032747652595,36.0044298373689],[-79.1031250829874,36.0046329859007],[-79.102618103279,36.0049323012398],[-79.1023225717002,36.0050700848342],[-79.1020545129794,36.0052374884531],[-79.1018283276567,36.0055362005429],[-79.1015058503706,36.0056587523806],[-79.1011827679952,36.0057772138962],[-79.1008648946675,36.0059311370439],[-79.1005357175491,36.0059688246066],[-79.1005141841726,36.0046719337244]]]},"properties":{"FID":50,"AREA_":914454.22854,"PERIMETER":0,"PARCELS_":0,"PARCELS_ID":0,"CREATION":" ","SIZE":"20.99","OWNER":"ORANGE COUNTY","PIN":"9862902191","TMBL":"N/A","DESC_":"E/O Old NC 86 & N/O New Hope Ch Rd","DEEDREF":"5114/61","PLAT_BKPG":"108/30","NAME":"OPEN SPACE LUCAS FARM AT NEW HOPE CREEK","TYPE":"Parkland & open space","CATEGORY_1":"Rec & open space","Acres":20.99298045,"GlobalID":"{CEAE0971-861C-435F-9B49-E941647F9727}","Acquired":1297641600000,"Year":"2011","Shape__Area":130096.7421875,"Shape__Length":2824.6114407241625}},{"type":"Feature","id":51,"geometry":{"type":"Polygon","coordinates":[[[-79.1596226921019,36.0614622546293],[-79.1561212857135,36.0614704530088],[-79.1562528112469,36.0591278925561],[-79.1526780020408,36.0590508314559],[-79.1526881457907,36.0587741994157],[-79.1519761023003,36.0587642571854],[-79.151219716741,36.0587355331077],[-79.1512044460301,36.0584526986347],[-79.151295334314,36.0573949597396],[-79.1513128001322,36.0568237559469],[-79.1519724779982,36.0568514010385],[-79.1628803921112,36.0570641424333],[-79.1628439556603,36.0580685726897],[-79.1627424432372,36.0612826690499],[-79.1658315611654,36.0613542123226],[-79.1658253256692,36.061527598024],[-79.1627446203073,36.0614461323363],[-79.1627372799377,36.0614461231808],[-79.1620644012337,36.0614452676491],[-79.1620615829671,36.0614452641749],[-79.1596230373056,36.0614622532774],[-79.1596226921019,36.0614622546293]]]},"properties":{"FID":51,"AREA_":4347641.83285,"PERIMETER":11938.79326,"PARCELS_":16464,"PARCELS_ID":16463,"CREATION":"06/27/2001","SIZE":"A108.90","OWNER":"ORANGE COUNTY","PIN":"9854305558","TMBL":"3.50..7","DESC_":"#2 ORANGE CO MAYES HILL TR","DEEDREF":"2295/361","PLAT_BKPG":" ","NAME":"Seven Mile Creek Preserve","TYPE":"Parkland & open space","CATEGORY_1":"Open space","Acres":99.80812288,"GlobalID":"{37606145-AAA9-4C9F-BA1F-CAE5ED2D6440}","Acquired":993600000000,"Year":"2001","Shape__Area":619977.6875,"Shape__Length":4503.9440059830113}},{"type":"Feature","id":52,"geometry":{"type":"Polygon","coordinates":[[[-79.1511566212941,36.061487010281],[-79.1512320633606,36.058963633646],[-79.151219716741,36.0587355331077],[-79.1519761023003,36.0587642571854],[-79.1526881457907,36.0587741994157],[-79.1526780020408,36.0590508314559],[-79.1562528112469,36.0591278925561],[-79.1561212857135,36.0614704530088],[-79.1561210814762,36.0614704532696],[-79.1519812529704,36.0614823955831],[-79.1511566212941,36.061487010281]]]},"properties":{"FID":52,"AREA_":1333382.87464,"PERIMETER":4902.99855,"PARCELS_":16475,"PARCELS_ID":16474,"CREATION":"01/01/1980","SIZE":"A31.5","OWNER":"ORANGE COUNTY","PIN":"9854407990","TMBL":"3.50..8","DESC_":"S/O I-85","DEEDREF":"240/464","PLAT_BKPG":" ","NAME":"Seven Mile Creek Preserve","TYPE":"Parkland & open space","CATEGORY_1":"Open space","Acres":30.61025883,"GlobalID":"{936EDDCD-F7D5-43C0-B476-CAE3ACB1725C}","Acquired":97804800000,"Year":"1973","Shape__Area":190252.20703125,"Shape__Length":1854.366441681892}},{"type":"Feature","id":53,"geometry":{"type":"Polygon","coordinates":[[[-79.1396616246403,36.0634429308026],[-79.1384009786221,36.0628439408409],[-79.1394593362366,36.0627967176714],[-79.139630994579,36.0627898497939],[-79.1396736746853,36.0629873478357],[-79.1397551559932,36.0633644007717],[-79.1397081436939,36.0633420611461],[-79.1396616246403,36.0634429308026]]]},"properties":{"FID":53,"AREA_":46454.9727,"PERIMETER":1063.46779,"PARCELS_":0,"PARCELS_ID":0,"CREATION":"12/20/2012","SIZE":"1.07","OWNER":"ORANGE COUNTY","PIN":"9854819811","TMBL":" ","DESC_":"SM P/O A DENNIS BROOKS P94/88","DEEDREF":"5510/298","PLAT_BKPG":"94/88","NAME":"Brooks","TYPE":"Parkland & open space","CATEGORY_1":"Rec & open space","Acres":1.58,"GlobalID":"{E96228F2-7E07-45B5-B006-9FE898E3263D}","Acquired":1355961600000,"Year":"2012","Shape__Area":6618.59375,"Shape__Length":401.12274374948333}},{"type":"Feature","id":54,"geometry":{"type":"Polygon","coordinates":[[[-79.1122995862071,36.0978823414607],[-79.112253587695,36.097880873211],[-79.112173552287,36.0978783186298],[-79.1118833663635,36.0978690538311],[-79.1116338939459,36.0978610895293],[-79.1115976082241,36.0978599312058],[-79.1112968889829,36.097850329452],[-79.1109508032445,36.0978392783742],[-79.1106094773642,36.0978283788282],[-79.1101366547356,36.0978154284277],[-79.1097412858978,36.0978052312087],[-79.1094748178478,36.0977947948442],[-79.1091087877798,36.0977834022176],[-79.1091154579684,36.0976379006488],[-79.1089567946199,36.0956866262955],[-79.1088934532562,36.0949877046096],[-79.108940803735,36.0944619804492],[-79.1088798854587,36.0944624078052],[-79.1090134897317,36.0929796846743],[-79.1084639711046,36.093020240473],[-79.1075649340997,36.0929543022453],[-79.107533414151,36.0906642381899],[-79.10863202939,36.0907244019919],[-79.1090499436459,36.0907472847608],[-79.1097504940222,36.0908070177234],[-79.1097935512536,36.0908099621803],[-79.1098363118743,36.0908103608878],[-79.10987085001,36.0908091059834],[-79.1098804402571,36.0908081402519],[-79.1099322550583,36.0908020625979],[-79.1099631479759,36.0907952611132],[-79.1099831409914,36.0907923114053],[-79.1100283321876,36.0907804672299],[-79.1100832356967,36.0907611141842],[-79.1101209409587,36.0907446542564],[-79.1101554876151,36.0907269146983],[-79.1101702844401,36.0907186180813],[-79.1102051060261,36.0906948850209],[-79.110225772146,36.0906815605024],[-79.1103120208341,36.0906160536774],[-79.1104353780099,36.090640880545],[-79.1104851123238,36.0907445060723],[-79.1104872014735,36.0907497322734],[-79.1104892784129,36.0907549611892],[-79.1104913442523,36.0907601928188],[-79.1104933989931,36.0907654280633],[-79.1104954415235,36.0907706660225],[-79.110497472954,36.0907759066953],[-79.1104994932846,36.0907811500819],[-79.1105015025165,36.0907863970834],[-79.1105034995368,36.0907916458984],[-79.1105054854584,36.0907968983284],[-79.1105074602801,36.090802153472],[-79.1105094240019,36.0908074113293],[-79.1105113755133,36.0908126719014],[-79.1105133159248,36.0908179351871],[-79.1105152441272,36.0908232020888],[-79.1105171612284,36.0908284708029],[-79.1105190672296,36.0908337422308],[-79.1105209621322,36.0908390172736],[-79.1105228448231,36.0908442941299],[-79.1105247164154,36.0908495746011],[-79.110526575796,36.0908548568858],[-79.1105284240767,36.0908601418843],[-79.1105302612575,36.0908654295963],[-79.1105320862291,36.0908707209244],[-79.1105339000995,36.090876014065],[-79.1105357028687,36.090881309018],[-79.1105374934288,36.0908866075869],[-79.110539272889,36.0908919088696],[-79.1105410401375,36.0908972119658],[-79.110542796286,36.0909025177756],[-79.1105445413346,36.0909078262992],[-79.1105462741728,36.0909131375375],[-79.1105479959098,36.0909184505883],[-79.1105497054365,36.0909237663538],[-79.1105530911885,36.0909344051246],[-79.1105547663035,36.0909397281311],[-79.1105564292081,36.0909450538522],[-79.1105580821231,36.090950382286],[-79.1106075567654,36.0911743891852],[-79.1106415241522,36.0913541520314],[-79.1107394274296,36.0919491063586],[-79.1108114375826,36.0924667892011],[-79.1109946011551,36.0936497245808],[-79.1106168502589,36.093687693488],[-79.1106865248414,36.0941617483099],[-79.110832289891,36.0943369674528],[-79.1109048471232,36.0945990987817],[-79.1114163333499,36.0947252848599],[-79.1115521985005,36.0949882611192],[-79.1116707163817,36.0949479280344],[-79.111880378364,36.0952104697036],[-79.1120649102901,36.0955124307028],[-79.1121003147448,36.0956399548861],[-79.1121465457655,36.0958061862787],[-79.1123146044589,36.0960271650433],[-79.1123083611999,36.0965368212391],[-79.1123049015586,36.0969761801014],[-79.1123024503593,36.0973941453015],[-79.1123001992448,36.0977780137635],[-79.1122995862071,36.0978823414607]]]},"properties":{"FID":54,"AREA_":1812912.28033,"PERIMETER":6673.7679,"PARCELS_":9609,"PARCELS_ID":9608,"CREATION":"04/29/1983","SIZE":" ","OWNER":"ORANGE COUNTY","PIN":"9865735224","TMBL":"4.5.A.15A","DESC_":"TR 2-3 TOWN OF HILLSBOROUGH PROP","DEEDREF":"417/261","PLAT_BKPG":" ","NAME":"Fairview Park","TYPE":"Parkland & open space","CATEGORY_1":"Existing park","Acres":41.61873921,"GlobalID":"{7BB1EC31-E8E1-461A-B023-A36EFFFE65F2}","Acquired":420422400000,"Year":"1983","Shape__Area":310026.0078125,"Shape__Length":2964.9666955952425}},{"type":"Feature","id":55,"geometry":{"type":"Polygon","coordinates":[[[-78.9954248094741,35.9831460998193],[-78.9960466586842,35.9795799322499],[-78.996056059595,35.9795800776597],[-78.9963997284448,35.9795854139285],[-78.9966352203067,35.9795890699199],[-78.9967191300125,35.9796705235119],[-78.9969067512861,35.9798526516978],[-78.9971547361939,35.980145732966],[-78.9973763143697,35.9804275669741],[-78.9974149145998,35.980484462834],[-78.9974534525967,35.9805474053595],[-78.9974873647384,35.9806004192878],[-78.9975192132071,35.9806567174241],[-78.9975648338714,35.980752691023],[-78.9978374308054,35.9813881066825],[-78.9967393672973,35.982182352023],[-78.9963147531676,35.9825238442175],[-78.9959961815819,35.982812628061],[-78.9956788745301,35.9831553210312],[-78.9956783887998,35.9831558437553],[-78.9956331449827,35.9831615697684],[-78.9956057913172,35.9831651171193],[-78.9954172276101,35.9831895762853],[-78.9954175382061,35.9831877935691],[-78.9954237013133,35.9831524546891],[-78.9954248094741,35.9831460998193]]]},"properties":{"FID":55,"AREA_":492296.98544,"PERIMETER":0,"PARCELS_":0,"PARCELS_ID":0,"CREATION":" ","SIZE":"11.26","OWNER":"Orange County","PIN":"0801019995","TMBL":" ","DESC_":" ","DEEDREF":"5269/566","PLAT_BKPG":" ","NAME":"Hollow Rock Nature Park","TYPE":"Park","CATEGORY_1":"Existing park","Acres":11.26,"GlobalID":"{163A5B98-3D95-4EE8-B34B-3D2C5CE74690}","Acquired":1323043200000,"Year":"2011","Shape__Area":69998.015625,"Shape__Length":1223.314466374572}},{"type":"Feature","id":56,"geometry":{"type":"Polygon","coordinates":[[[-79.1434254471959,36.0629780158103],[-79.1434512014757,36.0629648372589],[-79.1434494962092,36.0629646725284],[-79.1434816257411,36.0629492703164],[-79.1437978065166,36.0627976979316],[-79.1437346372076,36.0627130700217],[-79.1436341448345,36.0625883415431],[-79.1437252084172,36.0621302002183],[-79.1442940001005,36.0621818162879],[-79.1443728424093,36.0623021861317],[-79.1445633503322,36.0618614442582],[-79.1450054538575,36.0614454757531],[-79.1460676254833,36.0612494303657],[-79.1455410025326,36.0604082089901],[-79.1451474617205,36.0598548553292],[-79.1453526735032,36.0598537273974],[-79.1453739539568,36.0594451919212],[-79.1450396069743,36.0594289717571],[-79.1450009729825,36.0596704348758],[-79.1446474296558,36.0595782573163],[-79.144900836037,36.0591033573493],[-79.1443124373595,36.0589984906262],[-79.1443150004502,36.0586613600251],[-79.1443252048248,36.0573196299451],[-79.1470084006902,36.0579653073404],[-79.1484431136462,36.0585627088252],[-79.149835489162,36.0591484515084],[-79.1498506960093,36.0591439157975],[-79.1512044460301,36.0584526986347],[-79.151219716741,36.0587355331077],[-79.1512373248972,36.0590608397411],[-79.1511566212941,36.061487010281],[-79.1500609029901,36.0614816998176],[-79.1500599050994,36.0614816938324],[-79.1497661522937,36.0618443297297],[-79.149789072677,36.0618844181143],[-79.1499641601566,36.0621906673913],[-79.1499303500114,36.0626843669154],[-79.1497296197949,36.0630403471568],[-79.1495792586072,36.063036558494],[-79.1494959229513,36.0630344586664],[-79.1473505335946,36.0629516849749],[-79.1467276789191,36.0629364251442],[-79.1467022642262,36.0631749074763],[-79.1462108199405,36.0631473870811],[-79.1435098079174,36.0629537308726],[-79.1435080015206,36.0629703313147],[-79.143506532595,36.0629838310606],[-79.1434254471959,36.0629780158103]]]},"properties":{"FID":56,"AREA_":0,"PERIMETER":0,"PARCELS_":0,"PARCELS_ID":0,"CREATION":"1/7/2010","SIZE":"70.77","OWNER":"Orange County","PIN":"9854614041","TMBL":"3.46..14","DESC_":"S/O HWY I-85","DEEDREF":"4884/323","PLAT_BKPG":"106/93","NAME":"SEVEN MILE CREEK PRESERVE","TYPE":"Parkland & open space","CATEGORY_1":"Open Space","Acres":70.77,"GlobalID":"{7DDF73D8-519C-4E36-BACA-191FFD9961A7}","Acquired":null,"Year":" ","Shape__Area":438130.93359375,"Shape__Length":3626.5128982150763}},{"type":"Feature","id":57,"geometry":{"type":"Polygon","coordinates":[[[-79.0756867211299,35.9647561994628],[-79.0748289877596,35.9647504028865],[-79.0748271340738,35.9647503905032],[-79.0730606929516,35.9647842822761],[-79.0728036691809,35.9647899705793],[-79.0714455117337,35.964820023985],[-79.0710710548786,35.9641164184154],[-79.0684587063122,35.9607447203595],[-79.0684322849467,35.9606021445049],[-79.0684021332969,35.9604112374546],[-79.0683829640487,35.9602196365513],[-79.0683975822507,35.9600276733188],[-79.0684240297532,35.9598365614665],[-79.068470330768,35.9596480134379],[-79.0685402875729,35.9594646029536],[-79.0686296775788,35.9592865026903],[-79.0686844248786,35.9591744645181],[-79.0704115213168,35.9593058572247],[-79.0701182272317,35.9609060930403],[-79.0749021630351,35.9610302532144],[-79.0751432082556,35.961382634086],[-79.0756860401518,35.9616328003945],[-79.0760151679025,35.9620931988994],[-79.076078734315,35.9621958671136],[-79.0757696366701,35.9622011542776],[-79.0756867211299,35.9647561994628]]]},"properties":{"FID":57,"AREA_":2616359.103,"PERIMETER":0,"PARCELS_":0,"PARCELS_ID":0,"CREATION":"02/19/2003","SIZE":"60","OWNER":"ORANGE COUNTY","PIN":"9870855283","TMBL":" ","DESC_":"#A TOWN OF CHAPEL HILL P86/128","DEEDREF":"2894/283","PLAT_BKPG":"86/128","NAME":"Headwater's Nature Preserve","TYPE":"Parkland & open space","CATEGORY_1":" ","Acres":0,"GlobalID":"{3A9F44AA-5E4C-4733-8B95-3CFFCC836805}","Acquired":null,"Year":" ","Shape__Area":371838.15625,"Shape__Length":2894.6995045909684}},{"type":"Feature","id":58,"geometry":{"type":"Polygon","coordinates":[[[-79.1928732921442,36.0750730337477],[-79.1929239816746,36.0697864213052],[-79.1950973697949,36.0698701775937],[-79.1963530568916,36.0755227809289],[-79.1928732921442,36.0750730337477]]]},"properties":{"FID":58,"AREA_":1645975.2211,"PERIMETER":0,"PARCELS_":0,"PARCELS_ID":0,"CREATION":"08/08/2016","SIZE":"38.41","OWNER":"ORANGE COUNTY","PIN":"9844255464","TMBL":" ","DESC_":"1 SL EFLAND HEIRS LLC P116/22","DEEDREF":"6169/541","PLAT_BKPG":"116/22","NAME":"Soccor.com Soccer Park","TYPE":"Park","CATEGORY_1":"Future park","Acres":38,"GlobalID":"{AFE5FAA2-8EF5-4E4E-8E67-1DEA7EADFF21}","Acquired":null,"Year":" ","Shape__Area":234565.1171875,"Shape__Length":2153.5805903730552}},{"type":"Feature","id":59,"geometry":{"type":"Polygon","coordinates":[[[-79.1950973697949,36.0698701775937],[-79.1975107829908,36.0698592705525],[-79.1977844615097,36.0711316995564],[-79.1987633197936,36.0758881599257],[-79.1987589286463,36.075887565932],[-79.1963530568916,36.0755227809289],[-79.1950973697949,36.0698701775937]]]},"properties":{"FID":59,"AREA_":1530628.28606,"PERIMETER":5795.6256,"PARCELS_":14684,"PARCELS_ID":14683,"CREATION":"03/23/2004","SIZE":"A34.089","OWNER":"ORANGE COUNTY","PIN":"9844157438","TMBL":"3.44..3A","DESC_":"#B ORANGE CO BOE P96/86","DEEDREF":"3376/62","PLAT_BKPG":" ","NAME":"Eurosports Soccor Center","TYPE":"Parkland & open space","CATEGORY_1":"Existing park","Acres":35.1383904,"GlobalID":"{2A7B552B-329D-46DA-A4F8-3617E7614C19}","Acquired":1080000000000,"Year":"2004","Shape__Area":212999.25390625,"Shape__Length":2174.5724381784189}},{"type":"Feature","id":60,"geometry":{"type":"Polygon","coordinates":[[[-78.9976034219153,35.9713299338291],[-78.9974873354117,35.9713166321778],[-78.9978619258614,35.969167809601],[-78.9980403787266,35.9695631927558],[-78.9979675993543,35.9696750101129],[-78.9979523039462,35.9697844427031],[-78.9979481733408,35.9698081364544],[-78.9979687069971,35.9700265815737],[-78.9978929343979,35.9704027900449],[-78.9978627299375,35.9706663335162],[-78.9977804223306,35.970924805404],[-78.9976034219153,35.9713299338291]]]},"properties":{"FID":60,"AREA_":48608.53331,"PERIMETER":1599.03809,"PARCELS_":24880,"PARCELS_ID":24879,"CREATION":"03/11/2005","SIZE":"A1.117","OWNER":"ORANGE COUNTY","PIN":"0800085035","TMBL":"7.16..26A","DESC_":"#3 HOPE CREEK P97/15","DEEDREF":"3693/318","PLAT_BKPG":" ","NAME":"New Hope Preserve","TYPE":"Parkland & open space","CATEGORY_1":"open space","Acres":1.11589837,"GlobalID":"{165A7098-5506-4D1D-9364-E18B199E33D4}","Acquired":1110499200000,"Year":"2005","Shape__Area":6776.125,"Shape__Length":620.04896642631581}},{"type":"Feature","id":61,"geometry":{"type":"Polygon","coordinates":[[[-78.9992760087008,35.9796470564304],[-78.9969026939677,35.9795921332303],[-78.9968012217594,35.9794898543439],[-78.9965318233067,35.9792581163582],[-78.9962859636929,35.9790816530429],[-78.9961510154581,35.9789814022552],[-78.9961572378172,35.9789457189935],[-78.9967281669584,35.9782546452199],[-78.9974092862813,35.9776753846709],[-78.9976523477514,35.9773883310034],[-78.9979289490811,35.9771171119839],[-78.998097971591,35.97666112192],[-78.9982274750086,35.9764145624068],[-78.9982571924482,35.9761558106313],[-78.9984378719351,35.9761258824502],[-78.9988350440759,35.9760626521386],[-78.9989741124156,35.9762351016861],[-78.9992980304294,35.9764826802915],[-78.9996670552907,35.976943848942],[-78.9998706423839,35.9774346999919],[-79.0000332868566,35.9775563196786],[-79.0002592648468,35.9779415886287],[-79.0002269582818,35.9781300985768],[-79.000121795959,35.9781972152302],[-79.0001639056455,35.9783569192447],[-79.0003001078018,35.9785405610258],[-78.9993485582557,35.9790852876175],[-78.9992760087008,35.9796470564304]]]},"properties":{"FID":61,"AREA_":937002.63191,"PERIMETER":4032.8155,"PARCELS_":24140,"PARCELS_ID":24139,"CREATION":"03/31/2006","SIZE":"A22.37","OWNER":"ORANGE COUNTY","PIN":"0801004954","TMBL":"7.16A..3C","DESC_":"2 WADE PENNY JR P99/136","DEEDREF":" ","PLAT_BKPG":" ","NAME":"New Hope Preserve","TYPE":"Parkland & open space","CATEGORY_1":"Rec & open space","Acres":20.91805284,"GlobalID":"{2683792D-4DD4-4DAD-A836-1698BF0AD5AA}","Acquired":1151539200000,"Year":"2006","Shape__Area":133218.8046875,"Shape__Length":1520.8171884541782}},{"type":"Feature","id":62,"geometry":{"type":"Polygon","coordinates":[[[-78.9985588448582,35.9758588164897],[-78.9986100205647,35.9757458370532],[-78.9987419470569,35.9755676264569],[-78.998850803164,35.9753930891116],[-78.9991282439687,35.9750288748186],[-78.9978770665487,35.9742696068635],[-78.9969211309055,35.9745644072756],[-78.9974872688751,35.9713170116163],[-78.9976034219153,35.9713299338291],[-78.9976491369722,35.9714716180705],[-78.997739814051,35.9715413645947],[-78.9978759739915,35.9716712174471],[-78.9980730047446,35.9716231589461],[-78.9983230130038,35.971442264502],[-78.9983963833429,35.9711064378343],[-78.9985834359238,35.9709958059458],[-78.998676645511,35.9710737507811],[-78.9989809970736,35.9715717229031],[-78.9991225713287,35.9718646947338],[-78.9992340728504,35.9720194672226],[-78.9995103588143,35.9723055994941],[-78.9998084354278,35.972437654327],[-79.0005001424231,35.972818940668],[-79.0005817714995,35.9728893186835],[-79.0008065387534,35.9731047633555],[-79.0009362261779,35.9732939900852],[-79.0009477702257,35.9734393946328],[-79.0008558845507,35.9737239713001],[-79.0006536526712,35.9740831484558],[-79.0005320164545,35.9743722421853],[-79.0005356554751,35.9747016495731],[-79.0004633688719,35.9749058071278],[-79.0003241722221,35.9750309747641],[-78.9998538408507,35.9752529840139],[-78.9990229437423,35.9757557740628],[-78.9988350440759,35.9760626521386],[-78.9984378719351,35.9761258824502],[-78.9985588448582,35.9758588164897]]]},"properties":{"FID":62,"AREA_":1144428.74821,"PERIMETER":4224.77924,"PARCELS_":0,"PARCELS_ID":0,"CREATION":"07/01/1998","SIZE":"A18.67","OWNER":"ORANGE COUNTY","PIN":"0800092259","TMBL":"7.16..73","DESC_":" ","DEEDREF":" ","PLAT_BKPG":" ","NAME":"New Hope Preserve","TYPE":"Parkland & open space","CATEGORY_1":"Open space","Acres":26.27246896,"GlobalID":"{90C5F0EB-A0B2-4649-BBBA-0084A6924B12}","Acquired":1167868800000,"Year":"2007","Shape__Area":164291.8515625,"Shape__Length":2057.3486405818444}},{"type":"Feature","id":63,"geometry":{"type":"Polygon","coordinates":[[[-78.9997348051202,35.9801318130836],[-78.9995176503866,35.9802478827444],[-78.9990372891122,35.9805359872571],[-78.9987643670523,35.9807184991908],[-78.9980009355253,35.9812699797732],[-78.9977229941902,35.9806290557333],[-78.9976769086416,35.9805382266801],[-78.9976182967516,35.9804309643434],[-78.9975296838531,35.980309393567],[-78.9974369571452,35.9801932915956],[-78.9973254205568,35.9800567976987],[-78.9970681389952,35.9797527254443],[-78.9969042618951,35.9795921693211],[-78.9992760087008,35.9796470564304],[-78.9999440443821,35.979657846867],[-79.0005390472976,35.9796693550182],[-79.000120994601,35.97987616368],[-79.0001477593389,35.9799179866085],[-78.9997348051202,35.9801318130836]]]},"properties":{"FID":63,"AREA_":293313.84743,"PERIMETER":2740.54596,"PARCELS_":24339,"PARCELS_ID":24338,"CREATION":"02/16/2006","SIZE":"A6.95","OWNER":"ORANGE COUNTY","PIN":"0801014625","TMBL":"7.16A..3C","DESC_":"#1 ORANGE COUNTY P99/73","DEEDREF":"3970/417","PLAT_BKPG":"P99/73","NAME":"New Hope Preserve","TYPE":"Parkland & open space","CATEGORY_1":"Future park","Acres":7.40032857,"GlobalID":"{10CBC67F-333B-4CB6-83E0-30259F7E7C2D}","Acquired":1140048000000,"Year":"2006","Shape__Area":41704.2578125,"Shape__Length":1032.5923442484477}},{"type":"Feature","id":64,"geometry":{"type":"Polygon","coordinates":[[[-79.0029821055194,36.0040772321638],[-79.0017466557899,36.0040041179792],[-79.0018434685425,36.0015266954147],[-79.0018854595697,36.0004520931939],[-79.001928981361,35.999338293245],[-79.0017779544957,35.9980449613518],[-79.0017200463456,35.9974124497837],[-79.0020466921937,35.997407289462],[-79.0020488056548,35.9974314976187],[-79.0020488061305,35.9974502125519],[-79.0020488065101,35.9974651493488],[-79.0020496521818,35.9974860958195],[-79.002049653103,35.9975223224856],[-79.0020496534653,35.9975365734133],[-79.0020496545568,35.9975794965366],[-79.0020551501579,35.9976219040385],[-79.0020526154227,35.9976488593511],[-79.0020483905169,35.9976802795977],[-79.0020475463092,35.9977170218033],[-79.0020462795601,35.9977549654122],[-79.0020458580089,35.9977951414592],[-79.0020450140253,35.9978408116719],[-79.0020445922639,35.9978727464789],[-79.0020445941526,35.9979034789804],[-79.0020433270945,35.9979294041138],[-79.0020412148612,35.9979541278644],[-79.0020416382421,35.9979860626558],[-79.002045864744,35.9980167959866],[-79.0020505136426,35.998040488567],[-79.0020538950362,35.9980724233075],[-79.0020589666096,35.9980998940152],[-79.0020615029597,35.9981356060031],[-79.0020615034691,35.9981555223277],[-79.0020572796318,35.9981862548972],[-79.0020534772295,35.9982159582056],[-79.0020467167832,35.9982446305072],[-79.0020458725426,35.99828034255],[-79.0020446053963,35.9983030059737],[-79.0020433380229,35.9983167413903],[-79.0020437609451,35.9983304767785],[-79.0020458741594,35.9983440399953],[-79.0020496776665,35.9983574319417],[-79.0020551714629,35.9983704804747],[-79.0020623555407,35.9983828422091],[-79.0020712299003,35.9983945171445],[-79.0020817945423,35.9984055052807],[-79.0020932043093,35.9984154623455],[-79.0021058817757,35.9984243901341],[-79.002119828046,35.9984321156015],[-79.0021346183317,35.9984388117994],[-79.002152366697,35.9984475673511],[-79.0021768763488,35.9984595844855],[-79.0021984278816,35.998467825336],[-79.0022254729239,35.998477267479],[-79.0022580115028,35.9984887698237],[-79.0022816759747,35.9984987275446],[-79.0023019598824,35.998509714578],[-79.0023175954066,35.9985184701454],[-79.0023433728796,35.9985322050475],[-79.0023674600456,35.9985454244489],[-79.0023995761481,35.9985586436881],[-79.0024270437163,35.9985646519293],[-79.0024549340782,35.9985776999959],[-79.00246761161,35.9985866268451],[-79.0024785988855,35.9985969281679],[-79.0024883184692,35.99860825967],[-79.0024959263138,35.998620449226],[-79.0025014202003,35.9986334977375],[-79.0025048012211,35.9986468896769],[-79.002506069375,35.9986606250444],[-79.0025052246504,35.9986743604552],[-79.0025022670356,35.9986877525244],[-79.0025031130456,35.9987153945353],[-79.0024997329273,35.9987311903067],[-79.0024967755115,35.9987511066871],[-79.0024933956136,35.9987741135393],[-79.0024832544431,35.9987955757479],[-79.002478606662,35.9988137752377],[-79.0024739589946,35.9988357519601],[-79.0024714242612,35.9988594455634],[-79.002467199266,35.9988846839816],[-79.0024659334217,35.9989100944827],[-79.0024612857978,35.9989337881278],[-79.0024557929801,35.9989562803934],[-79.0024498775818,35.9989787717656],[-79.0024443849296,35.9990069294287],[-79.0024401596531,35.9990234119831],[-79.0024350895048,35.9990493380863],[-79.002425370857,35.9990706281362],[-79.0024186102755,35.999092776138],[-79.0024114270712,35.9991135515098],[-79.002403821454,35.9991399922873],[-79.0024012866239,35.9991614534347],[-79.0023936810294,35.9991889243654],[-79.0023915699999,35.9992143348793],[-79.0023877675755,35.9992407755802],[-79.0023898811514,35.9992637823176],[-79.002389881691,35.9992819817095],[-79.0023924179139,35.9993072199884],[-79.0024067865263,35.9993381243332],[-79.0024160838621,35.9993578683217],[-79.0024270713549,35.9993721181199],[-79.002434255724,35.9993892872137],[-79.0024329885139,35.9994067998606],[-79.0023822787755,35.9994006208367],[-79.0023801661919,35.9994112658047],[-79.0023755989414,35.9994919333657],[-79.0023726308185,35.9995645750638],[-79.0023564758711,35.9998166422761],[-79.0023417324054,36.0000564845803],[-79.0023501842263,36.0000619785722],[-79.0023603263958,36.0000679871572],[-79.0023861054346,36.0000801763604],[-79.00240934777,36.0000889317617],[-79.0024313223452,36.0000971725574],[-79.0024524517948,36.0001066147618],[-79.0024659746809,36.0001138255668],[-79.0025052754593,36.0001308218556],[-79.0025310535009,36.0001452425774],[-79.0025530282453,36.0001579473513],[-79.0025821872153,36.0001799233545],[-79.0026143042711,36.000201384661],[-79.0026493795046,36.0002250774441],[-79.0026658529144,36.0002372027987],[-79.0026853000184,36.0002515172753],[-79.0027081201342,36.0002686860023],[-79.0027250238541,36.0002791584064],[-79.0027461535496,36.0002934088452],[-79.0027677068929,36.0003061135892],[-79.0027947528444,36.000322079907],[-79.002807430706,36.0003315231436],[-79.0028150374184,36.0003370171222],[-79.0028298280869,36.0003430255603],[-79.0028627900344,36.0003529829455],[-79.0028847646541,36.0003591633512],[-79.0029063169278,36.0003718680705],[-79.0028336390906,36.0005633116458],[-79.0031007268755,36.0008888373199],[-79.0029088757295,36.0009867111381],[-79.0028332534134,36.0015503916136],[-79.0032089568388,36.0020009071755],[-79.0029474133938,36.0030824292409],[-79.00281556795,36.0032373031447],[-79.0027378119438,36.0033061566016],[-79.0027665671276,36.0038093949207],[-79.0029821055194,36.0040772321638]]]},"properties":{"FID":64,"AREA_":644970.08372,"PERIMETER":5641.07811,"PARCELS_":22490,"PARCELS_ID":22489,"CREATION":"05/18/1989","SIZE":"S638077","OWNER":"ORANGE COUNTY","PIN":"9891991328","TMBL":"7.6..92","DESC_":"#F & N PH 1-2 PINEY MOUNTAIN","DEEDREF":" ","PLAT_BKPG":"792/157","NAME":"Piney Mountain subdivision (Ph1 & 2)","TYPE":"Parkland & open space","CATEGORY_1":"Rec & open space","Acres":14.80647575,"GlobalID":"{F3162DA0-5847-465E-BB4B-A361E9A827DF}","Acquired":611366400000,"Year":"1989","Shape__Area":83861.6640625,"Shape__Length":2123.8089807212864}},{"type":"Feature","id":65,"geometry":{"type":"Polygon","coordinates":[[[-79.1056090482663,35.9639492032889],[-79.1049979427403,35.9639451085053],[-79.1048846535467,35.9642018918862],[-79.1045092373947,35.9640840147321],[-79.1042720862081,35.9645908947097],[-79.104660180755,35.9647121946999],[-79.1037652993244,35.9647567392466],[-79.1042556966621,35.9655423752671],[-79.102918263945,35.9651382471491],[-79.1002816988854,35.9662147351433],[-79.1002866908078,35.9670824181121],[-79.0998806363403,35.9670847986331],[-79.0993743925535,35.9670877740116],[-79.0992533650194,35.9639357538423],[-79.0966871324359,35.9639589254085],[-79.0966667219846,35.9636477142713],[-79.0966060031638,35.9627219159885],[-79.0965018892539,35.9611344112466],[-79.0969918243861,35.9611006862812],[-79.0969092319029,35.9598597391472],[-79.0988800405167,35.9598720343562],[-79.0990218238145,35.9598703611302],[-79.099027771641,35.9599672292895],[-79.0990316497609,35.9600135225295],[-79.099038522163,35.96007243766],[-79.0990587165067,35.9601548042713],[-79.0990773426682,35.9601878618658],[-79.0990927413429,35.9602151907959],[-79.0991114237071,35.9602407307087],[-79.0991329955016,35.9602702213148],[-79.0991547344918,35.9603527714137],[-79.0991671014252,35.9603965143187],[-79.0991719325544,35.9604568470119],[-79.0991776426283,35.9605269552425],[-79.0991804684914,35.960561270326],[-79.0991958789781,35.9606143579928],[-79.099207605526,35.9606547567361],[-79.0992114800729,35.9606962289808],[-79.0992209457074,35.9607975429909],[-79.0992263285077,35.9609097839034],[-79.0992350739304,35.9610176841875],[-79.0992351275589,35.9610612982831],[-79.0992222293176,35.961159003677],[-79.0992145302615,35.9612150969684],[-79.0992215333352,35.9612755062879],[-79.0992519640553,35.9613624511559],[-79.0993500072436,35.9615118479085],[-79.099418038251,35.9616161452307],[-79.0994406418892,35.9616747131161],[-79.0994985671004,35.9617790880159],[-79.0995378316761,35.961830000299],[-79.0996540325472,35.9619512591558],[-79.0997101301511,35.9620386119493],[-79.0997824610899,35.9621490144519],[-79.0998636784645,35.9622697771298],[-79.0999176570122,35.9623572793617],[-79.1000462013142,35.9625060737149],[-79.1001019534598,35.9625788221609],[-79.1002086038902,35.9627202779845],[-79.1003307168562,35.9628519907247],[-79.1005130985667,35.9629728103743],[-79.1006483024385,35.9630443791422],[-79.1007765429469,35.9630882110375],[-79.1009657447095,35.9631210075386],[-79.1011348528105,35.9631539618923],[-79.1012969562525,35.963126507757],[-79.1013918692118,35.9631154441149],[-79.1014320709843,35.9631263955937],[-79.1015540206907,35.9631262942307],[-79.1016269216626,35.9631196244519],[-79.1017840277238,35.9630987820538],[-79.1018713121536,35.9630825140659],[-79.1019793899997,35.9630714398841],[-79.1020673669004,35.9630548899765],[-79.1021892331179,35.963035342814],[-79.1023313254199,35.9630273483831],[-79.1023741560421,35.9630192270489],[-79.1025154628199,35.9629959508648],[-79.1026457346241,35.9629712759857],[-79.1027497294102,35.9629447547168],[-79.1028458622859,35.9629299945473],[-79.1029571217622,35.9629242857774],[-79.1030607831047,35.9629006955047],[-79.1032201250102,35.9629166713911],[-79.1033132595422,35.9629474310125],[-79.10344611689,35.9629664176724],[-79.1035542509229,35.9629994194177],[-79.1036284329981,35.9630323101866],[-79.1037303383756,35.9630709509969],[-79.1038925325013,35.9631147507722],[-79.1039798586187,35.9631311528408],[-79.1040748137132,35.9631530407785],[-79.1041822269971,35.9631640746477],[-79.1042876423409,35.9631766630438],[-79.1044261906593,35.9632134369533],[-79.1044774242922,35.9632324571174],[-79.1045884212205,35.9632848376382],[-79.1046626324698,35.9633396956818],[-79.1047368438212,35.9633945545806],[-79.1047777820512,35.9634385977229],[-79.1048037540106,35.9634931329423],[-79.1048590297894,35.9635759739977],[-79.1049200906647,35.9636418280369],[-79.1050144037419,35.9637021610184],[-79.1051225823275,35.9637681150226],[-79.1051766572793,35.963790037286],[-79.1052910577217,35.9638448612158],[-79.105406122712,35.9638778562364],[-79.1054740560515,35.9638999070041],[-79.105520094277,35.9639173323339],[-79.1056090482663,35.9639492032889]]]},"properties":{"FID":65,"AREA_":2772935.93433,"PERIMETER":10256.43099,"PARCELS_":0,"PARCELS_ID":0,"CREATION":" ","SIZE":" ","OWNER":"SCHOOL BOARD","PIN":" ","TMBL":" ","DESC_":" ","DEEDREF":" ","PLAT_BKPG":" ","NAME":" ","TYPE":"OPEN SPACE","CATEGORY_1":" ","Acres":0,"GlobalID":"{D7B8F32F-FDEC-45F1-8029-CEDDCBE399AE}","Acquired":null,"Year":" ","Shape__Area":394099.9453125,"Shape__Length":3866.4097213842956}},{"type":"Feature","id":66,"geometry":{"type":"Polygon","coordinates":[[[-78.9992845386461,35.9795810026248],[-78.9993485582557,35.9790852876175],[-78.9994277418133,35.9790392110023],[-79.0000554953462,35.9786739174207],[-79.0002897611485,35.9785375967421],[-79.0003001078018,35.9785405610258],[-79.0003217935271,35.9785462750831],[-79.0005400126158,35.9786037795555],[-79.0009961690453,35.9787005723068],[-79.0010613809271,35.9787396990068],[-79.0011518959221,35.9787940092917],[-79.0012285664964,35.9789579197434],[-79.0012355402939,35.9789728295395],[-79.0012581108283,35.9791053840846],[-79.0012594160689,35.9791130413412],[-79.0012599394961,35.9791161155999],[-79.0012628159942,35.9791244704305],[-79.0012583428754,35.979124383954],[-79.0012304951057,35.9791238452729],[-79.0000406336816,35.9791008364092],[-78.9999792763679,35.97909964943],[-78.9999572689478,35.9790992240207],[-78.9999571647133,35.979103611449],[-78.9999453140637,35.9796042000224],[-78.9999440443821,35.979657846867],[-78.9994815738169,35.9796503768847],[-78.9992760087008,35.9796470564304],[-78.9992845386461,35.9795810026248]]]},"properties":{"FID":66,"AREA_":113255.65744,"PERIMETER":1735.65932,"PARCELS_":0,"PARCELS_ID":0,"CREATION":"05/28/2014","SIZE":"2.58","OWNER":"ORANGE COUNTY","PIN":"9891919120","TMBL":" ","DESC_":"E/O SR 1734 P91/60","DEEDREF":"5794/466","PLAT_BKPG":"p91/60","NAME":"New Hope Preserve","TYPE":"Parkland & open space","CATEGORY_1":"Future park","Acres":3,"GlobalID":"{7583D09E-D5AC-487F-BFC4-771A0BED2A34}","Acquired":1401235200000,"Year":"2014","Shape__Area":16102.52734375,"Shape__Length":654.14021224124713}},{"type":"Feature","id":67,"geometry":{"type":"Polygon","coordinates":[[[-79.250341469823,35.9543608486586],[-79.2508981630259,35.9536166852229],[-79.248026578053,35.9511469607044],[-79.2478063373825,35.9510128973177],[-79.2477285786618,35.9508653585993],[-79.2477038115658,35.9505913845163],[-79.248040762007,35.9505712460212],[-79.2480591915933,35.9507751105928],[-79.2512627838748,35.953530376717],[-79.2512769184114,35.9536389685362],[-79.250888592319,35.9541580725772],[-79.2509241202957,35.9542401089745],[-79.2533784131733,35.9549622567423],[-79.2534619748117,35.9549170286773],[-79.253529950429,35.9537883766221],[-79.2536144461606,35.9536986380276],[-79.2549826859898,35.9533386677604],[-79.2545044461353,35.9520965168758],[-79.2548443432524,35.9518376787913],[-79.2559819720864,35.95282526055],[-79.2553388994244,35.9533583754106],[-79.2550867205169,35.9536000890016],[-79.2538601470458,35.9539227895455],[-79.2537729607716,35.9553705241449],[-79.250341469823,35.9543608486586]]]},"properties":{"FID":67,"AREA_":493979.69528,"PERIMETER":8802.23809,"PARCELS_":0,"PARCELS_ID":0,"CREATION":"10/22/2019","SIZE":"11.34","OWNER":"ORANGE COUNTY","PIN":"9820428146","TMBL":" ","DESC_":"C ERIC KNIGHT P121/3","DEEDREF":"6631/2374","PLAT_BKPG":"121/3","NAME":"Mountains to Sea Trail access","TYPE":"Parkland & open space","CATEGORY_1":"Recreation","Acres":11.34,"GlobalID":"{BE2D21C4-EE51-4931-A8BF-95B3D1E47A1B}","Acquired":1571702400000,"Year":"2019","Shape__Area":70188.625,"Shape__Length":3317.8505785071407}},{"type":"Feature","id":68,"geometry":{"type":"Polygon","coordinates":[[[-79.033422875734,36.1081140805321],[-79.0334231989769,36.1081142003076],[-79.0344458742282,36.1081107902401],[-79.0344435439746,36.1081571854178],[-79.0341779789966,36.1090106146786],[-79.0341116267754,36.1092644317335],[-79.034109171215,36.1092777273859],[-79.034108147327,36.1092832738504],[-79.0340972302627,36.1093423751515],[-79.0342541517378,36.1100616085849],[-79.034257918895,36.110301410732],[-79.0343087141419,36.1103021832715],[-79.0383833726792,36.1103641489641],[-79.0383536997764,36.1109672458495],[-79.0382269204054,36.1131136317355],[-79.0382029444243,36.1137683908936],[-79.0373560211399,36.1140011264551],[-79.0352975319854,36.1145667735129],[-79.0350951710539,36.1146223781094],[-79.0335896523623,36.1146473430107],[-79.0334750464329,36.1146882929444],[-79.0326230452775,36.114680576966],[-79.0327453270221,36.1140284443161],[-79.0329801007384,36.1127763619672],[-79.0334360047329,36.1107099904427],[-79.033422875734,36.1081140805321]]]},"properties":{"FID":68,"AREA_":2465292.83666,"PERIMETER":7688.26093,"PARCELS_":0,"PARCELS_ID":0,"CREATION":"03/19/2020","SIZE":"59.86","OWNER":"ANDERSON NELS & NANCY","PIN":"9885995812","TMBL":" ","DESC_":"PLAT 121/146  P116/1","DEEDREF":"6156/81","PLAT_BKPG":"121/146","NAME":"Holden Roberts","TYPE":"Agriculture","CATEGORY_1":"Agriculture easement","Acres":56.753,"GlobalID":"{21CC6CFD-D6AB-4070-B749-61E5B8234574}","Acquired":1584576000000,"Year":"2020","Shape__Area":351666.9453125,"Shape__Length":2904.8213725425148}}]}