geoID,name,acai,units,Data_Value_missing,Municipality,State
1100015,Alta Floresta D'Oeste (RO),6000.0,Quilogramas por Hectare,False,Alta Floresta D'Oeste,RO
1100023,Ariquemes (RO),9167.0,Quilogramas por Hectare,False,Ariquemes,RO
1100031,Cabixi (RO),,Quilogramas por Hectare,True,Cabixi,RO
1100049,Cacoal (RO),,Quilogramas por Hectare,True,Cacoal,RO
1100056,Cerejeiras (RO),,Quilogramas por Hectare,True,Cerejeiras,RO
1100064,Colorado do Oeste (RO),,Quilogramas por Hectare,True,Colorado do Oeste,RO
1100072,Corumbiara (RO),,Quilogramas por Hectare,True,Corumbiara,RO
1100080,Costa Marques (RO),6800.0,Quilogramas por Hectare,False,Costa Marques,RO
1100098,Espigão D'Oeste (RO),,Quilogramas por Hectare,True,Espigão D'Oeste,RO
1100106,Guajará-Mirim (RO),3833.0,Quilogramas por Hectare,False,Guajará-Mirim,RO
1100114,Jaru (RO),7500.0,Quilogramas por Hectare,False,Jaru,RO
1100122,Ji-Paraná (RO),8000.0,Quilogramas por Hectare,False,Ji-Paraná,RO
1100130,Machadinho D'Oeste (RO),,Quilogramas por Hectare,True,Machadinho D'Oeste,RO
1100148,Nova Brasilândia D'Oeste (RO),6000.0,Quilogramas por Hectare,False,Nova Brasilândia D'Oeste,RO
1100155,Ouro Preto do Oeste (RO),8000.0,Quilogramas por Hectare,False,Ouro Preto do Oeste,RO
1100189,Pimenta Bueno (RO),8000.0,Quilogramas por Hectare,False,Pimenta Bueno,RO
1100205,Porto Velho (RO),8240.0,Quilogramas por Hectare,False,Porto Velho,RO
1100254,Presidente Médici (RO),,Quilogramas por Hectare,True,Presidente Médici,RO
1100262,Rio Crespo (RO),,Quilogramas por Hectare,True,Rio Crespo,RO
1100288,Rolim de Moura (RO),6000.0,Quilogramas por Hectare,False,Rolim de Moura,RO
1100296,Santa Luzia D'Oeste (RO),,Quilogramas por Hectare,True,Santa Luzia D'Oeste,RO
1100304,Vilhena (RO),,Quilogramas por Hectare,True,Vilhena,RO
1100320,São Miguel do Guaporé (RO),8000.0,Quilogramas por Hectare,False,São Miguel do Guaporé,RO
1100338,Nova Mamoré (RO),7667.0,Quilogramas por Hectare,False,Nova Mamoré,RO
1100346,Alvorada D'Oeste (RO),,Quilogramas por Hectare,True,Alvorada D'Oeste,RO
1100379,Alto Alegre dos Parecis (RO),,Quilogramas por Hectare,True,Alto Alegre dos Parecis,RO
1100403,Alto Paraíso (RO),10000.0,Quilogramas por Hectare,False,Alto Paraíso,RO
1100452,Buritis (RO),6000.0,Quilogramas por Hectare,False,Buritis,RO
1100502,Novo Horizonte do Oeste (RO),9000.0,Quilogramas por Hectare,False,Novo Horizonte do Oeste,RO
1100601,Cacaulândia (RO),8000.0,Quilogramas por Hectare,False,Cacaulândia,RO
1100700,Campo Novo de Rondônia (RO),8000.0,Quilogramas por Hectare,False,Campo Novo de Rondônia,RO
1100809,Candeias do Jamari (RO),7657.0,Quilogramas por Hectare,False,Candeias do Jamari,RO
1100908,Castanheiras (RO),,Quilogramas por Hectare,True,Castanheiras,RO
1100924,Chupinguaia (RO),,Quilogramas por Hectare,True,Chupinguaia,RO
1100940,Cujubim (RO),8000.0,Quilogramas por Hectare,False,Cujubim,RO
1101005,Governador Jorge Teixeira (RO),,Quilogramas por Hectare,True,Governador Jorge Teixeira,RO
1101104,Itapuã do Oeste (RO),7700.0,Quilogramas por Hectare,False,Itapuã do Oeste,RO
1101203,Ministro Andreazza (RO),,Quilogramas por Hectare,True,Ministro Andreazza,RO
1101302,Mirante da Serra (RO),8000.0,Quilogramas por Hectare,False,Mirante da Serra,RO
1101401,Monte Negro (RO),,Quilogramas por Hectare,True,Monte Negro,RO
1101435,Nova União (RO),5600.0,Quilogramas por Hectare,False,Nova União,RO
1101450,Parecis (RO),,Quilogramas por Hectare,True,Parecis,RO
1101468,Pimenteiras do Oeste (RO),,Quilogramas por Hectare,True,Pimenteiras do Oeste,RO
1101476,Primavera de Rondônia (RO),6000.0,Quilogramas por Hectare,False,Primavera de Rondônia,RO
1101484,São Felipe D'Oeste (RO),,Quilogramas por Hectare,True,São Felipe D'Oeste,RO
1101492,São Francisco do Guaporé (RO),6000.0,Quilogramas por Hectare,False,São Francisco do Guaporé,RO
1101500,Seringueiras (RO),,Quilogramas por Hectare,True,Seringueiras,RO
1101559,Teixeirópolis (RO),,Quilogramas por Hectare,True,Teixeirópolis,RO
1101609,Theobroma (RO),,Quilogramas por Hectare,True,Theobroma,RO
1101708,Urupá (RO),,Quilogramas por Hectare,True,Urupá,RO
1101757,Vale do Anari (RO),,Quilogramas por Hectare,True,Vale do Anari,RO
1101807,Vale do Paraíso (RO),7000.0,Quilogramas por Hectare,False,Vale do Paraíso,RO
1200013,Acrelândia (AC),3059.0,Quilogramas por Hectare,False,Acrelândia,AC
1200054,Assis Brasil (AC),,Quilogramas por Hectare,True,Assis Brasil,AC
1200104,Brasiléia (AC),,Quilogramas por Hectare,True,Brasiléia,AC
1200138,Bujari (AC),,Quilogramas por Hectare,True,Bujari,AC
1200179,Capixaba (AC),,Quilogramas por Hectare,True,Capixaba,AC
1200203,Cruzeiro do Sul (AC),,Quilogramas por Hectare,True,Cruzeiro do Sul,AC
1200252,Epitaciolândia (AC),1308.0,Quilogramas por Hectare,False,Epitaciolândia,AC
1200302,Feijó (AC),,Quilogramas por Hectare,True,Feijó,AC
1200328,Jordão (AC),,Quilogramas por Hectare,True,Jordão,AC
1200336,Mâncio Lima (AC),,Quilogramas por Hectare,True,Mâncio Lima,AC
1200344,Manoel Urbano (AC),,Quilogramas por Hectare,True,Manoel Urbano,AC
1200351,Marechal Thaumaturgo (AC),,Quilogramas por Hectare,True,Marechal Thaumaturgo,AC
1200385,Plácido de Castro (AC),2000.0,Quilogramas por Hectare,False,Plácido de Castro,AC
1200393,Porto Walter (AC),,Quilogramas por Hectare,True,Porto Walter,AC
1200401,Rio Branco (AC),,Quilogramas por Hectare,True,Rio Branco,AC
1200427,Rodrigues Alves (AC),,Quilogramas por Hectare,True,Rodrigues Alves,AC
1200435,Santa Rosa do Purus (AC),,Quilogramas por Hectare,True,Santa Rosa do Purus,AC
1200450,Senador Guiomard (AC),,Quilogramas por Hectare,True,Senador Guiomard,AC
1200500,Sena Madureira (AC),,Quilogramas por Hectare,True,Sena Madureira,AC
1200609,Tarauacá (AC),,Quilogramas por Hectare,True,Tarauacá,AC
1200708,Xapuri (AC),,Quilogramas por Hectare,True,Xapuri,AC
1200807,Porto Acre (AC),,Quilogramas por Hectare,True,Porto Acre,AC
1300029,Alvarães (AM),13000.0,Quilogramas por Hectare,False,Alvarães,AM
1300060,Amaturá (AM),11000.0,Quilogramas por Hectare,False,Amaturá,AM
1300086,Anamã (AM),11000.0,Quilogramas por Hectare,False,Anamã,AM
1300102,Anori (AM),12000.0,Quilogramas por Hectare,False,Anori,AM
1300144,Apuí (AM),,Quilogramas por Hectare,True,Apuí,AM
1300201,Atalaia do Norte (AM),11000.0,Quilogramas por Hectare,False,Atalaia do Norte,AM
1300300,Autazes (AM),11200.0,Quilogramas por Hectare,False,Autazes,AM
1300409,Barcelos (AM),10514.0,Quilogramas por Hectare,False,Barcelos,AM
1300508,Barreirinha (AM),11000.0,Quilogramas por Hectare,False,Barreirinha,AM
1300607,Benjamin Constant (AM),12000.0,Quilogramas por Hectare,False,Benjamin Constant,AM
1300631,Beruri (AM),10000.0,Quilogramas por Hectare,False,Beruri,AM
1300680,Boa Vista do Ramos (AM),,Quilogramas por Hectare,True,Boa Vista do Ramos,AM
1300706,Boca do Acre (AM),,Quilogramas por Hectare,True,Boca do Acre,AM
1300805,Borba (AM),10000.0,Quilogramas por Hectare,False,Borba,AM
1300839,Caapiranga (AM),12000.0,Quilogramas por Hectare,False,Caapiranga,AM
1300904,Canutama (AM),10000.0,Quilogramas por Hectare,False,Canutama,AM
1301001,Carauari (AM),12000.0,Quilogramas por Hectare,False,Carauari,AM
1301100,Careiro (AM),10400.0,Quilogramas por Hectare,False,Careiro,AM
1301159,Careiro da Várzea (AM),,Quilogramas por Hectare,True,Careiro da Várzea,AM
1301209,Coari (AM),12000.0,Quilogramas por Hectare,False,Coari,AM
1301308,Codajás (AM),12000.0,Quilogramas por Hectare,False,Codajás,AM
1301407,Eirunepé (AM),12000.0,Quilogramas por Hectare,False,Eirunepé,AM
1301506,Envira (AM),11000.0,Quilogramas por Hectare,False,Envira,AM
1301605,Fonte Boa (AM),7600.0,Quilogramas por Hectare,False,Fonte Boa,AM
1301654,Guajará (AM),,Quilogramas por Hectare,True,Guajará,AM
1301704,Humaitá (AM),10000.0,Quilogramas por Hectare,False,Humaitá,AM
1301803,Ipixuna (AM),12000.0,Quilogramas por Hectare,False,Ipixuna,AM
1301852,Iranduba (AM),10400.0,Quilogramas por Hectare,False,Iranduba,AM
1301902,Itacoatiara (AM),12000.0,Quilogramas por Hectare,False,Itacoatiara,AM
1301951,Itamarati (AM),10000.0,Quilogramas por Hectare,False,Itamarati,AM
1302009,Itapiranga (AM),,Quilogramas por Hectare,True,Itapiranga,AM
1302108,Japurá (AM),12000.0,Quilogramas por Hectare,False,Japurá,AM
1302207,Juruá (AM),14211.0,Quilogramas por Hectare,False,Juruá,AM
1302306,Jutaí (AM),10000.0,Quilogramas por Hectare,False,Jutaí,AM
1302405,Lábrea (AM),10000.0,Quilogramas por Hectare,False,Lábrea,AM
1302504,Manacapuru (AM),12000.0,Quilogramas por Hectare,False,Manacapuru,AM
1302553,Manaquiri (AM),10000.0,Quilogramas por Hectare,False,Manaquiri,AM
1302603,Manaus (AM),12000.0,Quilogramas por Hectare,False,Manaus,AM
1302702,Manicoré (AM),10000.0,Quilogramas por Hectare,False,Manicoré,AM
1302801,Maraã (AM),12000.0,Quilogramas por Hectare,False,Maraã,AM
1302900,Maués (AM),,Quilogramas por Hectare,True,Maués,AM
1303007,Nhamundá (AM),,Quilogramas por Hectare,True,Nhamundá,AM
1303106,Nova Olinda do Norte (AM),12000.0,Quilogramas por Hectare,False,Nova Olinda do Norte,AM
1303205,Novo Airão (AM),11000.0,Quilogramas por Hectare,False,Novo Airão,AM
1303304,Novo Aripuanã (AM),10000.0,Quilogramas por Hectare,False,Novo Aripuanã,AM
1303403,Parintins (AM),,Quilogramas por Hectare,True,Parintins,AM
1303502,Pauini (AM),,Quilogramas por Hectare,True,Pauini,AM
1303536,Presidente Figueiredo (AM),9000.0,Quilogramas por Hectare,False,Presidente Figueiredo,AM
1303569,Rio Preto da Eva (AM),10000.0,Quilogramas por Hectare,False,Rio Preto da Eva,AM
1303601,Santa Isabel do Rio Negro (AM),12000.0,Quilogramas por Hectare,False,Santa Isabel do Rio Negro,AM
1303700,Santo Antônio do Içá (AM),13514.0,Quilogramas por Hectare,False,Santo Antônio do Içá,AM
1303809,São Gabriel da Cachoeira (AM),12000.0,Quilogramas por Hectare,False,São Gabriel da Cachoeira,AM
1303908,São Paulo de Olivença (AM),11000.0,Quilogramas por Hectare,False,São Paulo de Olivença,AM
1303957,São Sebastião do Uatumã (AM),,Quilogramas por Hectare,True,São Sebastião do Uatumã,AM
1304005,Silves (AM),12000.0,Quilogramas por Hectare,False,Silves,AM
1304062,Tabatinga (AM),12000.0,Quilogramas por Hectare,False,Tabatinga,AM
1304104,Tapauá (AM),10000.0,Quilogramas por Hectare,False,Tapauá,AM
1304203,Tefé (AM),13000.0,Quilogramas por Hectare,False,Tefé,AM
1304237,Tonantins (AM),11000.0,Quilogramas por Hectare,False,Tonantins,AM
1304260,Uarini (AM),13000.0,Quilogramas por Hectare,False,Uarini,AM
1304302,Urucará (AM),12000.0,Quilogramas por Hectare,False,Urucará,AM
1304401,Urucurituba (AM),12000.0,Quilogramas por Hectare,False,Urucurituba,AM
1400027,Amajari (RR),7538.0,Quilogramas por Hectare,False,Amajari,RR
1400050,Alto Alegre (RR),,Quilogramas por Hectare,True,Alto Alegre,RR
1400100,Boa Vista (RR),,Quilogramas por Hectare,True,Boa Vista,RR
1400159,Bonfim (RR),,Quilogramas por Hectare,True,Bonfim,RR
1400175,Cantá (RR),,Quilogramas por Hectare,True,Cantá,RR
1400209,Caracaraí (RR),,Quilogramas por Hectare,True,Caracaraí,RR
1400233,Caroebe (RR),7500.0,Quilogramas por Hectare,False,Caroebe,RR
1400282,Iracema (RR),4000.0,Quilogramas por Hectare,False,Iracema,RR
1400308,Mucajaí (RR),6700.0,Quilogramas por Hectare,False,Mucajaí,RR
1400407,Normandia (RR),,Quilogramas por Hectare,True,Normandia,RR
1400456,Pacaraima (RR),6000.0,Quilogramas por Hectare,False,Pacaraima,RR
1400472,Rorainópolis (RR),5500.0,Quilogramas por Hectare,False,Rorainópolis,RR
1400506,São João da Baliza (RR),8000.0,Quilogramas por Hectare,False,São João da Baliza,RR
1400605,São Luiz do Anauá (RR),12000.0,Quilogramas por Hectare,False,São Luiz do Anauá,RR
1400704,Uiramutã (RR),,Quilogramas por Hectare,True,Uiramutã,RR
1500107,Abaetetuba (PA),5600.0,Quilogramas por Hectare,False,Abaetetuba,PA
1500131,Abel Figueiredo (PA),8000.0,Quilogramas por Hectare,False,Abel Figueiredo,PA
1500206,Acará (PA),12000.0,Quilogramas por Hectare,False,Acará,PA
1500305,Afuá (PA),,Quilogramas por Hectare,True,Afuá,PA
1500347,Água Azul do Norte (PA),10000.0,Quilogramas por Hectare,False,Água Azul do Norte,PA
1500404,Alenquer (PA),4961.0,Quilogramas por Hectare,False,Alenquer,PA
1500503,Almeirim (PA),8000.0,Quilogramas por Hectare,False,Almeirim,PA
1500602,Altamira (PA),8000.0,Quilogramas por Hectare,False,Altamira,PA
1500701,Anajás (PA),10000.0,Quilogramas por Hectare,False,Anajás,PA
1500800,Ananindeua (PA),4185.0,Quilogramas por Hectare,False,Ananindeua,PA
1500859,Anapu (PA),6271.0,Quilogramas por Hectare,False,Anapu,PA
1500909,Augusto Corrêa (PA),6444.0,Quilogramas por Hectare,False,Augusto Corrêa,PA
1500958,Aurora do Pará (PA),6000.0,Quilogramas por Hectare,False,Aurora do Pará,PA
1501006,Aveiro (PA),6000.0,Quilogramas por Hectare,False,Aveiro,PA
1501105,Bagre (PA),8800.0,Quilogramas por Hectare,False,Bagre,PA
1501204,Baião (PA),5750.0,Quilogramas por Hectare,False,Baião,PA
1501253,Bannach (PA),,Quilogramas por Hectare,True,Bannach,PA
1501303,Barcarena (PA),7000.0,Quilogramas por Hectare,False,Barcarena,PA
1501402,Belém (PA),4000.0,Quilogramas por Hectare,False,Belém,PA
1501451,Belterra (PA),5600.0,Quilogramas por Hectare,False,Belterra,PA
1501501,Benevides (PA),3125.0,Quilogramas por Hectare,False,Benevides,PA
1501576,Bom Jesus do Tocantins (PA),6000.0,Quilogramas por Hectare,False,Bom Jesus do Tocantins,PA
1501600,Bonito (PA),11700.0,Quilogramas por Hectare,False,Bonito,PA
1501709,Bragança (PA),6000.0,Quilogramas por Hectare,False,Bragança,PA
1501725,Brasil Novo (PA),6000.0,Quilogramas por Hectare,False,Brasil Novo,PA
1501758,Brejo Grande do Araguaia (PA),6000.0,Quilogramas por Hectare,False,Brejo Grande do Araguaia,PA
1501782,Breu Branco (PA),10083.0,Quilogramas por Hectare,False,Breu Branco,PA
1501808,Breves (PA),7715.0,Quilogramas por Hectare,False,Breves,PA
1501907,Bujaru (PA),11379.0,Quilogramas por Hectare,False,Bujaru,PA
1501956,Cachoeira do Piriá (PA),4500.0,Quilogramas por Hectare,False,Cachoeira do Piriá,PA
1502004,Cachoeira do Arari (PA),3423.0,Quilogramas por Hectare,False,Cachoeira do Arari,PA
1502103,Cametá (PA),5261.0,Quilogramas por Hectare,False,Cametá,PA
1502152,Canaã dos Carajás (PA),6000.0,Quilogramas por Hectare,False,Canaã dos Carajás,PA
1502202,Capanema (PA),3000.0,Quilogramas por Hectare,False,Capanema,PA
1502301,Capitão Poço (PA),11803.0,Quilogramas por Hectare,False,Capitão Poço,PA
1502400,Castanhal (PA),8000.0,Quilogramas por Hectare,False,Castanhal,PA
1502509,Chaves (PA),,Quilogramas por Hectare,True,Chaves,PA
1502608,Colares (PA),6000.0,Quilogramas por Hectare,False,Colares,PA
1502707,Conceição do Araguaia (PA),,Quilogramas por Hectare,True,Conceição do Araguaia,PA
1502756,Concórdia do Pará (PA),6500.0,Quilogramas por Hectare,False,Concórdia do Pará,PA
1502764,Cumaru do Norte (PA),5000.0,Quilogramas por Hectare,False,Cumaru do Norte,PA
1502772,Curionópolis (PA),6000.0,Quilogramas por Hectare,False,Curionópolis,PA
1502806,Curralinho (PA),9000.0,Quilogramas por Hectare,False,Curralinho,PA
1502855,Curuá (PA),7000.0,Quilogramas por Hectare,False,Curuá,PA
1502905,Curuçá (PA),7000.0,Quilogramas por Hectare,False,Curuçá,PA
1502939,Dom Eliseu (PA),9283.0,Quilogramas por Hectare,False,Dom Eliseu,PA
1502954,Eldorado do Carajás (PA),5000.0,Quilogramas por Hectare,False,Eldorado do Carajás,PA
1503002,Faro (PA),,Quilogramas por Hectare,True,Faro,PA
1503044,Floresta do Araguaia (PA),,Quilogramas por Hectare,True,Floresta do Araguaia,PA
1503077,Garrafão do Norte (PA),3037.0,Quilogramas por Hectare,False,Garrafão do Norte,PA
1503093,Goianésia do Pará (PA),6000.0,Quilogramas por Hectare,False,Goianésia do Pará,PA
1503101,Gurupá (PA),8000.0,Quilogramas por Hectare,False,Gurupá,PA
1503200,Igarapé-Açu (PA),8401.0,Quilogramas por Hectare,False,Igarapé-Açu,PA
1503309,Igarapé-Miri (PA),5000.0,Quilogramas por Hectare,False,Igarapé-Miri,PA
1503408,Inhangapi (PA),6477.0,Quilogramas por Hectare,False,Inhangapi,PA
1503457,Ipixuna do Pará (PA),8053.0,Quilogramas por Hectare,False,Ipixuna do Pará,PA
1503507,Irituia (PA),5993.0,Quilogramas por Hectare,False,Irituia,PA
1503606,Itaituba (PA),2000.0,Quilogramas por Hectare,False,Itaituba,PA
1503705,Itupiranga (PA),6088.0,Quilogramas por Hectare,False,Itupiranga,PA
1503754,Jacareacanga (PA),2000.0,Quilogramas por Hectare,False,Jacareacanga,PA
1503804,Jacundá (PA),10000.0,Quilogramas por Hectare,False,Jacundá,PA
1503903,Juruti (PA),6000.0,Quilogramas por Hectare,False,Juruti,PA
1504000,Limoeiro do Ajuru (PA),6000.0,Quilogramas por Hectare,False,Limoeiro do Ajuru,PA
1504059,Mãe do Rio (PA),3000.0,Quilogramas por Hectare,False,Mãe do Rio,PA
1504109,Magalhães Barata (PA),8000.0,Quilogramas por Hectare,False,Magalhães Barata,PA
1504208,Marabá (PA),6000.0,Quilogramas por Hectare,False,Marabá,PA
1504307,Maracanã (PA),8872.0,Quilogramas por Hectare,False,Maracanã,PA
1504406,Marapanim (PA),6551.0,Quilogramas por Hectare,False,Marapanim,PA
1504422,Marituba (PA),,Quilogramas por Hectare,True,Marituba,PA
1504455,Medicilândia (PA),15000.0,Quilogramas por Hectare,False,Medicilândia,PA
1504505,Melgaço (PA),6000.0,Quilogramas por Hectare,False,Melgaço,PA
1504604,Mocajuba (PA),2000.0,Quilogramas por Hectare,False,Mocajuba,PA
1504703,Moju (PA),6500.0,Quilogramas por Hectare,False,Moju,PA
1504752,Mojuí dos Campos (PA),6563.0,Quilogramas por Hectare,False,Mojuí dos Campos,PA
1504802,Monte Alegre (PA),3658.0,Quilogramas por Hectare,False,Monte Alegre,PA
1504901,Muaná (PA),4394.0,Quilogramas por Hectare,False,Muaná,PA
1504950,Nova Esperança do Piriá (PA),10000.0,Quilogramas por Hectare,False,Nova Esperança do Piriá,PA
1504976,Nova Ipixuna (PA),8000.0,Quilogramas por Hectare,False,Nova Ipixuna,PA
1505007,Nova Timboteua (PA),3469.0,Quilogramas por Hectare,False,Nova Timboteua,PA
1505031,Novo Progresso (PA),5000.0,Quilogramas por Hectare,False,Novo Progresso,PA
1505064,Novo Repartimento (PA),3000.0,Quilogramas por Hectare,False,Novo Repartimento,PA
1505106,Óbidos (PA),8000.0,Quilogramas por Hectare,False,Óbidos,PA
1505205,Oeiras do Pará (PA),6500.0,Quilogramas por Hectare,False,Oeiras do Pará,PA
1505304,Oriximiná (PA),,Quilogramas por Hectare,True,Oriximiná,PA
1505403,Ourém (PA),10000.0,Quilogramas por Hectare,False,Ourém,PA
1505437,Ourilândia do Norte (PA),10800.0,Quilogramas por Hectare,False,Ourilândia do Norte,PA
1505486,Pacajá (PA),6000.0,Quilogramas por Hectare,False,Pacajá,PA
1505494,Palestina do Pará (PA),8000.0,Quilogramas por Hectare,False,Palestina do Pará,PA
1505502,Paragominas (PA),4817.0,Quilogramas por Hectare,False,Paragominas,PA
1505536,Parauapebas (PA),6000.0,Quilogramas por Hectare,False,Parauapebas,PA
1505551,Pau D'Arco (PA),,Quilogramas por Hectare,True,Pau D'Arco,PA
1505601,Peixe-Boi (PA),3950.0,Quilogramas por Hectare,False,Peixe-Boi,PA
1505635,Piçarra (PA),,Quilogramas por Hectare,True,Piçarra,PA
1505650,Placas (PA),,Quilogramas por Hectare,True,Placas,PA
1505700,Ponta de Pedras (PA),3867.0,Quilogramas por Hectare,False,Ponta de Pedras,PA
1505809,Portel (PA),10000.0,Quilogramas por Hectare,False,Portel,PA
1505908,Porto de Moz (PA),8000.0,Quilogramas por Hectare,False,Porto de Moz,PA
1506005,Prainha (PA),3000.0,Quilogramas por Hectare,False,Prainha,PA
1506104,Primavera (PA),,Quilogramas por Hectare,True,Primavera,PA
1506112,Quatipuru (PA),10000.0,Quilogramas por Hectare,False,Quatipuru,PA
1506138,Redenção (PA),,Quilogramas por Hectare,True,Redenção,PA
1506161,Rio Maria (PA),,Quilogramas por Hectare,True,Rio Maria,PA
1506187,Rondon do Pará (PA),7440.0,Quilogramas por Hectare,False,Rondon do Pará,PA
1506195,Rurópolis (PA),,Quilogramas por Hectare,True,Rurópolis,PA
1506203,Salinópolis (PA),,Quilogramas por Hectare,True,Salinópolis,PA
1506302,Salvaterra (PA),4000.0,Quilogramas por Hectare,False,Salvaterra,PA
1506351,Santa Bárbara do Pará (PA),4700.0,Quilogramas por Hectare,False,Santa Bárbara do Pará,PA
1506500,Santa Izabel do Pará (PA),10500.0,Quilogramas por Hectare,False,Santa Izabel do Pará,PA
1506559,Santa Luzia do Pará (PA),,Quilogramas por Hectare,True,Santa Luzia do Pará,PA
1506583,Santa Maria das Barreiras (PA),2000.0,Quilogramas por Hectare,False,Santa Maria das Barreiras,PA
1506609,Santa Maria do Pará (PA),5123.0,Quilogramas por Hectare,False,Santa Maria do Pará,PA
1506708,Santana do Araguaia (PA),,Quilogramas por Hectare,True,Santana do Araguaia,PA
1506807,Santarém (PA),4000.0,Quilogramas por Hectare,False,Santarém,PA
1506906,Santarém Novo (PA),,Quilogramas por Hectare,True,Santarém Novo,PA
1507003,Santo Antônio do Tauá (PA),7428.0,Quilogramas por Hectare,False,Santo Antônio do Tauá,PA
1507102,São Caetano de Odivelas (PA),8000.0,Quilogramas por Hectare,False,São Caetano de Odivelas,PA
1507151,São Domingos do Araguaia (PA),5000.0,Quilogramas por Hectare,False,São Domingos do Araguaia,PA
1507201,São Domingos do Capim (PA),5000.0,Quilogramas por Hectare,False,São Domingos do Capim,PA
1507300,São Félix do Xingu (PA),,Quilogramas por Hectare,True,São Félix do Xingu,PA
1507409,São Francisco do Pará (PA),7000.0,Quilogramas por Hectare,False,São Francisco do Pará,PA
1507458,São Geraldo do Araguaia (PA),13000.0,Quilogramas por Hectare,False,São Geraldo do Araguaia,PA
1507466,São João da Ponta (PA),6000.0,Quilogramas por Hectare,False,São João da Ponta,PA
1507474,São João de Pirabas (PA),3000.0,Quilogramas por Hectare,False,São João de Pirabas,PA
1507508,São João do Araguaia (PA),8640.0,Quilogramas por Hectare,False,São João do Araguaia,PA
1507607,São Miguel do Guamá (PA),12000.0,Quilogramas por Hectare,False,São Miguel do Guamá,PA
1507706,São Sebastião da Boa Vista (PA),3155.0,Quilogramas por Hectare,False,São Sebastião da Boa Vista,PA
1507755,Sapucaia (PA),,Quilogramas por Hectare,True,Sapucaia,PA
1507805,Senador José Porfírio (PA),,Quilogramas por Hectare,True,Senador José Porfírio,PA
1507904,Soure (PA),,Quilogramas por Hectare,True,Soure,PA
1507953,Tailândia (PA),10000.0,Quilogramas por Hectare,False,Tailândia,PA
1507961,Terra Alta (PA),6948.0,Quilogramas por Hectare,False,Terra Alta,PA
1507979,Terra Santa (PA),,Quilogramas por Hectare,True,Terra Santa,PA
1508001,Tomé-Açu (PA),2960.0,Quilogramas por Hectare,False,Tomé-Açu,PA
1508035,Tracuateua (PA),6000.0,Quilogramas por Hectare,False,Tracuateua,PA
1508050,Trairão (PA),4701.0,Quilogramas por Hectare,False,Trairão,PA
1508084,Tucumã (PA),2456.0,Quilogramas por Hectare,False,Tucumã,PA
1508100,Tucuruí (PA),9000.0,Quilogramas por Hectare,False,Tucuruí,PA
1508126,Ulianópolis (PA),7467.0,Quilogramas por Hectare,False,Ulianópolis,PA
1508159,Uruará (PA),6000.0,Quilogramas por Hectare,False,Uruará,PA
1508209,Vigia (PA),7140.0,Quilogramas por Hectare,False,Vigia,PA
1508308,Viseu (PA),6800.0,Quilogramas por Hectare,False,Viseu,PA
1508357,Vitória do Xingu (PA),6000.0,Quilogramas por Hectare,False,Vitória do Xingu,PA
1508407,Xinguara (PA),,Quilogramas por Hectare,True,Xinguara,PA
1600055,Serra do Navio (AP),,Quilogramas por Hectare,True,Serra do Navio,AP
1600105,Amapá (AP),12200.0,Quilogramas por Hectare,False,Amapá,AP
1600154,Pedra Branca do Amapari (AP),,Quilogramas por Hectare,True,Pedra Branca do Amapari,AP
1600204,Calçoene (AP),12500.0,Quilogramas por Hectare,False,Calçoene,AP
1600212,Cutias (AP),,Quilogramas por Hectare,True,Cutias,AP
1600238,Ferreira Gomes (AP),10800.0,Quilogramas por Hectare,False,Ferreira Gomes,AP
1600253,Itaubal (AP),,Quilogramas por Hectare,True,Itaubal,AP
1600279,Laranjal do Jari (AP),12300.0,Quilogramas por Hectare,False,Laranjal do Jari,AP
1600303,Macapá (AP),13654.0,Quilogramas por Hectare,False,Macapá,AP
1600402,Mazagão (AP),,Quilogramas por Hectare,True,Mazagão,AP
1600501,Oiapoque (AP),12286.0,Quilogramas por Hectare,False,Oiapoque,AP
1600535,Porto Grande (AP),11800.0,Quilogramas por Hectare,False,Porto Grande,AP
1600550,Pracuúba (AP),10980.0,Quilogramas por Hectare,False,Pracuúba,AP
1600600,Santana (AP),12625.0,Quilogramas por Hectare,False,Santana,AP
1600709,Tartarugalzinho (AP),11150.0,Quilogramas por Hectare,False,Tartarugalzinho,AP
1600808,Vitória do Jari (AP),,Quilogramas por Hectare,True,Vitória do Jari,AP
1700251,Abreulândia (TO),,Quilogramas por Hectare,True,Abreulândia,TO
1700301,Aguiarnópolis (TO),,Quilogramas por Hectare,True,Aguiarnópolis,TO
1700350,Aliança do Tocantins (TO),,Quilogramas por Hectare,True,Aliança do Tocantins,TO
1700400,Almas (TO),,Quilogramas por Hectare,True,Almas,TO
1700707,Alvorada (TO),,Quilogramas por Hectare,True,Alvorada,TO
1701002,Ananás (TO),,Quilogramas por Hectare,True,Ananás,TO
1701051,Angico (TO),,Quilogramas por Hectare,True,Angico,TO
1701101,Aparecida do Rio Negro (TO),,Quilogramas por Hectare,True,Aparecida do Rio Negro,TO
1701309,Aragominas (TO),,Quilogramas por Hectare,True,Aragominas,TO
1701903,Araguacema (TO),,Quilogramas por Hectare,True,Araguacema,TO
1702000,Araguaçu (TO),,Quilogramas por Hectare,True,Araguaçu,TO
1702109,Araguaína (TO),,Quilogramas por Hectare,True,Araguaína,TO
1702158,Araguanã (TO),,Quilogramas por Hectare,True,Araguanã,TO
1702208,Araguatins (TO),,Quilogramas por Hectare,True,Araguatins,TO
1702307,Arapoema (TO),,Quilogramas por Hectare,True,Arapoema,TO
1702406,Arraias (TO),,Quilogramas por Hectare,True,Arraias,TO
1702554,Augustinópolis (TO),,Quilogramas por Hectare,True,Augustinópolis,TO
1702703,Aurora do Tocantins (TO),,Quilogramas por Hectare,True,Aurora do Tocantins,TO
1702901,Axixá do Tocantins (TO),2500.0,Quilogramas por Hectare,False,Axixá do Tocantins,TO
1703008,Babaçulândia (TO),,Quilogramas por Hectare,True,Babaçulândia,TO
1703057,Bandeirantes do Tocantins (TO),,Quilogramas por Hectare,True,Bandeirantes do Tocantins,TO
1703073,Barra do Ouro (TO),,Quilogramas por Hectare,True,Barra do Ouro,TO
1703107,Barrolândia (TO),,Quilogramas por Hectare,True,Barrolândia,TO
1703206,Bernardo Sayão (TO),2000.0,Quilogramas por Hectare,False,Bernardo Sayão,TO
1703305,Bom Jesus do Tocantins (TO),,Quilogramas por Hectare,True,Bom Jesus do Tocantins,TO
1703602,Brasilândia do Tocantins (TO),,Quilogramas por Hectare,True,Brasilândia do Tocantins,TO
1703701,Brejinho de Nazaré (TO),,Quilogramas por Hectare,True,Brejinho de Nazaré,TO
1703800,Buriti do Tocantins (TO),2500.0,Quilogramas por Hectare,False,Buriti do Tocantins,TO
1703826,Cachoeirinha (TO),,Quilogramas por Hectare,True,Cachoeirinha,TO
1703842,Campos Lindos (TO),,Quilogramas por Hectare,True,Campos Lindos,TO
1703867,Cariri do Tocantins (TO),,Quilogramas por Hectare,True,Cariri do Tocantins,TO
1703883,Carmolândia (TO),,Quilogramas por Hectare,True,Carmolândia,TO
1703891,Carrasco Bonito (TO),,Quilogramas por Hectare,True,Carrasco Bonito,TO
1703909,Caseara (TO),,Quilogramas por Hectare,True,Caseara,TO
1704105,Centenário (TO),,Quilogramas por Hectare,True,Centenário,TO
1704600,Chapada de Areia (TO),,Quilogramas por Hectare,True,Chapada de Areia,TO
1705102,Chapada da Natividade (TO),,Quilogramas por Hectare,True,Chapada da Natividade,TO
1705508,Colinas do Tocantins (TO),,Quilogramas por Hectare,True,Colinas do Tocantins,TO
1705557,Combinado (TO),,Quilogramas por Hectare,True,Combinado,TO
1705607,Conceição do Tocantins (TO),,Quilogramas por Hectare,True,Conceição do Tocantins,TO
1706001,Couto Magalhães (TO),2000.0,Quilogramas por Hectare,False,Couto Magalhães,TO
1706100,Cristalândia (TO),,Quilogramas por Hectare,True,Cristalândia,TO
1706258,Crixás do Tocantins (TO),,Quilogramas por Hectare,True,Crixás do Tocantins,TO
1706506,Darcinópolis (TO),,Quilogramas por Hectare,True,Darcinópolis,TO
1707009,Dianópolis (TO),,Quilogramas por Hectare,True,Dianópolis,TO
1707108,Divinópolis do Tocantins (TO),,Quilogramas por Hectare,True,Divinópolis do Tocantins,TO
1707207,Dois Irmãos do Tocantins (TO),,Quilogramas por Hectare,True,Dois Irmãos do Tocantins,TO
1707306,Dueré (TO),,Quilogramas por Hectare,True,Dueré,TO
1707405,Esperantina (TO),3750.0,Quilogramas por Hectare,False,Esperantina,TO
1707553,Fátima (TO),,Quilogramas por Hectare,True,Fátima,TO
1707652,Figueirópolis (TO),,Quilogramas por Hectare,True,Figueirópolis,TO
1707702,Filadélfia (TO),,Quilogramas por Hectare,True,Filadélfia,TO
1708205,Formoso do Araguaia (TO),,Quilogramas por Hectare,True,Formoso do Araguaia,TO
1708254,Tabocão (TO),,Quilogramas por Hectare,True,Tabocão,TO
1708304,Goianorte (TO),2000.0,Quilogramas por Hectare,False,Goianorte,TO
1709005,Goiatins (TO),,Quilogramas por Hectare,True,Goiatins,TO
1709302,Guaraí (TO),4000.0,Quilogramas por Hectare,False,Guaraí,TO
1709500,Gurupi (TO),,Quilogramas por Hectare,True,Gurupi,TO
1709807,Ipueiras (TO),,Quilogramas por Hectare,True,Ipueiras,TO
1710508,Itacajá (TO),,Quilogramas por Hectare,True,Itacajá,TO
1710706,Itaguatins (TO),5000.0,Quilogramas por Hectare,False,Itaguatins,TO
1710904,Itapiratins (TO),,Quilogramas por Hectare,True,Itapiratins,TO
1711100,Itaporã do Tocantins (TO),,Quilogramas por Hectare,True,Itaporã do Tocantins,TO
1711506,Jaú do Tocantins (TO),,Quilogramas por Hectare,True,Jaú do Tocantins,TO
1711803,Juarina (TO),,Quilogramas por Hectare,True,Juarina,TO
1711902,Lagoa da Confusão (TO),6047.0,Quilogramas por Hectare,False,Lagoa da Confusão,TO
1711951,Lagoa do Tocantins (TO),,Quilogramas por Hectare,True,Lagoa do Tocantins,TO
1712009,Lajeado (TO),,Quilogramas por Hectare,True,Lajeado,TO
1712157,Lavandeira (TO),,Quilogramas por Hectare,True,Lavandeira,TO
1712405,Lizarda (TO),,Quilogramas por Hectare,True,Lizarda,TO
1712454,Luzinópolis (TO),,Quilogramas por Hectare,True,Luzinópolis,TO
1712504,Marianópolis do Tocantins (TO),,Quilogramas por Hectare,True,Marianópolis do Tocantins,TO
1712702,Mateiros (TO),,Quilogramas por Hectare,True,Mateiros,TO
1712801,Maurilândia do Tocantins (TO),,Quilogramas por Hectare,True,Maurilândia do Tocantins,TO
1713205,Miracema do Tocantins (TO),,Quilogramas por Hectare,True,Miracema do Tocantins,TO
1713304,Miranorte (TO),,Quilogramas por Hectare,True,Miranorte,TO
1713601,Monte do Carmo (TO),,Quilogramas por Hectare,True,Monte do Carmo,TO
1713700,Monte Santo do Tocantins (TO),,Quilogramas por Hectare,True,Monte Santo do Tocantins,TO
1713809,Palmeiras do Tocantins (TO),,Quilogramas por Hectare,True,Palmeiras do Tocantins,TO
1713957,Muricilândia (TO),,Quilogramas por Hectare,True,Muricilândia,TO
1714203,Natividade (TO),,Quilogramas por Hectare,True,Natividade,TO
1714302,Nazaré (TO),,Quilogramas por Hectare,True,Nazaré,TO
1714880,Nova Olinda (TO),,Quilogramas por Hectare,True,Nova Olinda,TO
1715002,Nova Rosalândia (TO),,Quilogramas por Hectare,True,Nova Rosalândia,TO
1715101,Novo Acordo (TO),,Quilogramas por Hectare,True,Novo Acordo,TO
1715150,Novo Alegre (TO),,Quilogramas por Hectare,True,Novo Alegre,TO
1715259,Novo Jardim (TO),,Quilogramas por Hectare,True,Novo Jardim,TO
1715507,Oliveira de Fátima (TO),,Quilogramas por Hectare,True,Oliveira de Fátima,TO
1715705,Palmeirante (TO),,Quilogramas por Hectare,True,Palmeirante,TO
1715754,Palmeirópolis (TO),,Quilogramas por Hectare,True,Palmeirópolis,TO
1716109,Paraíso do Tocantins (TO),,Quilogramas por Hectare,True,Paraíso do Tocantins,TO
1716208,Paranã (TO),,Quilogramas por Hectare,True,Paranã,TO
1716307,Pau D'Arco (TO),,Quilogramas por Hectare,True,Pau D'Arco,TO
1716505,Pedro Afonso (TO),,Quilogramas por Hectare,True,Pedro Afonso,TO
1716604,Peixe (TO),,Quilogramas por Hectare,True,Peixe,TO
1716653,Pequizeiro (TO),,Quilogramas por Hectare,True,Pequizeiro,TO
1716703,Colméia (TO),,Quilogramas por Hectare,True,Colméia,TO
1717008,Pindorama do Tocantins (TO),,Quilogramas por Hectare,True,Pindorama do Tocantins,TO
1717206,Piraquê (TO),,Quilogramas por Hectare,True,Piraquê,TO
1717503,Pium (TO),,Quilogramas por Hectare,True,Pium,TO
1717800,Ponte Alta do Bom Jesus (TO),,Quilogramas por Hectare,True,Ponte Alta do Bom Jesus,TO
1717909,Ponte Alta do Tocantins (TO),,Quilogramas por Hectare,True,Ponte Alta do Tocantins,TO
1718006,Porto Alegre do Tocantins (TO),,Quilogramas por Hectare,True,Porto Alegre do Tocantins,TO
1718204,Porto Nacional (TO),3500.0,Quilogramas por Hectare,False,Porto Nacional,TO
1718303,Praia Norte (TO),,Quilogramas por Hectare,True,Praia Norte,TO
1718402,Presidente Kennedy (TO),,Quilogramas por Hectare,True,Presidente Kennedy,TO
1718451,Pugmil (TO),,Quilogramas por Hectare,True,Pugmil,TO
1718501,Recursolândia (TO),,Quilogramas por Hectare,True,Recursolândia,TO
1718550,Riachinho (TO),,Quilogramas por Hectare,True,Riachinho,TO
1718659,Rio da Conceição (TO),,Quilogramas por Hectare,True,Rio da Conceição,TO
1718709,Rio dos Bois (TO),,Quilogramas por Hectare,True,Rio dos Bois,TO
1718758,Rio Sono (TO),,Quilogramas por Hectare,True,Rio Sono,TO
1718808,Sampaio (TO),1000.0,Quilogramas por Hectare,False,Sampaio,TO
1718840,Sandolândia (TO),,Quilogramas por Hectare,True,Sandolândia,TO
1718865,Santa Fé do Araguaia (TO),,Quilogramas por Hectare,True,Santa Fé do Araguaia,TO
1718881,Santa Maria do Tocantins (TO),,Quilogramas por Hectare,True,Santa Maria do Tocantins,TO
1718899,Santa Rita do Tocantins (TO),,Quilogramas por Hectare,True,Santa Rita do Tocantins,TO
1718907,Santa Rosa do Tocantins (TO),,Quilogramas por Hectare,True,Santa Rosa do Tocantins,TO
1719004,Santa Tereza do Tocantins (TO),,Quilogramas por Hectare,True,Santa Tereza do Tocantins,TO
1720002,Santa Terezinha do Tocantins (TO),,Quilogramas por Hectare,True,Santa Terezinha do Tocantins,TO
1720101,São Bento do Tocantins (TO),,Quilogramas por Hectare,True,São Bento do Tocantins,TO
1720150,São Félix do Tocantins (TO),,Quilogramas por Hectare,True,São Félix do Tocantins,TO
1720200,São Miguel do Tocantins (TO),,Quilogramas por Hectare,True,São Miguel do Tocantins,TO
1720259,São Salvador do Tocantins (TO),,Quilogramas por Hectare,True,São Salvador do Tocantins,TO
1720309,São Sebastião do Tocantins (TO),,Quilogramas por Hectare,True,São Sebastião do Tocantins,TO
1720499,São Valério (TO),,Quilogramas por Hectare,True,São Valério,TO
1720655,Silvanópolis (TO),,Quilogramas por Hectare,True,Silvanópolis,TO
1720804,Sítio Novo do Tocantins (TO),,Quilogramas por Hectare,True,Sítio Novo do Tocantins,TO
1720853,Sucupira (TO),,Quilogramas por Hectare,True,Sucupira,TO
1720903,Taguatinga (TO),,Quilogramas por Hectare,True,Taguatinga,TO
1720937,Taipas do Tocantins (TO),,Quilogramas por Hectare,True,Taipas do Tocantins,TO
1720978,Talismã (TO),,Quilogramas por Hectare,True,Talismã,TO
1721000,Palmas (TO),4000.0,Quilogramas por Hectare,False,Palmas,TO
1721109,Tocantínia (TO),,Quilogramas por Hectare,True,Tocantínia,TO
1721208,Tocantinópolis (TO),,Quilogramas por Hectare,True,Tocantinópolis,TO
1721257,Tupirama (TO),,Quilogramas por Hectare,True,Tupirama,TO
1721307,Tupiratins (TO),,Quilogramas por Hectare,True,Tupiratins,TO
1722081,Wanderlândia (TO),,Quilogramas por Hectare,True,Wanderlândia,TO
1722107,Xambioá (TO),1000.0,Quilogramas por Hectare,False,Xambioá,TO
2100055,Açailândia (MA),,Quilogramas por Hectare,True,Açailândia,MA
2100105,Afonso Cunha (MA),,Quilogramas por Hectare,True,Afonso Cunha,MA
2100154,Água Doce do Maranhão (MA),,Quilogramas por Hectare,True,Água Doce do Maranhão,MA
2100204,Alcântara (MA),,Quilogramas por Hectare,True,Alcântara,MA
2100303,Aldeias Altas (MA),,Quilogramas por Hectare,True,Aldeias Altas,MA
2100402,Altamira do Maranhão (MA),,Quilogramas por Hectare,True,Altamira do Maranhão,MA
2100436,Alto Alegre do Maranhão (MA),,Quilogramas por Hectare,True,Alto Alegre do Maranhão,MA
2100477,Alto Alegre do Pindaré (MA),,Quilogramas por Hectare,True,Alto Alegre do Pindaré,MA
2100501,Alto Parnaíba (MA),,Quilogramas por Hectare,True,Alto Parnaíba,MA
2100550,Amapá do Maranhão (MA),4158.0,Quilogramas por Hectare,False,Amapá do Maranhão,MA
2100600,Amarante do Maranhão (MA),2125.0,Quilogramas por Hectare,False,Amarante do Maranhão,MA
2100709,Anajatuba (MA),,Quilogramas por Hectare,True,Anajatuba,MA
2100808,Anapurus (MA),,Quilogramas por Hectare,True,Anapurus,MA
2100832,Apicum-Açu (MA),,Quilogramas por Hectare,True,Apicum-Açu,MA
2100873,Araguanã (MA),,Quilogramas por Hectare,True,Araguanã,MA
2100907,Araioses (MA),,Quilogramas por Hectare,True,Araioses,MA
2100956,Arame (MA),,Quilogramas por Hectare,True,Arame,MA
2101004,Arari (MA),4211.0,Quilogramas por Hectare,False,Arari,MA
2101103,Axixá (MA),,Quilogramas por Hectare,True,Axixá,MA
2101202,Bacabal (MA),10000.0,Quilogramas por Hectare,False,Bacabal,MA
2101251,Bacabeira (MA),,Quilogramas por Hectare,True,Bacabeira,MA
2101301,Bacuri (MA),,Quilogramas por Hectare,True,Bacuri,MA
2101350,Bacurituba (MA),,Quilogramas por Hectare,True,Bacurituba,MA
2101400,Balsas (MA),,Quilogramas por Hectare,True,Balsas,MA
2101509,Barão de Grajaú (MA),,Quilogramas por Hectare,True,Barão de Grajaú,MA
2101608,Barra do Corda (MA),4000.0,Quilogramas por Hectare,False,Barra do Corda,MA
2101707,Barreirinhas (MA),3600.0,Quilogramas por Hectare,False,Barreirinhas,MA
2101731,Belágua (MA),,Quilogramas por Hectare,True,Belágua,MA
2101772,Bela Vista do Maranhão (MA),,Quilogramas por Hectare,True,Bela Vista do Maranhão,MA
2101806,Benedito Leite (MA),,Quilogramas por Hectare,True,Benedito Leite,MA
2101905,Bequimão (MA),,Quilogramas por Hectare,True,Bequimão,MA
2101939,Bernardo do Mearim (MA),,Quilogramas por Hectare,True,Bernardo do Mearim,MA
2101970,Boa Vista do Gurupi (MA),6333.0,Quilogramas por Hectare,False,Boa Vista do Gurupi,MA
2102002,Bom Jardim (MA),,Quilogramas por Hectare,True,Bom Jardim,MA
2102036,Bom Jesus das Selvas (MA),,Quilogramas por Hectare,True,Bom Jesus das Selvas,MA
2102077,Bom Lugar (MA),,Quilogramas por Hectare,True,Bom Lugar,MA
2102101,Brejo (MA),,Quilogramas por Hectare,True,Brejo,MA
2102150,Brejo de Areia (MA),,Quilogramas por Hectare,True,Brejo de Areia,MA
2102200,Buriti (MA),,Quilogramas por Hectare,True,Buriti,MA
2102309,Buriti Bravo (MA),,Quilogramas por Hectare,True,Buriti Bravo,MA
2102325,Buriticupu (MA),,Quilogramas por Hectare,True,Buriticupu,MA
2102358,Buritirana (MA),,Quilogramas por Hectare,True,Buritirana,MA
2102374,Cachoeira Grande (MA),,Quilogramas por Hectare,True,Cachoeira Grande,MA
2102408,Cajapió (MA),,Quilogramas por Hectare,True,Cajapió,MA
2102507,Cajari (MA),,Quilogramas por Hectare,True,Cajari,MA
2102556,Campestre do Maranhão (MA),,Quilogramas por Hectare,True,Campestre do Maranhão,MA
2102606,Cândido Mendes (MA),1625.0,Quilogramas por Hectare,False,Cândido Mendes,MA
2102705,Cantanhede (MA),,Quilogramas por Hectare,True,Cantanhede,MA
2102754,Capinzal do Norte (MA),,Quilogramas por Hectare,True,Capinzal do Norte,MA
2102804,Carolina (MA),,Quilogramas por Hectare,True,Carolina,MA
2102903,Carutapera (MA),2931.0,Quilogramas por Hectare,False,Carutapera,MA
2103000,Caxias (MA),,Quilogramas por Hectare,True,Caxias,MA
2103109,Cedral (MA),,Quilogramas por Hectare,True,Cedral,MA
2103125,Central do Maranhão (MA),,Quilogramas por Hectare,True,Central do Maranhão,MA
2103158,Centro do Guilherme (MA),2308.0,Quilogramas por Hectare,False,Centro do Guilherme,MA
2103174,Centro Novo do Maranhão (MA),,Quilogramas por Hectare,True,Centro Novo do Maranhão,MA
2103208,Chapadinha (MA),,Quilogramas por Hectare,True,Chapadinha,MA
2103257,Cidelândia (MA),,Quilogramas por Hectare,True,Cidelândia,MA
2103307,Codó (MA),,Quilogramas por Hectare,True,Codó,MA
2103406,Coelho Neto (MA),,Quilogramas por Hectare,True,Coelho Neto,MA
2103505,Colinas (MA),,Quilogramas por Hectare,True,Colinas,MA
2103554,Conceição do Lago-Açu (MA),,Quilogramas por Hectare,True,Conceição do Lago-Açu,MA
2103604,Coroatá (MA),,Quilogramas por Hectare,True,Coroatá,MA
2103703,Cururupu (MA),,Quilogramas por Hectare,True,Cururupu,MA
2103752,Davinópolis (MA),,Quilogramas por Hectare,True,Davinópolis,MA
2103802,Dom Pedro (MA),,Quilogramas por Hectare,True,Dom Pedro,MA
2103901,Duque Bacelar (MA),,Quilogramas por Hectare,True,Duque Bacelar,MA
2104008,Esperantinópolis (MA),,Quilogramas por Hectare,True,Esperantinópolis,MA
2104057,Estreito (MA),,Quilogramas por Hectare,True,Estreito,MA
2104073,Feira Nova do Maranhão (MA),,Quilogramas por Hectare,True,Feira Nova do Maranhão,MA
2104081,Fernando Falcão (MA),,Quilogramas por Hectare,True,Fernando Falcão,MA
2104099,Formosa da Serra Negra (MA),1000.0,Quilogramas por Hectare,False,Formosa da Serra Negra,MA
2104107,Fortaleza dos Nogueiras (MA),,Quilogramas por Hectare,True,Fortaleza dos Nogueiras,MA
2104206,Fortuna (MA),,Quilogramas por Hectare,True,Fortuna,MA
2104305,Godofredo Viana (MA),3500.0,Quilogramas por Hectare,False,Godofredo Viana,MA
2104404,Gonçalves Dias (MA),,Quilogramas por Hectare,True,Gonçalves Dias,MA
2104503,Governador Archer (MA),,Quilogramas por Hectare,True,Governador Archer,MA
2104552,Governador Edison Lobão (MA),,Quilogramas por Hectare,True,Governador Edison Lobão,MA
2104602,Governador Eugênio Barros (MA),,Quilogramas por Hectare,True,Governador Eugênio Barros,MA
2104628,Governador Luiz Rocha (MA),,Quilogramas por Hectare,True,Governador Luiz Rocha,MA
2104651,Governador Newton Bello (MA),,Quilogramas por Hectare,True,Governador Newton Bello,MA
2104677,Governador Nunes Freire (MA),2956.0,Quilogramas por Hectare,False,Governador Nunes Freire,MA
2104701,Graça Aranha (MA),,Quilogramas por Hectare,True,Graça Aranha,MA
2104800,Grajaú (MA),,Quilogramas por Hectare,True,Grajaú,MA
2104909,Guimarães (MA),,Quilogramas por Hectare,True,Guimarães,MA
2105005,Humberto de Campos (MA),,Quilogramas por Hectare,True,Humberto de Campos,MA
2105104,Icatu (MA),,Quilogramas por Hectare,True,Icatu,MA
2105153,Igarapé do Meio (MA),,Quilogramas por Hectare,True,Igarapé do Meio,MA
2105203,Igarapé Grande (MA),,Quilogramas por Hectare,True,Igarapé Grande,MA
2105302,Imperatriz (MA),,Quilogramas por Hectare,True,Imperatriz,MA
2105351,Itaipava do Grajaú (MA),200.0,Quilogramas por Hectare,False,Itaipava do Grajaú,MA
2105401,Itapecuru Mirim (MA),,Quilogramas por Hectare,True,Itapecuru Mirim,MA
2105427,Itinga do Maranhão (MA),,Quilogramas por Hectare,True,Itinga do Maranhão,MA
2105450,Jatobá (MA),,Quilogramas por Hectare,True,Jatobá,MA
2105476,Jenipapo dos Vieiras (MA),,Quilogramas por Hectare,True,Jenipapo dos Vieiras,MA
2105500,João Lisboa (MA),,Quilogramas por Hectare,True,João Lisboa,MA
2105609,Joselândia (MA),,Quilogramas por Hectare,True,Joselândia,MA
2105658,Junco do Maranhão (MA),3300.0,Quilogramas por Hectare,False,Junco do Maranhão,MA
2105708,Lago da Pedra (MA),,Quilogramas por Hectare,True,Lago da Pedra,MA
2105807,Lago do Junco (MA),,Quilogramas por Hectare,True,Lago do Junco,MA
2105906,Lago Verde (MA),,Quilogramas por Hectare,True,Lago Verde,MA
2105922,Lagoa do Mato (MA),,Quilogramas por Hectare,True,Lagoa do Mato,MA
2105948,Lago dos Rodrigues (MA),,Quilogramas por Hectare,True,Lago dos Rodrigues,MA
2105963,Lagoa Grande do Maranhão (MA),,Quilogramas por Hectare,True,Lagoa Grande do Maranhão,MA
2105989,Lajeado Novo (MA),,Quilogramas por Hectare,True,Lajeado Novo,MA
2106003,Lima Campos (MA),,Quilogramas por Hectare,True,Lima Campos,MA
2106102,Loreto (MA),,Quilogramas por Hectare,True,Loreto,MA
2106201,Luís Domingues (MA),6905.0,Quilogramas por Hectare,False,Luís Domingues,MA
2106300,Magalhães de Almeida (MA),,Quilogramas por Hectare,True,Magalhães de Almeida,MA
2106326,Maracaçumé (MA),2350.0,Quilogramas por Hectare,False,Maracaçumé,MA
2106359,Marajá do Sena (MA),,Quilogramas por Hectare,True,Marajá do Sena,MA
2106375,Maranhãozinho (MA),1900.0,Quilogramas por Hectare,False,Maranhãozinho,MA
2106409,Mata Roma (MA),,Quilogramas por Hectare,True,Mata Roma,MA
2106508,Matinha (MA),4813.0,Quilogramas por Hectare,False,Matinha,MA
2106607,Matões (MA),,Quilogramas por Hectare,True,Matões,MA
2106631,Matões do Norte (MA),,Quilogramas por Hectare,True,Matões do Norte,MA
2106672,Milagres do Maranhão (MA),,Quilogramas por Hectare,True,Milagres do Maranhão,MA
2106706,Mirador (MA),,Quilogramas por Hectare,True,Mirador,MA
2106755,Miranda do Norte (MA),,Quilogramas por Hectare,True,Miranda do Norte,MA
2106805,Mirinzal (MA),,Quilogramas por Hectare,True,Mirinzal,MA
2106904,Monção (MA),,Quilogramas por Hectare,True,Monção,MA
2107001,Montes Altos (MA),,Quilogramas por Hectare,True,Montes Altos,MA
2107100,Morros (MA),,Quilogramas por Hectare,True,Morros,MA
2107209,Nina Rodrigues (MA),,Quilogramas por Hectare,True,Nina Rodrigues,MA
2107258,Nova Colinas (MA),,Quilogramas por Hectare,True,Nova Colinas,MA
2107308,Nova Iorque (MA),,Quilogramas por Hectare,True,Nova Iorque,MA
2107357,Nova Olinda do Maranhão (MA),,Quilogramas por Hectare,True,Nova Olinda do Maranhão,MA
2107407,Olho d'Água das Cunhãs (MA),,Quilogramas por Hectare,True,Olho d'Água das Cunhãs,MA
2107456,Olinda Nova do Maranhão (MA),,Quilogramas por Hectare,True,Olinda Nova do Maranhão,MA
2107506,Paço do Lumiar (MA),,Quilogramas por Hectare,True,Paço do Lumiar,MA
2107605,Palmeirândia (MA),,Quilogramas por Hectare,True,Palmeirândia,MA
2107704,Paraibano (MA),,Quilogramas por Hectare,True,Paraibano,MA
2107803,Parnarama (MA),,Quilogramas por Hectare,True,Parnarama,MA
2107902,Passagem Franca (MA),,Quilogramas por Hectare,True,Passagem Franca,MA
2108009,Pastos Bons (MA),,Quilogramas por Hectare,True,Pastos Bons,MA
2108058,Paulino Neves (MA),,Quilogramas por Hectare,True,Paulino Neves,MA
2108108,Paulo Ramos (MA),,Quilogramas por Hectare,True,Paulo Ramos,MA
2108207,Pedreiras (MA),,Quilogramas por Hectare,True,Pedreiras,MA
2108256,Pedro do Rosário (MA),,Quilogramas por Hectare,True,Pedro do Rosário,MA
2108306,Penalva (MA),4500.0,Quilogramas por Hectare,False,Penalva,MA
2108405,Peri Mirim (MA),,Quilogramas por Hectare,True,Peri Mirim,MA
2108454,Peritoró (MA),,Quilogramas por Hectare,True,Peritoró,MA
2108504,Pindaré-Mirim (MA),,Quilogramas por Hectare,True,Pindaré-Mirim,MA
2108603,Pinheiro (MA),,Quilogramas por Hectare,True,Pinheiro,MA
2108702,Pio XII (MA),6000.0,Quilogramas por Hectare,False,Pio XII,MA
2108801,Pirapemas (MA),,Quilogramas por Hectare,True,Pirapemas,MA
2108900,Poção de Pedras (MA),,Quilogramas por Hectare,True,Poção de Pedras,MA
2109007,Porto Franco (MA),,Quilogramas por Hectare,True,Porto Franco,MA
2109056,Porto Rico do Maranhão (MA),,Quilogramas por Hectare,True,Porto Rico do Maranhão,MA
2109106,Presidente Dutra (MA),,Quilogramas por Hectare,True,Presidente Dutra,MA
2109205,Presidente Juscelino (MA),,Quilogramas por Hectare,True,Presidente Juscelino,MA
2109239,Presidente Médici (MA),,Quilogramas por Hectare,True,Presidente Médici,MA
2109270,Presidente Sarney (MA),,Quilogramas por Hectare,True,Presidente Sarney,MA
2109304,Presidente Vargas (MA),,Quilogramas por Hectare,True,Presidente Vargas,MA
2109403,Primeira Cruz (MA),,Quilogramas por Hectare,True,Primeira Cruz,MA
2109452,Raposa (MA),,Quilogramas por Hectare,True,Raposa,MA
2109502,Riachão (MA),,Quilogramas por Hectare,True,Riachão,MA
2109551,Ribamar Fiquene (MA),,Quilogramas por Hectare,True,Ribamar Fiquene,MA
2109601,Rosário (MA),,Quilogramas por Hectare,True,Rosário,MA
2109700,Sambaíba (MA),,Quilogramas por Hectare,True,Sambaíba,MA
2109759,Santa Filomena do Maranhão (MA),,Quilogramas por Hectare,True,Santa Filomena do Maranhão,MA
2109809,Santa Helena (MA),,Quilogramas por Hectare,True,Santa Helena,MA
2109908,Santa Inês (MA),,Quilogramas por Hectare,True,Santa Inês,MA
2110005,Santa Luzia (MA),,Quilogramas por Hectare,True,Santa Luzia,MA
2110039,Santa Luzia do Paruá (MA),3571.0,Quilogramas por Hectare,False,Santa Luzia do Paruá,MA
2110104,Santa Quitéria do Maranhão (MA),,Quilogramas por Hectare,True,Santa Quitéria do Maranhão,MA
2110203,Santa Rita (MA),,Quilogramas por Hectare,True,Santa Rita,MA
2110237,Santana do Maranhão (MA),,Quilogramas por Hectare,True,Santana do Maranhão,MA
2110278,Santo Amaro do Maranhão (MA),,Quilogramas por Hectare,True,Santo Amaro do Maranhão,MA
2110302,Santo Antônio dos Lopes (MA),,Quilogramas por Hectare,True,Santo Antônio dos Lopes,MA
2110401,São Benedito do Rio Preto (MA),,Quilogramas por Hectare,True,São Benedito do Rio Preto,MA
2110500,São Bento (MA),,Quilogramas por Hectare,True,São Bento,MA
2110609,São Bernardo (MA),,Quilogramas por Hectare,True,São Bernardo,MA
2110658,São Domingos do Azeitão (MA),,Quilogramas por Hectare,True,São Domingos do Azeitão,MA
2110708,São Domingos do Maranhão (MA),,Quilogramas por Hectare,True,São Domingos do Maranhão,MA
2110807,São Félix de Balsas (MA),,Quilogramas por Hectare,True,São Félix de Balsas,MA
2110856,São Francisco do Brejão (MA),,Quilogramas por Hectare,True,São Francisco do Brejão,MA
2110906,São Francisco do Maranhão (MA),,Quilogramas por Hectare,True,São Francisco do Maranhão,MA
2111003,São João Batista (MA),,Quilogramas por Hectare,True,São João Batista,MA
2111029,São João do Carú (MA),,Quilogramas por Hectare,True,São João do Carú,MA
2111052,São João do Paraíso (MA),,Quilogramas por Hectare,True,São João do Paraíso,MA
2111078,São João do Soter (MA),,Quilogramas por Hectare,True,São João do Soter,MA
2111102,São João dos Patos (MA),,Quilogramas por Hectare,True,São João dos Patos,MA
2111201,São José de Ribamar (MA),,Quilogramas por Hectare,True,São José de Ribamar,MA
2111250,São José dos Basílios (MA),,Quilogramas por Hectare,True,São José dos Basílios,MA
2111300,São Luís (MA),,Quilogramas por Hectare,True,São Luís,MA
2111409,São Luís Gonzaga do Maranhão (MA),,Quilogramas por Hectare,True,São Luís Gonzaga do Maranhão,MA
2111508,São Mateus do Maranhão (MA),,Quilogramas por Hectare,True,São Mateus do Maranhão,MA
2111532,São Pedro da Água Branca (MA),,Quilogramas por Hectare,True,São Pedro da Água Branca,MA
2111573,São Pedro dos Crentes (MA),,Quilogramas por Hectare,True,São Pedro dos Crentes,MA
2111607,São Raimundo das Mangabeiras (MA),,Quilogramas por Hectare,True,São Raimundo das Mangabeiras,MA
2111631,São Raimundo do Doca Bezerra (MA),,Quilogramas por Hectare,True,São Raimundo do Doca Bezerra,MA
2111672,São Roberto (MA),,Quilogramas por Hectare,True,São Roberto,MA
2111706,São Vicente Ferrer (MA),,Quilogramas por Hectare,True,São Vicente Ferrer,MA
2111722,Satubinha (MA),,Quilogramas por Hectare,True,Satubinha,MA
2111748,Senador Alexandre Costa (MA),,Quilogramas por Hectare,True,Senador Alexandre Costa,MA
2111763,Senador La Rocque (MA),,Quilogramas por Hectare,True,Senador La Rocque,MA
2111789,Serrano do Maranhão (MA),,Quilogramas por Hectare,True,Serrano do Maranhão,MA
2111805,Sítio Novo (MA),,Quilogramas por Hectare,True,Sítio Novo,MA
2111904,Sucupira do Norte (MA),,Quilogramas por Hectare,True,Sucupira do Norte,MA
2111953,Sucupira do Riachão (MA),,Quilogramas por Hectare,True,Sucupira do Riachão,MA
2112001,Tasso Fragoso (MA),,Quilogramas por Hectare,True,Tasso Fragoso,MA
2112100,Timbiras (MA),,Quilogramas por Hectare,True,Timbiras,MA
2112209,Timon (MA),,Quilogramas por Hectare,True,Timon,MA
2112233,Trizidela do Vale (MA),,Quilogramas por Hectare,True,Trizidela do Vale,MA
2112274,Tufilândia (MA),,Quilogramas por Hectare,True,Tufilândia,MA
2112308,Tuntum (MA),,Quilogramas por Hectare,True,Tuntum,MA
2112407,Turiaçu (MA),,Quilogramas por Hectare,True,Turiaçu,MA
2112456,Turilândia (MA),,Quilogramas por Hectare,True,Turilândia,MA
2112506,Tutóia (MA),,Quilogramas por Hectare,True,Tutóia,MA
2112605,Urbano Santos (MA),,Quilogramas por Hectare,True,Urbano Santos,MA
2112704,Vargem Grande (MA),,Quilogramas por Hectare,True,Vargem Grande,MA
2112803,Viana (MA),4500.0,Quilogramas por Hectare,False,Viana,MA
2112852,Vila Nova dos Martírios (MA),7000.0,Quilogramas por Hectare,False,Vila Nova dos Martírios,MA
2112902,Vitória do Mearim (MA),,Quilogramas por Hectare,True,Vitória do Mearim,MA
2113009,Vitorino Freire (MA),,Quilogramas por Hectare,True,Vitorino Freire,MA
2114007,Zé Doca (MA),,Quilogramas por Hectare,True,Zé Doca,MA
2200103,Agricolândia (PI),,Quilogramas por Hectare,True,Agricolândia,PI
2200202,Água Branca (PI),,Quilogramas por Hectare,True,Água Branca,PI
2200251,Alagoinha do Piauí (PI),,Quilogramas por Hectare,True,Alagoinha do Piauí,PI
2200277,Alegrete do Piauí (PI),,Quilogramas por Hectare,True,Alegrete do Piauí,PI
2200301,Alto Longá (PI),,Quilogramas por Hectare,True,Alto Longá,PI
2200400,Altos (PI),,Quilogramas por Hectare,True,Altos,PI
2200459,Alvorada do Gurguéia (PI),,Quilogramas por Hectare,True,Alvorada do Gurguéia,PI
2200509,Amarante (PI),,Quilogramas por Hectare,True,Amarante,PI
2200608,Angical do Piauí (PI),,Quilogramas por Hectare,True,Angical do Piauí,PI
2200707,Anísio de Abreu (PI),,Quilogramas por Hectare,True,Anísio de Abreu,PI
2200806,Antônio Almeida (PI),,Quilogramas por Hectare,True,Antônio Almeida,PI
2200905,Aroazes (PI),,Quilogramas por Hectare,True,Aroazes,PI
2200954,Aroeiras do Itaim (PI),,Quilogramas por Hectare,True,Aroeiras do Itaim,PI
2201002,Arraial (PI),,Quilogramas por Hectare,True,Arraial,PI
2201051,Assunção do Piauí (PI),,Quilogramas por Hectare,True,Assunção do Piauí,PI
2201101,Avelino Lopes (PI),,Quilogramas por Hectare,True,Avelino Lopes,PI
2201150,Baixa Grande do Ribeiro (PI),,Quilogramas por Hectare,True,Baixa Grande do Ribeiro,PI
2201176,Barra D'Alcântara (PI),,Quilogramas por Hectare,True,Barra D'Alcântara,PI
2201200,Barras (PI),,Quilogramas por Hectare,True,Barras,PI
2201309,Barreiras do Piauí (PI),,Quilogramas por Hectare,True,Barreiras do Piauí,PI
2201408,Barro Duro (PI),,Quilogramas por Hectare,True,Barro Duro,PI
2201507,Batalha (PI),,Quilogramas por Hectare,True,Batalha,PI
2201556,Bela Vista do Piauí (PI),,Quilogramas por Hectare,True,Bela Vista do Piauí,PI
2201572,Belém do Piauí (PI),,Quilogramas por Hectare,True,Belém do Piauí,PI
2201606,Beneditinos (PI),,Quilogramas por Hectare,True,Beneditinos,PI
2201705,Bertolínia (PI),,Quilogramas por Hectare,True,Bertolínia,PI
2201739,Betânia do Piauí (PI),,Quilogramas por Hectare,True,Betânia do Piauí,PI
2201770,Boa Hora (PI),,Quilogramas por Hectare,True,Boa Hora,PI
2201804,Bocaina (PI),,Quilogramas por Hectare,True,Bocaina,PI
2201903,Bom Jesus (PI),,Quilogramas por Hectare,True,Bom Jesus,PI
2201919,Bom Princípio do Piauí (PI),,Quilogramas por Hectare,True,Bom Princípio do Piauí,PI
2201929,Bonfim do Piauí (PI),,Quilogramas por Hectare,True,Bonfim do Piauí,PI
2201945,Boqueirão do Piauí (PI),,Quilogramas por Hectare,True,Boqueirão do Piauí,PI
2201960,Brasileira (PI),,Quilogramas por Hectare,True,Brasileira,PI
2201988,Brejo do Piauí (PI),,Quilogramas por Hectare,True,Brejo do Piauí,PI
2202000,Buriti dos Lopes (PI),,Quilogramas por Hectare,True,Buriti dos Lopes,PI
2202026,Buriti dos Montes (PI),,Quilogramas por Hectare,True,Buriti dos Montes,PI
2202059,Cabeceiras do Piauí (PI),,Quilogramas por Hectare,True,Cabeceiras do Piauí,PI
2202075,Cajazeiras do Piauí (PI),,Quilogramas por Hectare,True,Cajazeiras do Piauí,PI
2202083,Cajueiro da Praia (PI),,Quilogramas por Hectare,True,Cajueiro da Praia,PI
2202091,Caldeirão Grande do Piauí (PI),,Quilogramas por Hectare,True,Caldeirão Grande do Piauí,PI
2202109,Campinas do Piauí (PI),,Quilogramas por Hectare,True,Campinas do Piauí,PI
2202117,Campo Alegre do Fidalgo (PI),,Quilogramas por Hectare,True,Campo Alegre do Fidalgo,PI
2202133,Campo Grande do Piauí (PI),,Quilogramas por Hectare,True,Campo Grande do Piauí,PI
2202174,Campo Largo do Piauí (PI),,Quilogramas por Hectare,True,Campo Largo do Piauí,PI
2202208,Campo Maior (PI),,Quilogramas por Hectare,True,Campo Maior,PI
2202251,Canavieira (PI),,Quilogramas por Hectare,True,Canavieira,PI
2202307,Canto do Buriti (PI),,Quilogramas por Hectare,True,Canto do Buriti,PI
2202406,Capitão de Campos (PI),,Quilogramas por Hectare,True,Capitão de Campos,PI
2202455,Capitão Gervásio Oliveira (PI),,Quilogramas por Hectare,True,Capitão Gervásio Oliveira,PI
2202505,Caracol (PI),,Quilogramas por Hectare,True,Caracol,PI
2202539,Caraúbas do Piauí (PI),,Quilogramas por Hectare,True,Caraúbas do Piauí,PI
2202554,Caridade do Piauí (PI),,Quilogramas por Hectare,True,Caridade do Piauí,PI
2202604,Castelo do Piauí (PI),,Quilogramas por Hectare,True,Castelo do Piauí,PI
2202653,Caxingó (PI),,Quilogramas por Hectare,True,Caxingó,PI
2202703,Cocal (PI),,Quilogramas por Hectare,True,Cocal,PI
2202711,Cocal de Telha (PI),,Quilogramas por Hectare,True,Cocal de Telha,PI
2202729,Cocal dos Alves (PI),,Quilogramas por Hectare,True,Cocal dos Alves,PI
2202737,Coivaras (PI),,Quilogramas por Hectare,True,Coivaras,PI
2202752,Colônia do Gurguéia (PI),,Quilogramas por Hectare,True,Colônia do Gurguéia,PI
2202778,Colônia do Piauí (PI),,Quilogramas por Hectare,True,Colônia do Piauí,PI
2202802,Conceição do Canindé (PI),,Quilogramas por Hectare,True,Conceição do Canindé,PI
2202851,Coronel José Dias (PI),,Quilogramas por Hectare,True,Coronel José Dias,PI
2202901,Corrente (PI),,Quilogramas por Hectare,True,Corrente,PI
2203008,Cristalândia do Piauí (PI),,Quilogramas por Hectare,True,Cristalândia do Piauí,PI
2203107,Cristino Castro (PI),,Quilogramas por Hectare,True,Cristino Castro,PI
2203206,Curimatá (PI),,Quilogramas por Hectare,True,Curimatá,PI
2203230,Currais (PI),,Quilogramas por Hectare,True,Currais,PI
2203255,Curralinhos (PI),,Quilogramas por Hectare,True,Curralinhos,PI
2203271,Curral Novo do Piauí (PI),,Quilogramas por Hectare,True,Curral Novo do Piauí,PI
2203305,Demerval Lobão (PI),,Quilogramas por Hectare,True,Demerval Lobão,PI
2203354,Dirceu Arcoverde (PI),,Quilogramas por Hectare,True,Dirceu Arcoverde,PI
2203404,Dom Expedito Lopes (PI),,Quilogramas por Hectare,True,Dom Expedito Lopes,PI
2203420,Domingos Mourão (PI),,Quilogramas por Hectare,True,Domingos Mourão,PI
2203503,Elesbão Veloso (PI),,Quilogramas por Hectare,True,Elesbão Veloso,PI
2203602,Eliseu Martins (PI),,Quilogramas por Hectare,True,Eliseu Martins,PI
2203701,Esperantina (PI),,Quilogramas por Hectare,True,Esperantina,PI
2203750,Fartura do Piauí (PI),,Quilogramas por Hectare,True,Fartura do Piauí,PI
2203800,Flores do Piauí (PI),,Quilogramas por Hectare,True,Flores do Piauí,PI
2203859,Floresta do Piauí (PI),,Quilogramas por Hectare,True,Floresta do Piauí,PI
2203909,Floriano (PI),,Quilogramas por Hectare,True,Floriano,PI
2204006,Francinópolis (PI),,Quilogramas por Hectare,True,Francinópolis,PI
2204105,Francisco Ayres (PI),,Quilogramas por Hectare,True,Francisco Ayres,PI
2204154,Francisco Macedo (PI),,Quilogramas por Hectare,True,Francisco Macedo,PI
2204204,Francisco Santos (PI),,Quilogramas por Hectare,True,Francisco Santos,PI
2204303,Fronteiras (PI),,Quilogramas por Hectare,True,Fronteiras,PI
2204352,Geminiano (PI),,Quilogramas por Hectare,True,Geminiano,PI
2204402,Gilbués (PI),,Quilogramas por Hectare,True,Gilbués,PI
2204501,Guadalupe (PI),,Quilogramas por Hectare,True,Guadalupe,PI
2204550,Guaribas (PI),,Quilogramas por Hectare,True,Guaribas,PI
2204600,Hugo Napoleão (PI),,Quilogramas por Hectare,True,Hugo Napoleão,PI
2204659,Ilha Grande (PI),,Quilogramas por Hectare,True,Ilha Grande,PI
2204709,Inhuma (PI),,Quilogramas por Hectare,True,Inhuma,PI
2204808,Ipiranga do Piauí (PI),,Quilogramas por Hectare,True,Ipiranga do Piauí,PI
2204907,Isaías Coelho (PI),,Quilogramas por Hectare,True,Isaías Coelho,PI
2205003,Itainópolis (PI),,Quilogramas por Hectare,True,Itainópolis,PI
2205102,Itaueira (PI),,Quilogramas por Hectare,True,Itaueira,PI
2205151,Jacobina do Piauí (PI),,Quilogramas por Hectare,True,Jacobina do Piauí,PI
2205201,Jaicós (PI),,Quilogramas por Hectare,True,Jaicós,PI
2205250,Jardim do Mulato (PI),,Quilogramas por Hectare,True,Jardim do Mulato,PI
2205276,Jatobá do Piauí (PI),,Quilogramas por Hectare,True,Jatobá do Piauí,PI
2205300,Jerumenha (PI),,Quilogramas por Hectare,True,Jerumenha,PI
2205359,João Costa (PI),,Quilogramas por Hectare,True,João Costa,PI
2205409,Joaquim Pires (PI),,Quilogramas por Hectare,True,Joaquim Pires,PI
2205458,Joca Marques (PI),,Quilogramas por Hectare,True,Joca Marques,PI
2205508,José de Freitas (PI),,Quilogramas por Hectare,True,José de Freitas,PI
2205516,Juazeiro do Piauí (PI),,Quilogramas por Hectare,True,Juazeiro do Piauí,PI
2205524,Júlio Borges (PI),,Quilogramas por Hectare,True,Júlio Borges,PI
2205532,Jurema (PI),,Quilogramas por Hectare,True,Jurema,PI
2205540,Lagoinha do Piauí (PI),,Quilogramas por Hectare,True,Lagoinha do Piauí,PI
2205557,Lagoa Alegre (PI),,Quilogramas por Hectare,True,Lagoa Alegre,PI
2205565,Lagoa do Barro do Piauí (PI),,Quilogramas por Hectare,True,Lagoa do Barro do Piauí,PI
2205573,Lagoa de São Francisco (PI),,Quilogramas por Hectare,True,Lagoa de São Francisco,PI
2205581,Lagoa do Piauí (PI),,Quilogramas por Hectare,True,Lagoa do Piauí,PI
2205599,Lagoa do Sítio (PI),,Quilogramas por Hectare,True,Lagoa do Sítio,PI
2205607,Landri Sales (PI),,Quilogramas por Hectare,True,Landri Sales,PI
2205706,Luís Correia (PI),,Quilogramas por Hectare,True,Luís Correia,PI
2205805,Luzilândia (PI),,Quilogramas por Hectare,True,Luzilândia,PI
2205854,Madeiro (PI),,Quilogramas por Hectare,True,Madeiro,PI
2205904,Manoel Emídio (PI),,Quilogramas por Hectare,True,Manoel Emídio,PI
2205953,Marcolândia (PI),,Quilogramas por Hectare,True,Marcolândia,PI
2206001,Marcos Parente (PI),,Quilogramas por Hectare,True,Marcos Parente,PI
2206050,Massapê do Piauí (PI),,Quilogramas por Hectare,True,Massapê do Piauí,PI
2206100,Matias Olímpio (PI),,Quilogramas por Hectare,True,Matias Olímpio,PI
2206209,Miguel Alves (PI),,Quilogramas por Hectare,True,Miguel Alves,PI
2206308,Miguel Leão (PI),,Quilogramas por Hectare,True,Miguel Leão,PI
2206357,Milton Brandão (PI),,Quilogramas por Hectare,True,Milton Brandão,PI
2206407,Monsenhor Gil (PI),,Quilogramas por Hectare,True,Monsenhor Gil,PI
2206506,Monsenhor Hipólito (PI),,Quilogramas por Hectare,True,Monsenhor Hipólito,PI
2206605,Monte Alegre do Piauí (PI),,Quilogramas por Hectare,True,Monte Alegre do Piauí,PI
2206654,Morro Cabeça no Tempo (PI),,Quilogramas por Hectare,True,Morro Cabeça no Tempo,PI
2206670,Morro do Chapéu do Piauí (PI),,Quilogramas por Hectare,True,Morro do Chapéu do Piauí,PI
2206696,Murici dos Portelas (PI),,Quilogramas por Hectare,True,Murici dos Portelas,PI
2206704,Nazaré do Piauí (PI),,Quilogramas por Hectare,True,Nazaré do Piauí,PI
2206720,Nazária (PI),,Quilogramas por Hectare,True,Nazária,PI
2206753,Nossa Senhora de Nazaré (PI),,Quilogramas por Hectare,True,Nossa Senhora de Nazaré,PI
2206803,Nossa Senhora dos Remédios (PI),,Quilogramas por Hectare,True,Nossa Senhora dos Remédios,PI
2206902,Novo Oriente do Piauí (PI),,Quilogramas por Hectare,True,Novo Oriente do Piauí,PI
2206951,Novo Santo Antônio (PI),,Quilogramas por Hectare,True,Novo Santo Antônio,PI
2207009,Oeiras (PI),,Quilogramas por Hectare,True,Oeiras,PI
2207108,Olho D'Água do Piauí (PI),,Quilogramas por Hectare,True,Olho D'Água do Piauí,PI
2207207,Padre Marcos (PI),,Quilogramas por Hectare,True,Padre Marcos,PI
2207306,Paes Landim (PI),,Quilogramas por Hectare,True,Paes Landim,PI
2207355,Pajeú do Piauí (PI),,Quilogramas por Hectare,True,Pajeú do Piauí,PI
2207405,Palmeira do Piauí (PI),,Quilogramas por Hectare,True,Palmeira do Piauí,PI
2207504,Palmeirais (PI),,Quilogramas por Hectare,True,Palmeirais,PI
2207553,Paquetá (PI),,Quilogramas por Hectare,True,Paquetá,PI
2207603,Parnaguá (PI),,Quilogramas por Hectare,True,Parnaguá,PI
2207702,Parnaíba (PI),,Quilogramas por Hectare,True,Parnaíba,PI
2207751,Passagem Franca do Piauí (PI),,Quilogramas por Hectare,True,Passagem Franca do Piauí,PI
2207777,Patos do Piauí (PI),,Quilogramas por Hectare,True,Patos do Piauí,PI
2207793,Pau D'Arco do Piauí (PI),,Quilogramas por Hectare,True,Pau D'Arco do Piauí,PI
2207801,Paulistana (PI),,Quilogramas por Hectare,True,Paulistana,PI
2207850,Pavussu (PI),,Quilogramas por Hectare,True,Pavussu,PI
2207900,Pedro II (PI),,Quilogramas por Hectare,True,Pedro II,PI
2207934,Pedro Laurentino (PI),,Quilogramas por Hectare,True,Pedro Laurentino,PI
2207959,Nova Santa Rita (PI),,Quilogramas por Hectare,True,Nova Santa Rita,PI
2208007,Picos (PI),,Quilogramas por Hectare,True,Picos,PI
2208106,Pimenteiras (PI),,Quilogramas por Hectare,True,Pimenteiras,PI
2208205,Pio IX (PI),,Quilogramas por Hectare,True,Pio IX,PI
2208304,Piracuruca (PI),,Quilogramas por Hectare,True,Piracuruca,PI
2208403,Piripiri (PI),,Quilogramas por Hectare,True,Piripiri,PI
2208502,Porto (PI),,Quilogramas por Hectare,True,Porto,PI
2208551,Porto Alegre do Piauí (PI),,Quilogramas por Hectare,True,Porto Alegre do Piauí,PI
2208601,Prata do Piauí (PI),,Quilogramas por Hectare,True,Prata do Piauí,PI
2208650,Queimada Nova (PI),,Quilogramas por Hectare,True,Queimada Nova,PI
2208700,Redenção do Gurguéia (PI),,Quilogramas por Hectare,True,Redenção do Gurguéia,PI
2208809,Regeneração (PI),,Quilogramas por Hectare,True,Regeneração,PI
2208858,Riacho Frio (PI),,Quilogramas por Hectare,True,Riacho Frio,PI
2208874,Ribeira do Piauí (PI),,Quilogramas por Hectare,True,Ribeira do Piauí,PI
2208908,Ribeiro Gonçalves (PI),,Quilogramas por Hectare,True,Ribeiro Gonçalves,PI
2209005,Rio Grande do Piauí (PI),,Quilogramas por Hectare,True,Rio Grande do Piauí,PI
2209104,Santa Cruz do Piauí (PI),,Quilogramas por Hectare,True,Santa Cruz do Piauí,PI
2209153,Santa Cruz dos Milagres (PI),,Quilogramas por Hectare,True,Santa Cruz dos Milagres,PI
2209203,Santa Filomena (PI),,Quilogramas por Hectare,True,Santa Filomena,PI
2209302,Santa Luz (PI),,Quilogramas por Hectare,True,Santa Luz,PI
2209351,Santana do Piauí (PI),,Quilogramas por Hectare,True,Santana do Piauí,PI
2209377,Santa Rosa do Piauí (PI),,Quilogramas por Hectare,True,Santa Rosa do Piauí,PI
2209401,Santo Antônio de Lisboa (PI),,Quilogramas por Hectare,True,Santo Antônio de Lisboa,PI
2209450,Santo Antônio dos Milagres (PI),,Quilogramas por Hectare,True,Santo Antônio dos Milagres,PI
2209500,Santo Inácio do Piauí (PI),,Quilogramas por Hectare,True,Santo Inácio do Piauí,PI
2209559,São Braz do Piauí (PI),,Quilogramas por Hectare,True,São Braz do Piauí,PI
2209609,São Félix do Piauí (PI),,Quilogramas por Hectare,True,São Félix do Piauí,PI
2209658,São Francisco de Assis do Piauí (PI),,Quilogramas por Hectare,True,São Francisco de Assis do Piauí,PI
2209708,São Francisco do Piauí (PI),,Quilogramas por Hectare,True,São Francisco do Piauí,PI
2209757,São Gonçalo do Gurguéia (PI),,Quilogramas por Hectare,True,São Gonçalo do Gurguéia,PI
2209807,São Gonçalo do Piauí (PI),,Quilogramas por Hectare,True,São Gonçalo do Piauí,PI
2209856,São João da Canabrava (PI),,Quilogramas por Hectare,True,São João da Canabrava,PI
2209872,São João da Fronteira (PI),,Quilogramas por Hectare,True,São João da Fronteira,PI
2209906,São João da Serra (PI),,Quilogramas por Hectare,True,São João da Serra,PI
2209955,São João da Varjota (PI),,Quilogramas por Hectare,True,São João da Varjota,PI
2209971,São João do Arraial (PI),,Quilogramas por Hectare,True,São João do Arraial,PI
2210003,São João do Piauí (PI),,Quilogramas por Hectare,True,São João do Piauí,PI
2210052,São José do Divino (PI),,Quilogramas por Hectare,True,São José do Divino,PI
2210102,São José do Peixe (PI),,Quilogramas por Hectare,True,São José do Peixe,PI
2210201,São José do Piauí (PI),,Quilogramas por Hectare,True,São José do Piauí,PI
2210300,São Julião (PI),,Quilogramas por Hectare,True,São Julião,PI
2210359,São Lourenço do Piauí (PI),,Quilogramas por Hectare,True,São Lourenço do Piauí,PI
2210375,São Luis do Piauí (PI),,Quilogramas por Hectare,True,São Luis do Piauí,PI
2210383,São Miguel da Baixa Grande (PI),,Quilogramas por Hectare,True,São Miguel da Baixa Grande,PI
2210391,São Miguel do Fidalgo (PI),,Quilogramas por Hectare,True,São Miguel do Fidalgo,PI
2210409,São Miguel do Tapuio (PI),,Quilogramas por Hectare,True,São Miguel do Tapuio,PI
2210508,São Pedro do Piauí (PI),,Quilogramas por Hectare,True,São Pedro do Piauí,PI
2210607,São Raimundo Nonato (PI),,Quilogramas por Hectare,True,São Raimundo Nonato,PI
2210623,Sebastião Barros (PI),,Quilogramas por Hectare,True,Sebastião Barros,PI
2210631,Sebastião Leal (PI),,Quilogramas por Hectare,True,Sebastião Leal,PI
2210656,Sigefredo Pacheco (PI),,Quilogramas por Hectare,True,Sigefredo Pacheco,PI
2210706,Simões (PI),,Quilogramas por Hectare,True,Simões,PI
2210805,Simplício Mendes (PI),,Quilogramas por Hectare,True,Simplício Mendes,PI
2210904,Socorro do Piauí (PI),,Quilogramas por Hectare,True,Socorro do Piauí,PI
2210938,Sussuapara (PI),,Quilogramas por Hectare,True,Sussuapara,PI
2210953,Tamboril do Piauí (PI),,Quilogramas por Hectare,True,Tamboril do Piauí,PI
2210979,Tanque do Piauí (PI),,Quilogramas por Hectare,True,Tanque do Piauí,PI
2211001,Teresina (PI),,Quilogramas por Hectare,True,Teresina,PI
2211100,União (PI),,Quilogramas por Hectare,True,União,PI
2211209,Uruçuí (PI),,Quilogramas por Hectare,True,Uruçuí,PI
2211308,Valença do Piauí (PI),,Quilogramas por Hectare,True,Valença do Piauí,PI
2211357,Várzea Branca (PI),,Quilogramas por Hectare,True,Várzea Branca,PI
2211407,Várzea Grande (PI),,Quilogramas por Hectare,True,Várzea Grande,PI
2211506,Vera Mendes (PI),,Quilogramas por Hectare,True,Vera Mendes,PI
2211605,Vila Nova do Piauí (PI),,Quilogramas por Hectare,True,Vila Nova do Piauí,PI
2211704,Wall Ferraz (PI),,Quilogramas por Hectare,True,Wall Ferraz,PI
2300101,Abaiara (CE),,Quilogramas por Hectare,True,Abaiara,CE
2300150,Acarape (CE),,Quilogramas por Hectare,True,Acarape,CE
2300200,Acaraú (CE),,Quilogramas por Hectare,True,Acaraú,CE
2300309,Acopiara (CE),,Quilogramas por Hectare,True,Acopiara,CE
2300408,Aiuaba (CE),,Quilogramas por Hectare,True,Aiuaba,CE
2300507,Alcântaras (CE),,Quilogramas por Hectare,True,Alcântaras,CE
2300606,Altaneira (CE),,Quilogramas por Hectare,True,Altaneira,CE
2300705,Alto Santo (CE),,Quilogramas por Hectare,True,Alto Santo,CE
2300754,Amontada (CE),,Quilogramas por Hectare,True,Amontada,CE
2300804,Antonina do Norte (CE),,Quilogramas por Hectare,True,Antonina do Norte,CE
2300903,Apuiarés (CE),,Quilogramas por Hectare,True,Apuiarés,CE
2301000,Aquiraz (CE),,Quilogramas por Hectare,True,Aquiraz,CE
2301109,Aracati (CE),,Quilogramas por Hectare,True,Aracati,CE
2301208,Aracoiaba (CE),,Quilogramas por Hectare,True,Aracoiaba,CE
2301257,Ararendá (CE),,Quilogramas por Hectare,True,Ararendá,CE
2301307,Araripe (CE),,Quilogramas por Hectare,True,Araripe,CE
2301406,Aratuba (CE),,Quilogramas por Hectare,True,Aratuba,CE
2301505,Arneiroz (CE),,Quilogramas por Hectare,True,Arneiroz,CE
2301604,Assaré (CE),,Quilogramas por Hectare,True,Assaré,CE
2301703,Aurora (CE),,Quilogramas por Hectare,True,Aurora,CE
2301802,Baixio (CE),,Quilogramas por Hectare,True,Baixio,CE
2301851,Banabuiú (CE),,Quilogramas por Hectare,True,Banabuiú,CE
2301901,Barbalha (CE),,Quilogramas por Hectare,True,Barbalha,CE
2301950,Barreira (CE),,Quilogramas por Hectare,True,Barreira,CE
2302008,Barro (CE),,Quilogramas por Hectare,True,Barro,CE
2302057,Barroquinha (CE),,Quilogramas por Hectare,True,Barroquinha,CE
2302107,Baturité (CE),,Quilogramas por Hectare,True,Baturité,CE
2302206,Beberibe (CE),,Quilogramas por Hectare,True,Beberibe,CE
2302305,Bela Cruz (CE),,Quilogramas por Hectare,True,Bela Cruz,CE
2302404,Boa Viagem (CE),,Quilogramas por Hectare,True,Boa Viagem,CE
2302503,Brejo Santo (CE),,Quilogramas por Hectare,True,Brejo Santo,CE
2302602,Camocim (CE),,Quilogramas por Hectare,True,Camocim,CE
2302701,Campos Sales (CE),,Quilogramas por Hectare,True,Campos Sales,CE
2302800,Canindé (CE),,Quilogramas por Hectare,True,Canindé,CE
2302909,Capistrano (CE),,Quilogramas por Hectare,True,Capistrano,CE
2303006,Caridade (CE),,Quilogramas por Hectare,True,Caridade,CE
2303105,Cariré (CE),,Quilogramas por Hectare,True,Cariré,CE
2303204,Caririaçu (CE),,Quilogramas por Hectare,True,Caririaçu,CE
2303303,Cariús (CE),,Quilogramas por Hectare,True,Cariús,CE
2303402,Carnaubal (CE),,Quilogramas por Hectare,True,Carnaubal,CE
2303501,Cascavel (CE),11000.0,Quilogramas por Hectare,False,Cascavel,CE
2303600,Catarina (CE),,Quilogramas por Hectare,True,Catarina,CE
2303659,Catunda (CE),,Quilogramas por Hectare,True,Catunda,CE
2303709,Caucaia (CE),,Quilogramas por Hectare,True,Caucaia,CE
2303808,Cedro (CE),,Quilogramas por Hectare,True,Cedro,CE
2303907,Chaval (CE),,Quilogramas por Hectare,True,Chaval,CE
2303931,Choró (CE),,Quilogramas por Hectare,True,Choró,CE
2303956,Chorozinho (CE),,Quilogramas por Hectare,True,Chorozinho,CE
2304004,Coreaú (CE),,Quilogramas por Hectare,True,Coreaú,CE
2304103,Crateús (CE),,Quilogramas por Hectare,True,Crateús,CE
2304202,Crato (CE),,Quilogramas por Hectare,True,Crato,CE
2304236,Croatá (CE),,Quilogramas por Hectare,True,Croatá,CE
2304251,Cruz (CE),,Quilogramas por Hectare,True,Cruz,CE
2304269,Deputado Irapuan Pinheiro (CE),,Quilogramas por Hectare,True,Deputado Irapuan Pinheiro,CE
2304277,Ereré (CE),,Quilogramas por Hectare,True,Ereré,CE
2304285,Eusébio (CE),,Quilogramas por Hectare,True,Eusébio,CE
2304301,Farias Brito (CE),,Quilogramas por Hectare,True,Farias Brito,CE
2304350,Forquilha (CE),,Quilogramas por Hectare,True,Forquilha,CE
2304400,Fortaleza (CE),,Quilogramas por Hectare,True,Fortaleza,CE
2304459,Fortim (CE),,Quilogramas por Hectare,True,Fortim,CE
2304509,Frecheirinha (CE),,Quilogramas por Hectare,True,Frecheirinha,CE
2304608,General Sampaio (CE),,Quilogramas por Hectare,True,General Sampaio,CE
2304657,Graça (CE),,Quilogramas por Hectare,True,Graça,CE
2304707,Granja (CE),,Quilogramas por Hectare,True,Granja,CE
2304806,Granjeiro (CE),,Quilogramas por Hectare,True,Granjeiro,CE
2304905,Groaíras (CE),,Quilogramas por Hectare,True,Groaíras,CE
2304954,Guaiúba (CE),,Quilogramas por Hectare,True,Guaiúba,CE
2305001,Guaraciaba do Norte (CE),,Quilogramas por Hectare,True,Guaraciaba do Norte,CE
2305100,Guaramiranga (CE),,Quilogramas por Hectare,True,Guaramiranga,CE
2305209,Hidrolândia (CE),,Quilogramas por Hectare,True,Hidrolândia,CE
2305233,Horizonte (CE),7000.0,Quilogramas por Hectare,False,Horizonte,CE
2305266,Ibaretama (CE),,Quilogramas por Hectare,True,Ibaretama,CE
2305308,Ibiapina (CE),15000.0,Quilogramas por Hectare,False,Ibiapina,CE
2305332,Ibicuitinga (CE),,Quilogramas por Hectare,True,Ibicuitinga,CE
2305357,Icapuí (CE),,Quilogramas por Hectare,True,Icapuí,CE
2305407,Icó (CE),,Quilogramas por Hectare,True,Icó,CE
2305506,Iguatu (CE),,Quilogramas por Hectare,True,Iguatu,CE
2305605,Independência (CE),,Quilogramas por Hectare,True,Independência,CE
2305654,Ipaporanga (CE),,Quilogramas por Hectare,True,Ipaporanga,CE
2305704,Ipaumirim (CE),,Quilogramas por Hectare,True,Ipaumirim,CE
2305803,Ipu (CE),,Quilogramas por Hectare,True,Ipu,CE
2305902,Ipueiras (CE),,Quilogramas por Hectare,True,Ipueiras,CE
2306009,Iracema (CE),,Quilogramas por Hectare,True,Iracema,CE
2306108,Irauçuba (CE),,Quilogramas por Hectare,True,Irauçuba,CE
2306207,Itaiçaba (CE),,Quilogramas por Hectare,True,Itaiçaba,CE
2306256,Itaitinga (CE),,Quilogramas por Hectare,True,Itaitinga,CE
2306306,Itapajé (CE),,Quilogramas por Hectare,True,Itapajé,CE
2306405,Itapipoca (CE),,Quilogramas por Hectare,True,Itapipoca,CE
2306504,Itapiúna (CE),,Quilogramas por Hectare,True,Itapiúna,CE
2306553,Itarema (CE),,Quilogramas por Hectare,True,Itarema,CE
2306603,Itatira (CE),,Quilogramas por Hectare,True,Itatira,CE
2306702,Jaguaretama (CE),,Quilogramas por Hectare,True,Jaguaretama,CE
2306801,Jaguaribara (CE),,Quilogramas por Hectare,True,Jaguaribara,CE
2306900,Jaguaribe (CE),,Quilogramas por Hectare,True,Jaguaribe,CE
2307007,Jaguaruana (CE),,Quilogramas por Hectare,True,Jaguaruana,CE
2307106,Jardim (CE),,Quilogramas por Hectare,True,Jardim,CE
2307205,Jati (CE),,Quilogramas por Hectare,True,Jati,CE
2307254,Jijoca de Jericoacoara (CE),,Quilogramas por Hectare,True,Jijoca de Jericoacoara,CE
2307304,Juazeiro do Norte (CE),,Quilogramas por Hectare,True,Juazeiro do Norte,CE
2307403,Jucás (CE),,Quilogramas por Hectare,True,Jucás,CE
2307502,Lavras da Mangabeira (CE),,Quilogramas por Hectare,True,Lavras da Mangabeira,CE
2307601,Limoeiro do Norte (CE),21250.0,Quilogramas por Hectare,False,Limoeiro do Norte,CE
2307635,Madalena (CE),,Quilogramas por Hectare,True,Madalena,CE
2307650,Maracanaú (CE),,Quilogramas por Hectare,True,Maracanaú,CE
2307700,Maranguape (CE),,Quilogramas por Hectare,True,Maranguape,CE
2307809,Marco (CE),,Quilogramas por Hectare,True,Marco,CE
2307908,Martinópole (CE),,Quilogramas por Hectare,True,Martinópole,CE
2308005,Massapê (CE),,Quilogramas por Hectare,True,Massapê,CE
2308104,Mauriti (CE),,Quilogramas por Hectare,True,Mauriti,CE
2308203,Meruoca (CE),,Quilogramas por Hectare,True,Meruoca,CE
2308302,Milagres (CE),,Quilogramas por Hectare,True,Milagres,CE
2308351,Milhã (CE),,Quilogramas por Hectare,True,Milhã,CE
2308377,Miraíma (CE),,Quilogramas por Hectare,True,Miraíma,CE
2308401,Missão Velha (CE),,Quilogramas por Hectare,True,Missão Velha,CE
2308500,Mombaça (CE),,Quilogramas por Hectare,True,Mombaça,CE
2308609,Monsenhor Tabosa (CE),,Quilogramas por Hectare,True,Monsenhor Tabosa,CE
2308708,Morada Nova (CE),,Quilogramas por Hectare,True,Morada Nova,CE
2308807,Moraújo (CE),,Quilogramas por Hectare,True,Moraújo,CE
2308906,Morrinhos (CE),,Quilogramas por Hectare,True,Morrinhos,CE
2309003,Mucambo (CE),,Quilogramas por Hectare,True,Mucambo,CE
2309102,Mulungu (CE),,Quilogramas por Hectare,True,Mulungu,CE
2309201,Nova Olinda (CE),,Quilogramas por Hectare,True,Nova Olinda,CE
2309300,Nova Russas (CE),,Quilogramas por Hectare,True,Nova Russas,CE
2309409,Novo Oriente (CE),,Quilogramas por Hectare,True,Novo Oriente,CE
2309458,Ocara (CE),,Quilogramas por Hectare,True,Ocara,CE
2309508,Orós (CE),,Quilogramas por Hectare,True,Orós,CE
2309607,Pacajus (CE),,Quilogramas por Hectare,True,Pacajus,CE
2309706,Pacatuba (CE),,Quilogramas por Hectare,True,Pacatuba,CE
2309805,Pacoti (CE),,Quilogramas por Hectare,True,Pacoti,CE
2309904,Pacujá (CE),,Quilogramas por Hectare,True,Pacujá,CE
2310001,Palhano (CE),,Quilogramas por Hectare,True,Palhano,CE
2310100,Palmácia (CE),,Quilogramas por Hectare,True,Palmácia,CE
2310209,Paracuru (CE),43200.0,Quilogramas por Hectare,False,Paracuru,CE
2310258,Paraipaba (CE),,Quilogramas por Hectare,True,Paraipaba,CE
2310308,Parambu (CE),,Quilogramas por Hectare,True,Parambu,CE
2310407,Paramoti (CE),,Quilogramas por Hectare,True,Paramoti,CE
2310506,Pedra Branca (CE),,Quilogramas por Hectare,True,Pedra Branca,CE
2310605,Penaforte (CE),,Quilogramas por Hectare,True,Penaforte,CE
2310704,Pentecoste (CE),,Quilogramas por Hectare,True,Pentecoste,CE
2310803,Pereiro (CE),,Quilogramas por Hectare,True,Pereiro,CE
2310852,Pindoretama (CE),,Quilogramas por Hectare,True,Pindoretama,CE
2310902,Piquet Carneiro (CE),,Quilogramas por Hectare,True,Piquet Carneiro,CE
2310951,Pires Ferreira (CE),,Quilogramas por Hectare,True,Pires Ferreira,CE
2311009,Poranga (CE),,Quilogramas por Hectare,True,Poranga,CE
2311108,Porteiras (CE),,Quilogramas por Hectare,True,Porteiras,CE
2311207,Potengi (CE),,Quilogramas por Hectare,True,Potengi,CE
2311231,Potiretama (CE),,Quilogramas por Hectare,True,Potiretama,CE
2311264,Quiterianópolis (CE),,Quilogramas por Hectare,True,Quiterianópolis,CE
2311306,Quixadá (CE),,Quilogramas por Hectare,True,Quixadá,CE
2311355,Quixelô (CE),,Quilogramas por Hectare,True,Quixelô,CE
2311405,Quixeramobim (CE),,Quilogramas por Hectare,True,Quixeramobim,CE
2311504,Quixeré (CE),,Quilogramas por Hectare,True,Quixeré,CE
2311603,Redenção (CE),,Quilogramas por Hectare,True,Redenção,CE
2311702,Reriutaba (CE),,Quilogramas por Hectare,True,Reriutaba,CE
2311801,Russas (CE),12000.0,Quilogramas por Hectare,False,Russas,CE
2311900,Saboeiro (CE),,Quilogramas por Hectare,True,Saboeiro,CE
2311959,Salitre (CE),,Quilogramas por Hectare,True,Salitre,CE
2312007,Santana do Acaraú (CE),,Quilogramas por Hectare,True,Santana do Acaraú,CE
2312106,Santana do Cariri (CE),,Quilogramas por Hectare,True,Santana do Cariri,CE
2312205,Santa Quitéria (CE),,Quilogramas por Hectare,True,Santa Quitéria,CE
2312304,São Benedito (CE),,Quilogramas por Hectare,True,São Benedito,CE
2312403,São Gonçalo do Amarante (CE),,Quilogramas por Hectare,True,São Gonçalo do Amarante,CE
2312502,São João do Jaguaribe (CE),,Quilogramas por Hectare,True,São João do Jaguaribe,CE
2312601,São Luís do Curu (CE),,Quilogramas por Hectare,True,São Luís do Curu,CE
2312700,Senador Pompeu (CE),,Quilogramas por Hectare,True,Senador Pompeu,CE
2312809,Senador Sá (CE),,Quilogramas por Hectare,True,Senador Sá,CE
2312908,Sobral (CE),,Quilogramas por Hectare,True,Sobral,CE
2313005,Solonópole (CE),,Quilogramas por Hectare,True,Solonópole,CE
2313104,Tabuleiro do Norte (CE),,Quilogramas por Hectare,True,Tabuleiro do Norte,CE
2313203,Tamboril (CE),,Quilogramas por Hectare,True,Tamboril,CE
2313252,Tarrafas (CE),,Quilogramas por Hectare,True,Tarrafas,CE
2313302,Tauá (CE),,Quilogramas por Hectare,True,Tauá,CE
2313351,Tejuçuoca (CE),,Quilogramas por Hectare,True,Tejuçuoca,CE
2313401,Tianguá (CE),15400.0,Quilogramas por Hectare,False,Tianguá,CE
2313500,Trairi (CE),,Quilogramas por Hectare,True,Trairi,CE
2313559,Tururu (CE),,Quilogramas por Hectare,True,Tururu,CE
2313609,Ubajara (CE),15333.0,Quilogramas por Hectare,False,Ubajara,CE
2313708,Umari (CE),,Quilogramas por Hectare,True,Umari,CE
2313757,Umirim (CE),,Quilogramas por Hectare,True,Umirim,CE
2313807,Uruburetama (CE),10000.0,Quilogramas por Hectare,False,Uruburetama,CE
2313906,Uruoca (CE),,Quilogramas por Hectare,True,Uruoca,CE
2313955,Varjota (CE),,Quilogramas por Hectare,True,Varjota,CE
2314003,Várzea Alegre (CE),,Quilogramas por Hectare,True,Várzea Alegre,CE
2314102,Viçosa do Ceará (CE),15000.0,Quilogramas por Hectare,False,Viçosa do Ceará,CE
2400109,Acari (RN),,Quilogramas por Hectare,True,Acari,RN
2400208,Assú (RN),,Quilogramas por Hectare,True,Assú,RN
2400307,Afonso Bezerra (RN),,Quilogramas por Hectare,True,Afonso Bezerra,RN
2400406,Água Nova (RN),,Quilogramas por Hectare,True,Água Nova,RN
2400505,Alexandria (RN),,Quilogramas por Hectare,True,Alexandria,RN
2400604,Almino Afonso (RN),,Quilogramas por Hectare,True,Almino Afonso,RN
2400703,Alto do Rodrigues (RN),,Quilogramas por Hectare,True,Alto do Rodrigues,RN
2400802,Angicos (RN),,Quilogramas por Hectare,True,Angicos,RN
2400901,Antônio Martins (RN),,Quilogramas por Hectare,True,Antônio Martins,RN
2401008,Apodi (RN),,Quilogramas por Hectare,True,Apodi,RN
2401107,Areia Branca (RN),,Quilogramas por Hectare,True,Areia Branca,RN
2401206,Arez (RN),,Quilogramas por Hectare,True,Arez,RN
2401305,Campo Grande (RN),,Quilogramas por Hectare,True,Campo Grande,RN
2401404,Baía Formosa (RN),,Quilogramas por Hectare,True,Baía Formosa,RN
2401453,Baraúna (RN),,Quilogramas por Hectare,True,Baraúna,RN
2401503,Barcelona (RN),,Quilogramas por Hectare,True,Barcelona,RN
2401602,Bento Fernandes (RN),,Quilogramas por Hectare,True,Bento Fernandes,RN
2401651,Bodó (RN),,Quilogramas por Hectare,True,Bodó,RN
2401701,Bom Jesus (RN),,Quilogramas por Hectare,True,Bom Jesus,RN
2401800,Brejinho (RN),,Quilogramas por Hectare,True,Brejinho,RN
2401859,Caiçara do Norte (RN),,Quilogramas por Hectare,True,Caiçara do Norte,RN
2401909,Caiçara do Rio do Vento (RN),,Quilogramas por Hectare,True,Caiçara do Rio do Vento,RN
2402006,Caicó (RN),,Quilogramas por Hectare,True,Caicó,RN
2402105,Campo Redondo (RN),,Quilogramas por Hectare,True,Campo Redondo,RN
2402204,Canguaretama (RN),,Quilogramas por Hectare,True,Canguaretama,RN
2402303,Caraúbas (RN),,Quilogramas por Hectare,True,Caraúbas,RN
2402402,Carnaúba dos Dantas (RN),,Quilogramas por Hectare,True,Carnaúba dos Dantas,RN
2402501,Carnaubais (RN),,Quilogramas por Hectare,True,Carnaubais,RN
2402600,Ceará-Mirim (RN),,Quilogramas por Hectare,True,Ceará-Mirim,RN
2402709,Cerro Corá (RN),,Quilogramas por Hectare,True,Cerro Corá,RN
2402808,Coronel Ezequiel (RN),,Quilogramas por Hectare,True,Coronel Ezequiel,RN
2402907,Coronel João Pessoa (RN),,Quilogramas por Hectare,True,Coronel João Pessoa,RN
2403004,Cruzeta (RN),,Quilogramas por Hectare,True,Cruzeta,RN
2403103,Currais Novos (RN),,Quilogramas por Hectare,True,Currais Novos,RN
2403202,Doutor Severiano (RN),,Quilogramas por Hectare,True,Doutor Severiano,RN
2403251,Parnamirim (RN),,Quilogramas por Hectare,True,Parnamirim,RN
2403301,Encanto (RN),,Quilogramas por Hectare,True,Encanto,RN
2403400,Equador (RN),,Quilogramas por Hectare,True,Equador,RN
2403509,Espírito Santo (RN),,Quilogramas por Hectare,True,Espírito Santo,RN
2403608,Extremoz (RN),,Quilogramas por Hectare,True,Extremoz,RN
2403707,Felipe Guerra (RN),,Quilogramas por Hectare,True,Felipe Guerra,RN
2403806,Florânia (RN),,Quilogramas por Hectare,True,Florânia,RN
2403905,Francisco Dantas (RN),,Quilogramas por Hectare,True,Francisco Dantas,RN
2404002,Frutuoso Gomes (RN),,Quilogramas por Hectare,True,Frutuoso Gomes,RN
2404101,Galinhos (RN),,Quilogramas por Hectare,True,Galinhos,RN
2404200,Goianinha (RN),,Quilogramas por Hectare,True,Goianinha,RN
2404309,Governador Dix-Sept Rosado (RN),,Quilogramas por Hectare,True,Governador Dix-Sept Rosado,RN
2404408,Grossos (RN),,Quilogramas por Hectare,True,Grossos,RN
2404507,Guamaré (RN),,Quilogramas por Hectare,True,Guamaré,RN
2404606,Ielmo Marinho (RN),,Quilogramas por Hectare,True,Ielmo Marinho,RN
2404705,Ipanguaçu (RN),,Quilogramas por Hectare,True,Ipanguaçu,RN
2404804,Ipueira (RN),,Quilogramas por Hectare,True,Ipueira,RN
2404853,Itajá (RN),,Quilogramas por Hectare,True,Itajá,RN
2404903,Itaú (RN),,Quilogramas por Hectare,True,Itaú,RN
2405009,Jaçanã (RN),,Quilogramas por Hectare,True,Jaçanã,RN
2405108,Jandaíra (RN),,Quilogramas por Hectare,True,Jandaíra,RN
2405207,Janduís (RN),,Quilogramas por Hectare,True,Janduís,RN
2405306,Januário Cicco (RN),,Quilogramas por Hectare,True,Januário Cicco,RN
2405405,Japi (RN),,Quilogramas por Hectare,True,Japi,RN
2405504,Jardim de Angicos (RN),,Quilogramas por Hectare,True,Jardim de Angicos,RN
2405603,Jardim de Piranhas (RN),,Quilogramas por Hectare,True,Jardim de Piranhas,RN
2405702,Jardim do Seridó (RN),,Quilogramas por Hectare,True,Jardim do Seridó,RN
2405801,João Câmara (RN),,Quilogramas por Hectare,True,João Câmara,RN
2405900,João Dias (RN),,Quilogramas por Hectare,True,João Dias,RN
2406007,José da Penha (RN),,Quilogramas por Hectare,True,José da Penha,RN
2406106,Jucurutu (RN),,Quilogramas por Hectare,True,Jucurutu,RN
2406155,Jundiá (RN),,Quilogramas por Hectare,True,Jundiá,RN
2406205,Lagoa d'Anta (RN),,Quilogramas por Hectare,True,Lagoa d'Anta,RN
2406304,Lagoa de Pedras (RN),,Quilogramas por Hectare,True,Lagoa de Pedras,RN
2406403,Lagoa de Velhos (RN),,Quilogramas por Hectare,True,Lagoa de Velhos,RN
2406502,Lagoa Nova (RN),,Quilogramas por Hectare,True,Lagoa Nova,RN
2406601,Lagoa Salgada (RN),,Quilogramas por Hectare,True,Lagoa Salgada,RN
2406700,Lajes (RN),,Quilogramas por Hectare,True,Lajes,RN
2406809,Lajes Pintadas (RN),,Quilogramas por Hectare,True,Lajes Pintadas,RN
2406908,Lucrécia (RN),,Quilogramas por Hectare,True,Lucrécia,RN
2407005,Luís Gomes (RN),,Quilogramas por Hectare,True,Luís Gomes,RN
2407104,Macaíba (RN),,Quilogramas por Hectare,True,Macaíba,RN
2407203,Macau (RN),,Quilogramas por Hectare,True,Macau,RN
2407252,Major Sales (RN),,Quilogramas por Hectare,True,Major Sales,RN
2407302,Marcelino Vieira (RN),,Quilogramas por Hectare,True,Marcelino Vieira,RN
2407401,Martins (RN),,Quilogramas por Hectare,True,Martins,RN
2407500,Maxaranguape (RN),,Quilogramas por Hectare,True,Maxaranguape,RN
2407609,Messias Targino (RN),,Quilogramas por Hectare,True,Messias Targino,RN
2407708,Montanhas (RN),,Quilogramas por Hectare,True,Montanhas,RN
2407807,Monte Alegre (RN),,Quilogramas por Hectare,True,Monte Alegre,RN
2407906,Monte das Gameleiras (RN),,Quilogramas por Hectare,True,Monte das Gameleiras,RN
2408003,Mossoró (RN),,Quilogramas por Hectare,True,Mossoró,RN
2408102,Natal (RN),,Quilogramas por Hectare,True,Natal,RN
2408201,Nísia Floresta (RN),,Quilogramas por Hectare,True,Nísia Floresta,RN
2408300,Nova Cruz (RN),,Quilogramas por Hectare,True,Nova Cruz,RN
2408409,Olho d'Água do Borges (RN),,Quilogramas por Hectare,True,Olho d'Água do Borges,RN
2408508,Ouro Branco (RN),,Quilogramas por Hectare,True,Ouro Branco,RN
2408607,Paraná (RN),,Quilogramas por Hectare,True,Paraná,RN
2408706,Paraú (RN),,Quilogramas por Hectare,True,Paraú,RN
2408805,Parazinho (RN),,Quilogramas por Hectare,True,Parazinho,RN
2408904,Parelhas (RN),,Quilogramas por Hectare,True,Parelhas,RN
2408953,Rio do Fogo (RN),,Quilogramas por Hectare,True,Rio do Fogo,RN
2409100,Passa e Fica (RN),,Quilogramas por Hectare,True,Passa e Fica,RN
2409209,Passagem (RN),,Quilogramas por Hectare,True,Passagem,RN
2409308,Patu (RN),,Quilogramas por Hectare,True,Patu,RN
2409332,Santa Maria (RN),,Quilogramas por Hectare,True,Santa Maria,RN
2409407,Pau dos Ferros (RN),,Quilogramas por Hectare,True,Pau dos Ferros,RN
2409506,Pedra Grande (RN),,Quilogramas por Hectare,True,Pedra Grande,RN
2409605,Pedra Preta (RN),,Quilogramas por Hectare,True,Pedra Preta,RN
2409704,Pedro Avelino (RN),,Quilogramas por Hectare,True,Pedro Avelino,RN
2409803,Pedro Velho (RN),,Quilogramas por Hectare,True,Pedro Velho,RN
2409902,Pendências (RN),,Quilogramas por Hectare,True,Pendências,RN
2410009,Pilões (RN),,Quilogramas por Hectare,True,Pilões,RN
2410108,Poço Branco (RN),,Quilogramas por Hectare,True,Poço Branco,RN
2410207,Portalegre (RN),,Quilogramas por Hectare,True,Portalegre,RN
2410256,Porto do Mangue (RN),,Quilogramas por Hectare,True,Porto do Mangue,RN
2410306,Serra Caiada (RN),,Quilogramas por Hectare,True,Serra Caiada,RN
2410405,Pureza (RN),2222.0,Quilogramas por Hectare,False,Pureza,RN
2410504,Rafael Fernandes (RN),,Quilogramas por Hectare,True,Rafael Fernandes,RN
2410603,Rafael Godeiro (RN),,Quilogramas por Hectare,True,Rafael Godeiro,RN
2410702,Riacho da Cruz (RN),,Quilogramas por Hectare,True,Riacho da Cruz,RN
2410801,Riacho de Santana (RN),,Quilogramas por Hectare,True,Riacho de Santana,RN
2410900,Riachuelo (RN),,Quilogramas por Hectare,True,Riachuelo,RN
2411007,Rodolfo Fernandes (RN),,Quilogramas por Hectare,True,Rodolfo Fernandes,RN
2411056,Tibau (RN),,Quilogramas por Hectare,True,Tibau,RN
2411106,Ruy Barbosa (RN),,Quilogramas por Hectare,True,Ruy Barbosa,RN
2411205,Santa Cruz (RN),,Quilogramas por Hectare,True,Santa Cruz,RN
2411403,Santana do Matos (RN),,Quilogramas por Hectare,True,Santana do Matos,RN
2411429,Santana do Seridó (RN),,Quilogramas por Hectare,True,Santana do Seridó,RN
2411502,Santo Antônio (RN),,Quilogramas por Hectare,True,Santo Antônio,RN
2411601,São Bento do Norte (RN),,Quilogramas por Hectare,True,São Bento do Norte,RN
2411700,São Bento do Trairí (RN),,Quilogramas por Hectare,True,São Bento do Trairí,RN
2411809,São Fernando (RN),,Quilogramas por Hectare,True,São Fernando,RN
2411908,São Francisco do Oeste (RN),,Quilogramas por Hectare,True,São Francisco do Oeste,RN
2412005,São Gonçalo do Amarante (RN),,Quilogramas por Hectare,True,São Gonçalo do Amarante,RN
2412104,São João do Sabugi (RN),,Quilogramas por Hectare,True,São João do Sabugi,RN
2412203,São José de Mipibu (RN),,Quilogramas por Hectare,True,São José de Mipibu,RN
2412302,São José do Campestre (RN),,Quilogramas por Hectare,True,São José do Campestre,RN
2412401,São José do Seridó (RN),,Quilogramas por Hectare,True,São José do Seridó,RN
2412500,São Miguel (RN),,Quilogramas por Hectare,True,São Miguel,RN
2412559,São Miguel do Gostoso (RN),,Quilogramas por Hectare,True,São Miguel do Gostoso,RN
2412609,São Paulo do Potengi (RN),,Quilogramas por Hectare,True,São Paulo do Potengi,RN
2412708,São Pedro (RN),,Quilogramas por Hectare,True,São Pedro,RN
2412807,São Rafael (RN),,Quilogramas por Hectare,True,São Rafael,RN
2412906,São Tomé (RN),,Quilogramas por Hectare,True,São Tomé,RN
2413003,São Vicente (RN),,Quilogramas por Hectare,True,São Vicente,RN
2413102,Senador Elói de Souza (RN),,Quilogramas por Hectare,True,Senador Elói de Souza,RN
2413201,Senador Georgino Avelino (RN),,Quilogramas por Hectare,True,Senador Georgino Avelino,RN
2413300,Serra de São Bento (RN),,Quilogramas por Hectare,True,Serra de São Bento,RN
2413359,Serra do Mel (RN),,Quilogramas por Hectare,True,Serra do Mel,RN
2413409,Serra Negra do Norte (RN),,Quilogramas por Hectare,True,Serra Negra do Norte,RN
2413508,Serrinha (RN),,Quilogramas por Hectare,True,Serrinha,RN
2413557,Serrinha dos Pintos (RN),,Quilogramas por Hectare,True,Serrinha dos Pintos,RN
2413607,Severiano Melo (RN),,Quilogramas por Hectare,True,Severiano Melo,RN
2413706,Sítio Novo (RN),,Quilogramas por Hectare,True,Sítio Novo,RN
2413805,Taboleiro Grande (RN),,Quilogramas por Hectare,True,Taboleiro Grande,RN
2413904,Taipu (RN),,Quilogramas por Hectare,True,Taipu,RN
2414001,Tangará (RN),,Quilogramas por Hectare,True,Tangará,RN
2414100,Tenente Ananias (RN),,Quilogramas por Hectare,True,Tenente Ananias,RN
2414159,Tenente Laurentino Cruz (RN),,Quilogramas por Hectare,True,Tenente Laurentino Cruz,RN
2414209,Tibau do Sul (RN),,Quilogramas por Hectare,True,Tibau do Sul,RN
2414308,Timbaúba dos Batistas (RN),,Quilogramas por Hectare,True,Timbaúba dos Batistas,RN
2414407,Touros (RN),,Quilogramas por Hectare,True,Touros,RN
2414456,Triunfo Potiguar (RN),,Quilogramas por Hectare,True,Triunfo Potiguar,RN
2414506,Umarizal (RN),,Quilogramas por Hectare,True,Umarizal,RN
2414605,Upanema (RN),,Quilogramas por Hectare,True,Upanema,RN
2414704,Várzea (RN),,Quilogramas por Hectare,True,Várzea,RN
2414753,Venha-Ver (RN),,Quilogramas por Hectare,True,Venha-Ver,RN
2414803,Vera Cruz (RN),,Quilogramas por Hectare,True,Vera Cruz,RN
2414902,Viçosa (RN),,Quilogramas por Hectare,True,Viçosa,RN
2415008,Vila Flor (RN),,Quilogramas por Hectare,True,Vila Flor,RN
2500106,Água Branca (PB),,Quilogramas por Hectare,True,Água Branca,PB
2500205,Aguiar (PB),,Quilogramas por Hectare,True,Aguiar,PB
2500304,Alagoa Grande (PB),,Quilogramas por Hectare,True,Alagoa Grande,PB
2500403,Alagoa Nova (PB),,Quilogramas por Hectare,True,Alagoa Nova,PB
2500502,Alagoinha (PB),,Quilogramas por Hectare,True,Alagoinha,PB
2500536,Alcantil (PB),,Quilogramas por Hectare,True,Alcantil,PB
2500577,Algodão de Jandaíra (PB),,Quilogramas por Hectare,True,Algodão de Jandaíra,PB
2500601,Alhandra (PB),,Quilogramas por Hectare,True,Alhandra,PB
2500700,São João do Rio do Peixe (PB),,Quilogramas por Hectare,True,São João do Rio do Peixe,PB
2500734,Amparo (PB),,Quilogramas por Hectare,True,Amparo,PB
2500775,Aparecida (PB),,Quilogramas por Hectare,True,Aparecida,PB
2500809,Araçagi (PB),,Quilogramas por Hectare,True,Araçagi,PB
2500908,Arara (PB),,Quilogramas por Hectare,True,Arara,PB
2501005,Araruna (PB),,Quilogramas por Hectare,True,Araruna,PB
2501104,Areia (PB),,Quilogramas por Hectare,True,Areia,PB
2501153,Areia de Baraúnas (PB),,Quilogramas por Hectare,True,Areia de Baraúnas,PB
2501203,Areial (PB),,Quilogramas por Hectare,True,Areial,PB
2501302,Aroeiras (PB),,Quilogramas por Hectare,True,Aroeiras,PB
2501351,Assunção (PB),,Quilogramas por Hectare,True,Assunção,PB
2501401,Baía da Traição (PB),,Quilogramas por Hectare,True,Baía da Traição,PB
2501500,Bananeiras (PB),,Quilogramas por Hectare,True,Bananeiras,PB
2501534,Baraúna (PB),,Quilogramas por Hectare,True,Baraúna,PB
2501575,Barra de Santana (PB),,Quilogramas por Hectare,True,Barra de Santana,PB
2501609,Barra de Santa Rosa (PB),,Quilogramas por Hectare,True,Barra de Santa Rosa,PB
2501708,Barra de São Miguel (PB),,Quilogramas por Hectare,True,Barra de São Miguel,PB
2501807,Bayeux (PB),,Quilogramas por Hectare,True,Bayeux,PB
2501906,Belém (PB),,Quilogramas por Hectare,True,Belém,PB
2502003,Belém do Brejo do Cruz (PB),,Quilogramas por Hectare,True,Belém do Brejo do Cruz,PB
2502052,Bernardino Batista (PB),,Quilogramas por Hectare,True,Bernardino Batista,PB
2502102,Boa Ventura (PB),,Quilogramas por Hectare,True,Boa Ventura,PB
2502151,Boa Vista (PB),,Quilogramas por Hectare,True,Boa Vista,PB
2502201,Bom Jesus (PB),,Quilogramas por Hectare,True,Bom Jesus,PB
2502300,Bom Sucesso (PB),,Quilogramas por Hectare,True,Bom Sucesso,PB
2502409,Bonito de Santa Fé (PB),,Quilogramas por Hectare,True,Bonito de Santa Fé,PB
2502508,Boqueirão (PB),,Quilogramas por Hectare,True,Boqueirão,PB
2502607,Igaracy (PB),,Quilogramas por Hectare,True,Igaracy,PB
2502706,Borborema (PB),,Quilogramas por Hectare,True,Borborema,PB
2502805,Brejo do Cruz (PB),,Quilogramas por Hectare,True,Brejo do Cruz,PB
2502904,Brejo dos Santos (PB),,Quilogramas por Hectare,True,Brejo dos Santos,PB
2503001,Caaporã (PB),,Quilogramas por Hectare,True,Caaporã,PB
2503100,Cabaceiras (PB),,Quilogramas por Hectare,True,Cabaceiras,PB
2503209,Cabedelo (PB),,Quilogramas por Hectare,True,Cabedelo,PB
2503308,Cachoeira dos Índios (PB),,Quilogramas por Hectare,True,Cachoeira dos Índios,PB
2503407,Cacimba de Areia (PB),,Quilogramas por Hectare,True,Cacimba de Areia,PB
2503506,Cacimba de Dentro (PB),,Quilogramas por Hectare,True,Cacimba de Dentro,PB
2503555,Cacimbas (PB),,Quilogramas por Hectare,True,Cacimbas,PB
2503605,Caiçara (PB),,Quilogramas por Hectare,True,Caiçara,PB
2503704,Cajazeiras (PB),,Quilogramas por Hectare,True,Cajazeiras,PB
2503753,Cajazeirinhas (PB),,Quilogramas por Hectare,True,Cajazeirinhas,PB
2503803,Caldas Brandão (PB),,Quilogramas por Hectare,True,Caldas Brandão,PB
2503902,Camalaú (PB),,Quilogramas por Hectare,True,Camalaú,PB
2504009,Campina Grande (PB),,Quilogramas por Hectare,True,Campina Grande,PB
2504033,Capim (PB),,Quilogramas por Hectare,True,Capim,PB
2504074,Caraúbas (PB),,Quilogramas por Hectare,True,Caraúbas,PB
2504108,Carrapateira (PB),,Quilogramas por Hectare,True,Carrapateira,PB
2504157,Casserengue (PB),,Quilogramas por Hectare,True,Casserengue,PB
2504207,Catingueira (PB),,Quilogramas por Hectare,True,Catingueira,PB
2504306,Catolé do Rocha (PB),,Quilogramas por Hectare,True,Catolé do Rocha,PB
2504355,Caturité (PB),,Quilogramas por Hectare,True,Caturité,PB
2504405,Conceição (PB),,Quilogramas por Hectare,True,Conceição,PB
2504504,Condado (PB),,Quilogramas por Hectare,True,Condado,PB
2504603,Conde (PB),,Quilogramas por Hectare,True,Conde,PB
2504702,Congo (PB),,Quilogramas por Hectare,True,Congo,PB
2504801,Coremas (PB),,Quilogramas por Hectare,True,Coremas,PB
2504850,Coxixola (PB),,Quilogramas por Hectare,True,Coxixola,PB
2504900,Cruz do Espírito Santo (PB),,Quilogramas por Hectare,True,Cruz do Espírito Santo,PB
2505006,Cubati (PB),,Quilogramas por Hectare,True,Cubati,PB
2505105,Cuité (PB),,Quilogramas por Hectare,True,Cuité,PB
2505204,Cuitegi (PB),,Quilogramas por Hectare,True,Cuitegi,PB
2505238,Cuité de Mamanguape (PB),,Quilogramas por Hectare,True,Cuité de Mamanguape,PB
2505279,Curral de Cima (PB),,Quilogramas por Hectare,True,Curral de Cima,PB
2505303,Curral Velho (PB),,Quilogramas por Hectare,True,Curral Velho,PB
2505352,Damião (PB),,Quilogramas por Hectare,True,Damião,PB
2505402,Desterro (PB),,Quilogramas por Hectare,True,Desterro,PB
2505501,Vista Serrana (PB),,Quilogramas por Hectare,True,Vista Serrana,PB
2505600,Diamante (PB),,Quilogramas por Hectare,True,Diamante,PB
2505709,Dona Inês (PB),,Quilogramas por Hectare,True,Dona Inês,PB
2505808,Duas Estradas (PB),,Quilogramas por Hectare,True,Duas Estradas,PB
2505907,Emas (PB),,Quilogramas por Hectare,True,Emas,PB
2506004,Esperança (PB),,Quilogramas por Hectare,True,Esperança,PB
2506103,Fagundes (PB),,Quilogramas por Hectare,True,Fagundes,PB
2506202,Frei Martinho (PB),,Quilogramas por Hectare,True,Frei Martinho,PB
2506251,Gado Bravo (PB),,Quilogramas por Hectare,True,Gado Bravo,PB
2506301,Guarabira (PB),,Quilogramas por Hectare,True,Guarabira,PB
2506400,Gurinhém (PB),,Quilogramas por Hectare,True,Gurinhém,PB
2506509,Gurjão (PB),,Quilogramas por Hectare,True,Gurjão,PB
2506608,Ibiara (PB),,Quilogramas por Hectare,True,Ibiara,PB
2506707,Imaculada (PB),,Quilogramas por Hectare,True,Imaculada,PB
2506806,Ingá (PB),,Quilogramas por Hectare,True,Ingá,PB
2506905,Itabaiana (PB),,Quilogramas por Hectare,True,Itabaiana,PB
2507002,Itaporanga (PB),,Quilogramas por Hectare,True,Itaporanga,PB
2507101,Itapororoca (PB),,Quilogramas por Hectare,True,Itapororoca,PB
2507200,Itatuba (PB),,Quilogramas por Hectare,True,Itatuba,PB
2507309,Jacaraú (PB),,Quilogramas por Hectare,True,Jacaraú,PB
2507408,Jericó (PB),,Quilogramas por Hectare,True,Jericó,PB
2507507,João Pessoa (PB),,Quilogramas por Hectare,True,João Pessoa,PB
2507606,Juarez Távora (PB),,Quilogramas por Hectare,True,Juarez Távora,PB
2507705,Juazeirinho (PB),,Quilogramas por Hectare,True,Juazeirinho,PB
2507804,Junco do Seridó (PB),,Quilogramas por Hectare,True,Junco do Seridó,PB
2507903,Juripiranga (PB),,Quilogramas por Hectare,True,Juripiranga,PB
2508000,Juru (PB),,Quilogramas por Hectare,True,Juru,PB
2508109,Lagoa (PB),,Quilogramas por Hectare,True,Lagoa,PB
2508208,Lagoa de Dentro (PB),,Quilogramas por Hectare,True,Lagoa de Dentro,PB
2508307,Lagoa Seca (PB),,Quilogramas por Hectare,True,Lagoa Seca,PB
2508406,Lastro (PB),,Quilogramas por Hectare,True,Lastro,PB
2508505,Livramento (PB),,Quilogramas por Hectare,True,Livramento,PB
2508554,Logradouro (PB),,Quilogramas por Hectare,True,Logradouro,PB
2508604,Lucena (PB),,Quilogramas por Hectare,True,Lucena,PB
2508703,Mãe d'Água (PB),,Quilogramas por Hectare,True,Mãe d'Água,PB
2508802,Malta (PB),,Quilogramas por Hectare,True,Malta,PB
2508901,Mamanguape (PB),,Quilogramas por Hectare,True,Mamanguape,PB
2509008,Manaíra (PB),,Quilogramas por Hectare,True,Manaíra,PB
2509057,Marcação (PB),,Quilogramas por Hectare,True,Marcação,PB
2509107,Mari (PB),,Quilogramas por Hectare,True,Mari,PB
2509156,Marizópolis (PB),,Quilogramas por Hectare,True,Marizópolis,PB
2509206,Massaranduba (PB),,Quilogramas por Hectare,True,Massaranduba,PB
2509305,Mataraca (PB),,Quilogramas por Hectare,True,Mataraca,PB
2509339,Matinhas (PB),,Quilogramas por Hectare,True,Matinhas,PB
2509370,Mato Grosso (PB),,Quilogramas por Hectare,True,Mato Grosso,PB
2509396,Maturéia (PB),,Quilogramas por Hectare,True,Maturéia,PB
2509404,Mogeiro (PB),,Quilogramas por Hectare,True,Mogeiro,PB
2509503,Montadas (PB),,Quilogramas por Hectare,True,Montadas,PB
2509602,Monte Horebe (PB),,Quilogramas por Hectare,True,Monte Horebe,PB
2509701,Monteiro (PB),,Quilogramas por Hectare,True,Monteiro,PB
2509800,Mulungu (PB),,Quilogramas por Hectare,True,Mulungu,PB
2509909,Natuba (PB),,Quilogramas por Hectare,True,Natuba,PB
2510006,Nazarezinho (PB),,Quilogramas por Hectare,True,Nazarezinho,PB
2510105,Nova Floresta (PB),,Quilogramas por Hectare,True,Nova Floresta,PB
2510204,Nova Olinda (PB),,Quilogramas por Hectare,True,Nova Olinda,PB
2510303,Nova Palmeira (PB),,Quilogramas por Hectare,True,Nova Palmeira,PB
2510402,Olho d'Água (PB),,Quilogramas por Hectare,True,Olho d'Água,PB
2510501,Olivedos (PB),,Quilogramas por Hectare,True,Olivedos,PB
2510600,Ouro Velho (PB),,Quilogramas por Hectare,True,Ouro Velho,PB
2510659,Parari (PB),,Quilogramas por Hectare,True,Parari,PB
2510709,Passagem (PB),,Quilogramas por Hectare,True,Passagem,PB
2510808,Patos (PB),,Quilogramas por Hectare,True,Patos,PB
2510907,Paulista (PB),,Quilogramas por Hectare,True,Paulista,PB
2511004,Pedra Branca (PB),,Quilogramas por Hectare,True,Pedra Branca,PB
2511103,Pedra Lavrada (PB),,Quilogramas por Hectare,True,Pedra Lavrada,PB
2511202,Pedras de Fogo (PB),,Quilogramas por Hectare,True,Pedras de Fogo,PB
2511301,Piancó (PB),,Quilogramas por Hectare,True,Piancó,PB
2511400,Picuí (PB),,Quilogramas por Hectare,True,Picuí,PB
2511509,Pilar (PB),,Quilogramas por Hectare,True,Pilar,PB
2511608,Pilões (PB),,Quilogramas por Hectare,True,Pilões,PB
2511707,Pilõezinhos (PB),,Quilogramas por Hectare,True,Pilõezinhos,PB
2511806,Pirpirituba (PB),,Quilogramas por Hectare,True,Pirpirituba,PB
2511905,Pitimbu (PB),,Quilogramas por Hectare,True,Pitimbu,PB
2512002,Pocinhos (PB),,Quilogramas por Hectare,True,Pocinhos,PB
2512036,Poço Dantas (PB),,Quilogramas por Hectare,True,Poço Dantas,PB
2512077,Poço de José de Moura (PB),,Quilogramas por Hectare,True,Poço de José de Moura,PB
2512101,Pombal (PB),,Quilogramas por Hectare,True,Pombal,PB
2512200,Prata (PB),,Quilogramas por Hectare,True,Prata,PB
2512309,Princesa Isabel (PB),,Quilogramas por Hectare,True,Princesa Isabel,PB
2512408,Puxinanã (PB),,Quilogramas por Hectare,True,Puxinanã,PB
2512507,Queimadas (PB),,Quilogramas por Hectare,True,Queimadas,PB
2512606,Quixaba (PB),,Quilogramas por Hectare,True,Quixaba,PB
2512705,Remígio (PB),,Quilogramas por Hectare,True,Remígio,PB
2512721,Pedro Régis (PB),,Quilogramas por Hectare,True,Pedro Régis,PB
2512747,Riachão (PB),,Quilogramas por Hectare,True,Riachão,PB
2512754,Riachão do Bacamarte (PB),,Quilogramas por Hectare,True,Riachão do Bacamarte,PB
2512762,Riachão do Poço (PB),,Quilogramas por Hectare,True,Riachão do Poço,PB
2512788,Riacho de Santo Antônio (PB),,Quilogramas por Hectare,True,Riacho de Santo Antônio,PB
2512804,Riacho dos Cavalos (PB),,Quilogramas por Hectare,True,Riacho dos Cavalos,PB
2512903,Rio Tinto (PB),,Quilogramas por Hectare,True,Rio Tinto,PB
2513000,Salgadinho (PB),,Quilogramas por Hectare,True,Salgadinho,PB
2513109,Salgado de São Félix (PB),,Quilogramas por Hectare,True,Salgado de São Félix,PB
2513158,Santa Cecília (PB),,Quilogramas por Hectare,True,Santa Cecília,PB
2513208,Santa Cruz (PB),,Quilogramas por Hectare,True,Santa Cruz,PB
2513307,Santa Helena (PB),,Quilogramas por Hectare,True,Santa Helena,PB
2513356,Santa Inês (PB),,Quilogramas por Hectare,True,Santa Inês,PB
2513406,Santa Luzia (PB),,Quilogramas por Hectare,True,Santa Luzia,PB
2513505,Santana de Mangueira (PB),,Quilogramas por Hectare,True,Santana de Mangueira,PB
2513604,Santana dos Garrotes (PB),,Quilogramas por Hectare,True,Santana dos Garrotes,PB
2513653,Joca Claudino (PB),,Quilogramas por Hectare,True,Joca Claudino,PB
2513703,Santa Rita (PB),,Quilogramas por Hectare,True,Santa Rita,PB
2513802,Santa Teresinha (PB),,Quilogramas por Hectare,True,Santa Teresinha,PB
2513851,Santo André (PB),,Quilogramas por Hectare,True,Santo André,PB
2513901,São Bento (PB),,Quilogramas por Hectare,True,São Bento,PB
2513927,São Bentinho (PB),,Quilogramas por Hectare,True,São Bentinho,PB
2513943,São Domingos do Cariri (PB),,Quilogramas por Hectare,True,São Domingos do Cariri,PB
2513968,São Domingos (PB),,Quilogramas por Hectare,True,São Domingos,PB
2513984,São Francisco (PB),,Quilogramas por Hectare,True,São Francisco,PB
2514008,São João do Cariri (PB),,Quilogramas por Hectare,True,São João do Cariri,PB
2514107,São João do Tigre (PB),,Quilogramas por Hectare,True,São João do Tigre,PB
2514206,São José da Lagoa Tapada (PB),,Quilogramas por Hectare,True,São José da Lagoa Tapada,PB
2514305,São José de Caiana (PB),,Quilogramas por Hectare,True,São José de Caiana,PB
2514404,São José de Espinharas (PB),,Quilogramas por Hectare,True,São José de Espinharas,PB
2514453,São José dos Ramos (PB),,Quilogramas por Hectare,True,São José dos Ramos,PB
2514503,São José de Piranhas (PB),,Quilogramas por Hectare,True,São José de Piranhas,PB
2514552,São José de Princesa (PB),,Quilogramas por Hectare,True,São José de Princesa,PB
2514602,São José do Bonfim (PB),,Quilogramas por Hectare,True,São José do Bonfim,PB
2514651,São José do Brejo do Cruz (PB),,Quilogramas por Hectare,True,São José do Brejo do Cruz,PB
2514701,São José do Sabugi (PB),,Quilogramas por Hectare,True,São José do Sabugi,PB
2514800,São José dos Cordeiros (PB),,Quilogramas por Hectare,True,São José dos Cordeiros,PB
2514909,São Mamede (PB),,Quilogramas por Hectare,True,São Mamede,PB
2515005,São Miguel de Taipu (PB),,Quilogramas por Hectare,True,São Miguel de Taipu,PB
2515104,São Sebastião de Lagoa de Roça (PB),,Quilogramas por Hectare,True,São Sebastião de Lagoa de Roça,PB
2515203,São Sebastião do Umbuzeiro (PB),,Quilogramas por Hectare,True,São Sebastião do Umbuzeiro,PB
2515302,Sapé (PB),,Quilogramas por Hectare,True,Sapé,PB
2515401,São Vicente do Seridó (PB),,Quilogramas por Hectare,True,São Vicente do Seridó,PB
2515500,Serra Branca (PB),,Quilogramas por Hectare,True,Serra Branca,PB
2515609,Serra da Raiz (PB),,Quilogramas por Hectare,True,Serra da Raiz,PB
2515708,Serra Grande (PB),,Quilogramas por Hectare,True,Serra Grande,PB
2515807,Serra Redonda (PB),,Quilogramas por Hectare,True,Serra Redonda,PB
2515906,Serraria (PB),,Quilogramas por Hectare,True,Serraria,PB
2515930,Sertãozinho (PB),,Quilogramas por Hectare,True,Sertãozinho,PB
2515971,Sobrado (PB),,Quilogramas por Hectare,True,Sobrado,PB
2516003,Solânea (PB),,Quilogramas por Hectare,True,Solânea,PB
2516102,Soledade (PB),,Quilogramas por Hectare,True,Soledade,PB
2516151,Sossêgo (PB),,Quilogramas por Hectare,True,Sossêgo,PB
2516201,Sousa (PB),,Quilogramas por Hectare,True,Sousa,PB
2516300,Sumé (PB),,Quilogramas por Hectare,True,Sumé,PB
2516409,Tacima (PB),,Quilogramas por Hectare,True,Tacima,PB
2516508,Taperoá (PB),,Quilogramas por Hectare,True,Taperoá,PB
2516607,Tavares (PB),,Quilogramas por Hectare,True,Tavares,PB
2516706,Teixeira (PB),,Quilogramas por Hectare,True,Teixeira,PB
2516755,Tenório (PB),,Quilogramas por Hectare,True,Tenório,PB
2516805,Triunfo (PB),,Quilogramas por Hectare,True,Triunfo,PB
2516904,Uiraúna (PB),,Quilogramas por Hectare,True,Uiraúna,PB
2517001,Umbuzeiro (PB),,Quilogramas por Hectare,True,Umbuzeiro,PB
2517100,Várzea (PB),,Quilogramas por Hectare,True,Várzea,PB
2517209,Vieirópolis (PB),,Quilogramas por Hectare,True,Vieirópolis,PB
2517407,Zabelê (PB),,Quilogramas por Hectare,True,Zabelê,PB
2600054,Abreu e Lima (PE),,Quilogramas por Hectare,True,Abreu e Lima,PE
2600104,Afogados da Ingazeira (PE),,Quilogramas por Hectare,True,Afogados da Ingazeira,PE
2600203,Afrânio (PE),,Quilogramas por Hectare,True,Afrânio,PE
2600302,Agrestina (PE),,Quilogramas por Hectare,True,Agrestina,PE
2600401,Água Preta (PE),,Quilogramas por Hectare,True,Água Preta,PE
2600500,Águas Belas (PE),,Quilogramas por Hectare,True,Águas Belas,PE
2600609,Alagoinha (PE),,Quilogramas por Hectare,True,Alagoinha,PE
2600708,Aliança (PE),,Quilogramas por Hectare,True,Aliança,PE
2600807,Altinho (PE),,Quilogramas por Hectare,True,Altinho,PE
2600906,Amaraji (PE),,Quilogramas por Hectare,True,Amaraji,PE
2601003,Angelim (PE),,Quilogramas por Hectare,True,Angelim,PE
2601052,Araçoiaba (PE),,Quilogramas por Hectare,True,Araçoiaba,PE
2601102,Araripina (PE),,Quilogramas por Hectare,True,Araripina,PE
2601201,Arcoverde (PE),,Quilogramas por Hectare,True,Arcoverde,PE
2601300,Barra de Guabiraba (PE),,Quilogramas por Hectare,True,Barra de Guabiraba,PE
2601409,Barreiros (PE),,Quilogramas por Hectare,True,Barreiros,PE
2601508,Belém de Maria (PE),,Quilogramas por Hectare,True,Belém de Maria,PE
2601607,Belém do São Francisco (PE),,Quilogramas por Hectare,True,Belém do São Francisco,PE
2601706,Belo Jardim (PE),,Quilogramas por Hectare,True,Belo Jardim,PE
2601805,Betânia (PE),,Quilogramas por Hectare,True,Betânia,PE
2601904,Bezerros (PE),,Quilogramas por Hectare,True,Bezerros,PE
2602001,Bodocó (PE),,Quilogramas por Hectare,True,Bodocó,PE
2602100,Bom Conselho (PE),,Quilogramas por Hectare,True,Bom Conselho,PE
2602209,Bom Jardim (PE),,Quilogramas por Hectare,True,Bom Jardim,PE
2602308,Bonito (PE),,Quilogramas por Hectare,True,Bonito,PE
2602407,Brejão (PE),,Quilogramas por Hectare,True,Brejão,PE
2602506,Brejinho (PE),,Quilogramas por Hectare,True,Brejinho,PE
2602605,Brejo da Madre de Deus (PE),,Quilogramas por Hectare,True,Brejo da Madre de Deus,PE
2602704,Buenos Aires (PE),,Quilogramas por Hectare,True,Buenos Aires,PE
2602803,Buíque (PE),,Quilogramas por Hectare,True,Buíque,PE
2602902,Cabo de Santo Agostinho (PE),,Quilogramas por Hectare,True,Cabo de Santo Agostinho,PE
2603009,Cabrobó (PE),,Quilogramas por Hectare,True,Cabrobó,PE
2603108,Cachoeirinha (PE),,Quilogramas por Hectare,True,Cachoeirinha,PE
2603207,Caetés (PE),,Quilogramas por Hectare,True,Caetés,PE
2603306,Calçado (PE),,Quilogramas por Hectare,True,Calçado,PE
2603405,Calumbi (PE),,Quilogramas por Hectare,True,Calumbi,PE
2603454,Camaragibe (PE),,Quilogramas por Hectare,True,Camaragibe,PE
2603504,Camocim de São Félix (PE),,Quilogramas por Hectare,True,Camocim de São Félix,PE
2603603,Camutanga (PE),,Quilogramas por Hectare,True,Camutanga,PE
2603702,Canhotinho (PE),,Quilogramas por Hectare,True,Canhotinho,PE
2603801,Capoeiras (PE),,Quilogramas por Hectare,True,Capoeiras,PE
2603900,Carnaíba (PE),,Quilogramas por Hectare,True,Carnaíba,PE
2603926,Carnaubeira da Penha (PE),,Quilogramas por Hectare,True,Carnaubeira da Penha,PE
2604007,Carpina (PE),,Quilogramas por Hectare,True,Carpina,PE
2604106,Caruaru (PE),,Quilogramas por Hectare,True,Caruaru,PE
2604155,Casinhas (PE),,Quilogramas por Hectare,True,Casinhas,PE
2604205,Catende (PE),,Quilogramas por Hectare,True,Catende,PE
2604304,Cedro (PE),,Quilogramas por Hectare,True,Cedro,PE
2604403,Chã de Alegria (PE),,Quilogramas por Hectare,True,Chã de Alegria,PE
2604502,Chã Grande (PE),,Quilogramas por Hectare,True,Chã Grande,PE
2604601,Condado (PE),,Quilogramas por Hectare,True,Condado,PE
2604700,Correntes (PE),,Quilogramas por Hectare,True,Correntes,PE
2604809,Cortês (PE),,Quilogramas por Hectare,True,Cortês,PE
2604908,Cumaru (PE),,Quilogramas por Hectare,True,Cumaru,PE
2605004,Cupira (PE),,Quilogramas por Hectare,True,Cupira,PE
2605103,Custódia (PE),,Quilogramas por Hectare,True,Custódia,PE
2605152,Dormentes (PE),,Quilogramas por Hectare,True,Dormentes,PE
2605202,Escada (PE),,Quilogramas por Hectare,True,Escada,PE
2605301,Exu (PE),,Quilogramas por Hectare,True,Exu,PE
2605400,Feira Nova (PE),,Quilogramas por Hectare,True,Feira Nova,PE
2605509,Ferreiros (PE),,Quilogramas por Hectare,True,Ferreiros,PE
2605608,Flores (PE),,Quilogramas por Hectare,True,Flores,PE
2605707,Floresta (PE),,Quilogramas por Hectare,True,Floresta,PE
2605806,Frei Miguelinho (PE),,Quilogramas por Hectare,True,Frei Miguelinho,PE
2605905,Gameleira (PE),,Quilogramas por Hectare,True,Gameleira,PE
2606002,Garanhuns (PE),,Quilogramas por Hectare,True,Garanhuns,PE
2606101,Glória do Goitá (PE),,Quilogramas por Hectare,True,Glória do Goitá,PE
2606200,Goiana (PE),,Quilogramas por Hectare,True,Goiana,PE
2606309,Granito (PE),,Quilogramas por Hectare,True,Granito,PE
2606408,Gravatá (PE),,Quilogramas por Hectare,True,Gravatá,PE
2606507,Iati (PE),,Quilogramas por Hectare,True,Iati,PE
2606606,Ibimirim (PE),,Quilogramas por Hectare,True,Ibimirim,PE
2606705,Ibirajuba (PE),,Quilogramas por Hectare,True,Ibirajuba,PE
2606804,Igarassu (PE),,Quilogramas por Hectare,True,Igarassu,PE
2606903,Iguaracy (PE),,Quilogramas por Hectare,True,Iguaracy,PE
2607000,Inajá (PE),,Quilogramas por Hectare,True,Inajá,PE
2607109,Ingazeira (PE),,Quilogramas por Hectare,True,Ingazeira,PE
2607208,Ipojuca (PE),,Quilogramas por Hectare,True,Ipojuca,PE
2607307,Ipubi (PE),,Quilogramas por Hectare,True,Ipubi,PE
2607406,Itacuruba (PE),,Quilogramas por Hectare,True,Itacuruba,PE
2607505,Itaíba (PE),,Quilogramas por Hectare,True,Itaíba,PE
2607604,Ilha de Itamaracá (PE),,Quilogramas por Hectare,True,Ilha de Itamaracá,PE
2607653,Itambé (PE),,Quilogramas por Hectare,True,Itambé,PE
2607703,Itapetim (PE),,Quilogramas por Hectare,True,Itapetim,PE
2607752,Itapissuma (PE),,Quilogramas por Hectare,True,Itapissuma,PE
2607802,Itaquitinga (PE),,Quilogramas por Hectare,True,Itaquitinga,PE
2607901,Jaboatão dos Guararapes (PE),,Quilogramas por Hectare,True,Jaboatão dos Guararapes,PE
2607950,Jaqueira (PE),,Quilogramas por Hectare,True,Jaqueira,PE
2608008,Jataúba (PE),,Quilogramas por Hectare,True,Jataúba,PE
2608057,Jatobá (PE),,Quilogramas por Hectare,True,Jatobá,PE
2608107,João Alfredo (PE),,Quilogramas por Hectare,True,João Alfredo,PE
2608206,Joaquim Nabuco (PE),,Quilogramas por Hectare,True,Joaquim Nabuco,PE
2608255,Jucati (PE),,Quilogramas por Hectare,True,Jucati,PE
2608305,Jupi (PE),,Quilogramas por Hectare,True,Jupi,PE
2608404,Jurema (PE),,Quilogramas por Hectare,True,Jurema,PE
2608453,Lagoa do Carro (PE),,Quilogramas por Hectare,True,Lagoa do Carro,PE
2608503,Lagoa de Itaenga (PE),,Quilogramas por Hectare,True,Lagoa de Itaenga,PE
2608602,Lagoa do Ouro (PE),,Quilogramas por Hectare,True,Lagoa do Ouro,PE
2608701,Lagoa dos Gatos (PE),,Quilogramas por Hectare,True,Lagoa dos Gatos,PE
2608750,Lagoa Grande (PE),,Quilogramas por Hectare,True,Lagoa Grande,PE
2608800,Lajedo (PE),,Quilogramas por Hectare,True,Lajedo,PE
2608909,Limoeiro (PE),,Quilogramas por Hectare,True,Limoeiro,PE
2609006,Macaparana (PE),,Quilogramas por Hectare,True,Macaparana,PE
2609105,Machados (PE),,Quilogramas por Hectare,True,Machados,PE
2609154,Manari (PE),,Quilogramas por Hectare,True,Manari,PE
2609204,Maraial (PE),4500.0,Quilogramas por Hectare,False,Maraial,PE
2609303,Mirandiba (PE),,Quilogramas por Hectare,True,Mirandiba,PE
2609402,Moreno (PE),,Quilogramas por Hectare,True,Moreno,PE
2609501,Nazaré da Mata (PE),,Quilogramas por Hectare,True,Nazaré da Mata,PE
2609600,Olinda (PE),,Quilogramas por Hectare,True,Olinda,PE
2609709,Orobó (PE),,Quilogramas por Hectare,True,Orobó,PE
2609808,Orocó (PE),,Quilogramas por Hectare,True,Orocó,PE
2609907,Ouricuri (PE),,Quilogramas por Hectare,True,Ouricuri,PE
2610004,Palmares (PE),,Quilogramas por Hectare,True,Palmares,PE
2610103,Palmeirina (PE),,Quilogramas por Hectare,True,Palmeirina,PE
2610202,Panelas (PE),,Quilogramas por Hectare,True,Panelas,PE
2610301,Paranatama (PE),,Quilogramas por Hectare,True,Paranatama,PE
2610400,Parnamirim (PE),,Quilogramas por Hectare,True,Parnamirim,PE
2610509,Passira (PE),,Quilogramas por Hectare,True,Passira,PE
2610608,Paudalho (PE),,Quilogramas por Hectare,True,Paudalho,PE
2610707,Paulista (PE),,Quilogramas por Hectare,True,Paulista,PE
2610806,Pedra (PE),,Quilogramas por Hectare,True,Pedra,PE
2610905,Pesqueira (PE),,Quilogramas por Hectare,True,Pesqueira,PE
2611002,Petrolândia (PE),,Quilogramas por Hectare,True,Petrolândia,PE
2611101,Petrolina (PE),,Quilogramas por Hectare,True,Petrolina,PE
2611200,Poção (PE),,Quilogramas por Hectare,True,Poção,PE
2611309,Pombos (PE),,Quilogramas por Hectare,True,Pombos,PE
2611408,Primavera (PE),,Quilogramas por Hectare,True,Primavera,PE
2611507,Quipapá (PE),,Quilogramas por Hectare,True,Quipapá,PE
2611533,Quixaba (PE),,Quilogramas por Hectare,True,Quixaba,PE
2611606,Recife (PE),,Quilogramas por Hectare,True,Recife,PE
2611705,Riacho das Almas (PE),,Quilogramas por Hectare,True,Riacho das Almas,PE
2611804,Ribeirão (PE),,Quilogramas por Hectare,True,Ribeirão,PE
2611903,Rio Formoso (PE),,Quilogramas por Hectare,True,Rio Formoso,PE
2612000,Sairé (PE),,Quilogramas por Hectare,True,Sairé,PE
2612109,Salgadinho (PE),,Quilogramas por Hectare,True,Salgadinho,PE
2612208,Salgueiro (PE),,Quilogramas por Hectare,True,Salgueiro,PE
2612307,Saloá (PE),,Quilogramas por Hectare,True,Saloá,PE
2612406,Sanharó (PE),,Quilogramas por Hectare,True,Sanharó,PE
2612455,Santa Cruz (PE),,Quilogramas por Hectare,True,Santa Cruz,PE
2612471,Santa Cruz da Baixa Verde (PE),,Quilogramas por Hectare,True,Santa Cruz da Baixa Verde,PE
2612505,Santa Cruz do Capibaribe (PE),,Quilogramas por Hectare,True,Santa Cruz do Capibaribe,PE
2612554,Santa Filomena (PE),,Quilogramas por Hectare,True,Santa Filomena,PE
2612604,Santa Maria da Boa Vista (PE),,Quilogramas por Hectare,True,Santa Maria da Boa Vista,PE
2612703,Santa Maria do Cambucá (PE),,Quilogramas por Hectare,True,Santa Maria do Cambucá,PE
2612802,Santa Terezinha (PE),,Quilogramas por Hectare,True,Santa Terezinha,PE
2612901,São Benedito do Sul (PE),,Quilogramas por Hectare,True,São Benedito do Sul,PE
2613008,São Bento do Una (PE),,Quilogramas por Hectare,True,São Bento do Una,PE
2613107,São Caitano (PE),,Quilogramas por Hectare,True,São Caitano,PE
2613206,São João (PE),,Quilogramas por Hectare,True,São João,PE
2613305,São Joaquim do Monte (PE),,Quilogramas por Hectare,True,São Joaquim do Monte,PE
2613404,São José da Coroa Grande (PE),,Quilogramas por Hectare,True,São José da Coroa Grande,PE
2613503,São José do Belmonte (PE),,Quilogramas por Hectare,True,São José do Belmonte,PE
2613602,São José do Egito (PE),,Quilogramas por Hectare,True,São José do Egito,PE
2613701,São Lourenço da Mata (PE),,Quilogramas por Hectare,True,São Lourenço da Mata,PE
2613800,São Vicente Férrer (PE),,Quilogramas por Hectare,True,São Vicente Férrer,PE
2613909,Serra Talhada (PE),,Quilogramas por Hectare,True,Serra Talhada,PE
2614006,Serrita (PE),,Quilogramas por Hectare,True,Serrita,PE
2614105,Sertânia (PE),,Quilogramas por Hectare,True,Sertânia,PE
2614204,Sirinhaém (PE),,Quilogramas por Hectare,True,Sirinhaém,PE
2614303,Moreilândia (PE),,Quilogramas por Hectare,True,Moreilândia,PE
2614402,Solidão (PE),,Quilogramas por Hectare,True,Solidão,PE
2614501,Surubim (PE),,Quilogramas por Hectare,True,Surubim,PE
2614600,Tabira (PE),,Quilogramas por Hectare,True,Tabira,PE
2614709,Tacaimbó (PE),,Quilogramas por Hectare,True,Tacaimbó,PE
2614808,Tacaratu (PE),,Quilogramas por Hectare,True,Tacaratu,PE
2614857,Tamandaré (PE),,Quilogramas por Hectare,True,Tamandaré,PE
2615003,Taquaritinga do Norte (PE),,Quilogramas por Hectare,True,Taquaritinga do Norte,PE
2615102,Terezinha (PE),,Quilogramas por Hectare,True,Terezinha,PE
2615201,Terra Nova (PE),,Quilogramas por Hectare,True,Terra Nova,PE
2615300,Timbaúba (PE),,Quilogramas por Hectare,True,Timbaúba,PE
2615409,Toritama (PE),,Quilogramas por Hectare,True,Toritama,PE
2615508,Tracunhaém (PE),,Quilogramas por Hectare,True,Tracunhaém,PE
2615607,Trindade (PE),,Quilogramas por Hectare,True,Trindade,PE
2615706,Triunfo (PE),,Quilogramas por Hectare,True,Triunfo,PE
2615805,Tupanatinga (PE),,Quilogramas por Hectare,True,Tupanatinga,PE
2615904,Tuparetama (PE),,Quilogramas por Hectare,True,Tuparetama,PE
2616001,Venturosa (PE),,Quilogramas por Hectare,True,Venturosa,PE
2616100,Verdejante (PE),,Quilogramas por Hectare,True,Verdejante,PE
2616183,Vertente do Lério (PE),,Quilogramas por Hectare,True,Vertente do Lério,PE
2616209,Vertentes (PE),,Quilogramas por Hectare,True,Vertentes,PE
2616308,Vicência (PE),,Quilogramas por Hectare,True,Vicência,PE
2616407,Vitória de Santo Antão (PE),,Quilogramas por Hectare,True,Vitória de Santo Antão,PE
2616506,Xexéu (PE),,Quilogramas por Hectare,True,Xexéu,PE
2700102,Água Branca (AL),,Quilogramas por Hectare,True,Água Branca,AL
2700201,Anadia (AL),,Quilogramas por Hectare,True,Anadia,AL
2700300,Arapiraca (AL),,Quilogramas por Hectare,True,Arapiraca,AL
2700409,Atalaia (AL),1500.0,Quilogramas por Hectare,False,Atalaia,AL
2700508,Barra de Santo Antônio (AL),,Quilogramas por Hectare,True,Barra de Santo Antônio,AL
2700607,Barra de São Miguel (AL),,Quilogramas por Hectare,True,Barra de São Miguel,AL
2700805,Belém (AL),,Quilogramas por Hectare,True,Belém,AL
2700904,Belo Monte (AL),,Quilogramas por Hectare,True,Belo Monte,AL
2701001,Boca da Mata (AL),1688.0,Quilogramas por Hectare,False,Boca da Mata,AL
2701100,Branquinha (AL),,Quilogramas por Hectare,True,Branquinha,AL
2701209,Cacimbinhas (AL),,Quilogramas por Hectare,True,Cacimbinhas,AL
2701308,Cajueiro (AL),,Quilogramas por Hectare,True,Cajueiro,AL
2701357,Campestre (AL),,Quilogramas por Hectare,True,Campestre,AL
2701407,Campo Alegre (AL),,Quilogramas por Hectare,True,Campo Alegre,AL
2701506,Campo Grande (AL),,Quilogramas por Hectare,True,Campo Grande,AL
2701605,Canapi (AL),,Quilogramas por Hectare,True,Canapi,AL
2701704,Capela (AL),,Quilogramas por Hectare,True,Capela,AL
2701803,Carneiros (AL),,Quilogramas por Hectare,True,Carneiros,AL
2701902,Chã Preta (AL),,Quilogramas por Hectare,True,Chã Preta,AL
2702009,Coité do Nóia (AL),,Quilogramas por Hectare,True,Coité do Nóia,AL
2702108,Colônia Leopoldina (AL),,Quilogramas por Hectare,True,Colônia Leopoldina,AL
2702207,Coqueiro Seco (AL),,Quilogramas por Hectare,True,Coqueiro Seco,AL
2702306,Coruripe (AL),,Quilogramas por Hectare,True,Coruripe,AL
2702355,Craíbas (AL),,Quilogramas por Hectare,True,Craíbas,AL
2702405,Delmiro Gouveia (AL),,Quilogramas por Hectare,True,Delmiro Gouveia,AL
2702504,Dois Riachos (AL),,Quilogramas por Hectare,True,Dois Riachos,AL
2702553,Estrela de Alagoas (AL),,Quilogramas por Hectare,True,Estrela de Alagoas,AL
2702603,Feira Grande (AL),,Quilogramas por Hectare,True,Feira Grande,AL
2702702,Feliz Deserto (AL),,Quilogramas por Hectare,True,Feliz Deserto,AL
2702801,Flexeiras (AL),,Quilogramas por Hectare,True,Flexeiras,AL
2702900,Girau do Ponciano (AL),,Quilogramas por Hectare,True,Girau do Ponciano,AL
2703007,Ibateguara (AL),,Quilogramas por Hectare,True,Ibateguara,AL
2703106,Igaci (AL),,Quilogramas por Hectare,True,Igaci,AL
2703205,Igreja Nova (AL),,Quilogramas por Hectare,True,Igreja Nova,AL
2703304,Inhapi (AL),,Quilogramas por Hectare,True,Inhapi,AL
2703403,Jacaré dos Homens (AL),,Quilogramas por Hectare,True,Jacaré dos Homens,AL
2703502,Jacuípe (AL),,Quilogramas por Hectare,True,Jacuípe,AL
2703601,Japaratinga (AL),2125.0,Quilogramas por Hectare,False,Japaratinga,AL
2703700,Jaramataia (AL),,Quilogramas por Hectare,True,Jaramataia,AL
2703759,Jequiá da Praia (AL),,Quilogramas por Hectare,True,Jequiá da Praia,AL
2703809,Joaquim Gomes (AL),,Quilogramas por Hectare,True,Joaquim Gomes,AL
2703908,Jundiá (AL),,Quilogramas por Hectare,True,Jundiá,AL
2704005,Junqueiro (AL),,Quilogramas por Hectare,True,Junqueiro,AL
2704104,Lagoa da Canoa (AL),,Quilogramas por Hectare,True,Lagoa da Canoa,AL
2704203,Limoeiro de Anadia (AL),,Quilogramas por Hectare,True,Limoeiro de Anadia,AL
2704302,Maceió (AL),,Quilogramas por Hectare,True,Maceió,AL
2704401,Major Isidoro (AL),,Quilogramas por Hectare,True,Major Isidoro,AL
2704500,Maragogi (AL),1600.0,Quilogramas por Hectare,False,Maragogi,AL
2704609,Maravilha (AL),,Quilogramas por Hectare,True,Maravilha,AL
2704708,Marechal Deodoro (AL),,Quilogramas por Hectare,True,Marechal Deodoro,AL
2704807,Maribondo (AL),,Quilogramas por Hectare,True,Maribondo,AL
2704906,Mar Vermelho (AL),,Quilogramas por Hectare,True,Mar Vermelho,AL
2705002,Mata Grande (AL),,Quilogramas por Hectare,True,Mata Grande,AL
2705101,Matriz de Camaragibe (AL),,Quilogramas por Hectare,True,Matriz de Camaragibe,AL
2705200,Messias (AL),,Quilogramas por Hectare,True,Messias,AL
2705309,Minador do Negrão (AL),,Quilogramas por Hectare,True,Minador do Negrão,AL
2705408,Monteirópolis (AL),,Quilogramas por Hectare,True,Monteirópolis,AL
2705507,Murici (AL),,Quilogramas por Hectare,True,Murici,AL
2705606,Novo Lino (AL),,Quilogramas por Hectare,True,Novo Lino,AL
2705705,Olho d'Água das Flores (AL),,Quilogramas por Hectare,True,Olho d'Água das Flores,AL
2705804,Olho d'Água do Casado (AL),,Quilogramas por Hectare,True,Olho d'Água do Casado,AL
2705903,Olho d'Água Grande (AL),,Quilogramas por Hectare,True,Olho d'Água Grande,AL
2706000,Olivença (AL),,Quilogramas por Hectare,True,Olivença,AL
2706109,Ouro Branco (AL),,Quilogramas por Hectare,True,Ouro Branco,AL
2706208,Palestina (AL),,Quilogramas por Hectare,True,Palestina,AL
2706307,Palmeira dos Índios (AL),,Quilogramas por Hectare,True,Palmeira dos Índios,AL
2706406,Pão de Açúcar (AL),,Quilogramas por Hectare,True,Pão de Açúcar,AL
2706422,Pariconha (AL),,Quilogramas por Hectare,True,Pariconha,AL
2706448,Paripueira (AL),3000.0,Quilogramas por Hectare,False,Paripueira,AL
2706505,Passo de Camaragibe (AL),,Quilogramas por Hectare,True,Passo de Camaragibe,AL
2706604,Paulo Jacinto (AL),,Quilogramas por Hectare,True,Paulo Jacinto,AL
2706703,Penedo (AL),,Quilogramas por Hectare,True,Penedo,AL
2706802,Piaçabuçu (AL),,Quilogramas por Hectare,True,Piaçabuçu,AL
2706901,Pilar (AL),1625.0,Quilogramas por Hectare,False,Pilar,AL
2707008,Pindoba (AL),,Quilogramas por Hectare,True,Pindoba,AL
2707107,Piranhas (AL),,Quilogramas por Hectare,True,Piranhas,AL
2707206,Poço das Trincheiras (AL),,Quilogramas por Hectare,True,Poço das Trincheiras,AL
2707305,Porto Calvo (AL),,Quilogramas por Hectare,True,Porto Calvo,AL
2707404,Porto de Pedras (AL),,Quilogramas por Hectare,True,Porto de Pedras,AL
2707503,Porto Real do Colégio (AL),,Quilogramas por Hectare,True,Porto Real do Colégio,AL
2707602,Quebrangulo (AL),,Quilogramas por Hectare,True,Quebrangulo,AL
2707701,Rio Largo (AL),,Quilogramas por Hectare,True,Rio Largo,AL
2707800,Roteiro (AL),,Quilogramas por Hectare,True,Roteiro,AL
2707909,Santa Luzia do Norte (AL),,Quilogramas por Hectare,True,Santa Luzia do Norte,AL
2708006,Santana do Ipanema (AL),,Quilogramas por Hectare,True,Santana do Ipanema,AL
2708105,Santana do Mundaú (AL),,Quilogramas por Hectare,True,Santana do Mundaú,AL
2708204,São Brás (AL),,Quilogramas por Hectare,True,São Brás,AL
2708303,São José da Laje (AL),,Quilogramas por Hectare,True,São José da Laje,AL
2708402,São José da Tapera (AL),,Quilogramas por Hectare,True,São José da Tapera,AL
2708501,São Luís do Quitunde (AL),,Quilogramas por Hectare,True,São Luís do Quitunde,AL
2708600,São Miguel dos Campos (AL),,Quilogramas por Hectare,True,São Miguel dos Campos,AL
2708709,São Miguel dos Milagres (AL),,Quilogramas por Hectare,True,São Miguel dos Milagres,AL
2708808,São Sebastião (AL),,Quilogramas por Hectare,True,São Sebastião,AL
2708907,Satuba (AL),,Quilogramas por Hectare,True,Satuba,AL
2708956,Senador Rui Palmeira (AL),,Quilogramas por Hectare,True,Senador Rui Palmeira,AL
2709004,Tanque d'Arca (AL),,Quilogramas por Hectare,True,Tanque d'Arca,AL
2709103,Taquarana (AL),,Quilogramas por Hectare,True,Taquarana,AL
2709152,Teotônio Vilela (AL),,Quilogramas por Hectare,True,Teotônio Vilela,AL
2709202,Traipu (AL),,Quilogramas por Hectare,True,Traipu,AL
2709301,União dos Palmares (AL),,Quilogramas por Hectare,True,União dos Palmares,AL
2709400,Viçosa (AL),,Quilogramas por Hectare,True,Viçosa,AL
2800100,Amparo do São Francisco (SE),,Quilogramas por Hectare,True,Amparo do São Francisco,SE
2800209,Aquidabã (SE),,Quilogramas por Hectare,True,Aquidabã,SE
2800308,Aracaju (SE),,Quilogramas por Hectare,True,Aracaju,SE
2800407,Arauá (SE),,Quilogramas por Hectare,True,Arauá,SE
2800506,Areia Branca (SE),,Quilogramas por Hectare,True,Areia Branca,SE
2800605,Barra dos Coqueiros (SE),,Quilogramas por Hectare,True,Barra dos Coqueiros,SE
2800670,Boquim (SE),,Quilogramas por Hectare,True,Boquim,SE
2800704,Brejo Grande (SE),,Quilogramas por Hectare,True,Brejo Grande,SE
2801009,Campo do Brito (SE),,Quilogramas por Hectare,True,Campo do Brito,SE
2801108,Canhoba (SE),,Quilogramas por Hectare,True,Canhoba,SE
2801207,Canindé de São Francisco (SE),,Quilogramas por Hectare,True,Canindé de São Francisco,SE
2801306,Capela (SE),,Quilogramas por Hectare,True,Capela,SE
2801405,Carira (SE),,Quilogramas por Hectare,True,Carira,SE
2801504,Carmópolis (SE),,Quilogramas por Hectare,True,Carmópolis,SE
2801603,Cedro de São João (SE),,Quilogramas por Hectare,True,Cedro de São João,SE
2801702,Cristinápolis (SE),,Quilogramas por Hectare,True,Cristinápolis,SE
2801900,Cumbe (SE),,Quilogramas por Hectare,True,Cumbe,SE
2802007,Divina Pastora (SE),,Quilogramas por Hectare,True,Divina Pastora,SE
2802106,Estância (SE),,Quilogramas por Hectare,True,Estância,SE
2802205,Feira Nova (SE),,Quilogramas por Hectare,True,Feira Nova,SE
2802304,Frei Paulo (SE),,Quilogramas por Hectare,True,Frei Paulo,SE
2802403,Gararu (SE),,Quilogramas por Hectare,True,Gararu,SE
2802502,General Maynard (SE),,Quilogramas por Hectare,True,General Maynard,SE
2802700,Ilha das Flores (SE),,Quilogramas por Hectare,True,Ilha das Flores,SE
2802809,Indiaroba (SE),,Quilogramas por Hectare,True,Indiaroba,SE
2802908,Itabaiana (SE),,Quilogramas por Hectare,True,Itabaiana,SE
2803005,Itabaianinha (SE),,Quilogramas por Hectare,True,Itabaianinha,SE
2803104,Itabi (SE),,Quilogramas por Hectare,True,Itabi,SE
2803203,Itaporanga d'Ajuda (SE),,Quilogramas por Hectare,True,Itaporanga d'Ajuda,SE
2803302,Japaratuba (SE),,Quilogramas por Hectare,True,Japaratuba,SE
2803401,Japoatã (SE),,Quilogramas por Hectare,True,Japoatã,SE
2803500,Lagarto (SE),,Quilogramas por Hectare,True,Lagarto,SE
2803609,Laranjeiras (SE),,Quilogramas por Hectare,True,Laranjeiras,SE
2803708,Macambira (SE),,Quilogramas por Hectare,True,Macambira,SE
2803807,Malhada dos Bois (SE),,Quilogramas por Hectare,True,Malhada dos Bois,SE
2803906,Malhador (SE),,Quilogramas por Hectare,True,Malhador,SE
2804003,Maruim (SE),,Quilogramas por Hectare,True,Maruim,SE
2804102,Moita Bonita (SE),,Quilogramas por Hectare,True,Moita Bonita,SE
2804300,Muribeca (SE),,Quilogramas por Hectare,True,Muribeca,SE
2804409,Neópolis (SE),,Quilogramas por Hectare,True,Neópolis,SE
2804458,Nossa Senhora Aparecida (SE),,Quilogramas por Hectare,True,Nossa Senhora Aparecida,SE
2804607,Nossa Senhora das Dores (SE),,Quilogramas por Hectare,True,Nossa Senhora das Dores,SE
2804706,Nossa Senhora de Lourdes (SE),,Quilogramas por Hectare,True,Nossa Senhora de Lourdes,SE
2804805,Nossa Senhora do Socorro (SE),,Quilogramas por Hectare,True,Nossa Senhora do Socorro,SE
2804904,Pacatuba (SE),,Quilogramas por Hectare,True,Pacatuba,SE
2805000,Pedra Mole (SE),,Quilogramas por Hectare,True,Pedra Mole,SE
2805109,Pedrinhas (SE),,Quilogramas por Hectare,True,Pedrinhas,SE
2805208,Pinhão (SE),,Quilogramas por Hectare,True,Pinhão,SE
2805307,Pirambu (SE),,Quilogramas por Hectare,True,Pirambu,SE
2805406,Poço Redondo (SE),,Quilogramas por Hectare,True,Poço Redondo,SE
2805505,Poço Verde (SE),,Quilogramas por Hectare,True,Poço Verde,SE
2805604,Porto da Folha (SE),,Quilogramas por Hectare,True,Porto da Folha,SE
2805703,Propriá (SE),,Quilogramas por Hectare,True,Propriá,SE
2805802,Riachão do Dantas (SE),,Quilogramas por Hectare,True,Riachão do Dantas,SE
2805901,Riachuelo (SE),,Quilogramas por Hectare,True,Riachuelo,SE
2806008,Ribeirópolis (SE),,Quilogramas por Hectare,True,Ribeirópolis,SE
2806107,Rosário do Catete (SE),,Quilogramas por Hectare,True,Rosário do Catete,SE
2806206,Salgado (SE),,Quilogramas por Hectare,True,Salgado,SE
2806305,Santa Luzia do Itanhy (SE),,Quilogramas por Hectare,True,Santa Luzia do Itanhy,SE
2806404,Santana do São Francisco (SE),,Quilogramas por Hectare,True,Santana do São Francisco,SE
2806503,Santa Rosa de Lima (SE),,Quilogramas por Hectare,True,Santa Rosa de Lima,SE
2806602,Santo Amaro das Brotas (SE),,Quilogramas por Hectare,True,Santo Amaro das Brotas,SE
2806701,São Cristóvão (SE),,Quilogramas por Hectare,True,São Cristóvão,SE
2806800,São Domingos (SE),,Quilogramas por Hectare,True,São Domingos,SE
2806909,São Francisco (SE),,Quilogramas por Hectare,True,São Francisco,SE
2807105,Simão Dias (SE),,Quilogramas por Hectare,True,Simão Dias,SE
2807204,Siriri (SE),,Quilogramas por Hectare,True,Siriri,SE
2807303,Telha (SE),,Quilogramas por Hectare,True,Telha,SE
2807402,Tobias Barreto (SE),,Quilogramas por Hectare,True,Tobias Barreto,SE
2807501,Tomar do Geru (SE),,Quilogramas por Hectare,True,Tomar do Geru,SE
2807600,Umbaúba (SE),,Quilogramas por Hectare,True,Umbaúba,SE
2900108,Abaíra (BA),,Quilogramas por Hectare,True,Abaíra,BA
2900207,Abaré (BA),,Quilogramas por Hectare,True,Abaré,BA
2900306,Acajutiba (BA),,Quilogramas por Hectare,True,Acajutiba,BA
2900355,Adustina (BA),,Quilogramas por Hectare,True,Adustina,BA
2900405,Água Fria (BA),,Quilogramas por Hectare,True,Água Fria,BA
2900504,Érico Cardoso (BA),,Quilogramas por Hectare,True,Érico Cardoso,BA
2900603,Aiquara (BA),3000.0,Quilogramas por Hectare,False,Aiquara,BA
2900702,Alagoinhas (BA),,Quilogramas por Hectare,True,Alagoinhas,BA
2900801,Alcobaça (BA),,Quilogramas por Hectare,True,Alcobaça,BA
2900900,Almadina (BA),,Quilogramas por Hectare,True,Almadina,BA
2901007,Amargosa (BA),,Quilogramas por Hectare,True,Amargosa,BA
2901106,Amélia Rodrigues (BA),,Quilogramas por Hectare,True,Amélia Rodrigues,BA
2901155,América Dourada (BA),,Quilogramas por Hectare,True,América Dourada,BA
2901205,Anagé (BA),,Quilogramas por Hectare,True,Anagé,BA
2901304,Andaraí (BA),,Quilogramas por Hectare,True,Andaraí,BA
2901353,Andorinha (BA),,Quilogramas por Hectare,True,Andorinha,BA
2901403,Angical (BA),,Quilogramas por Hectare,True,Angical,BA
2901502,Anguera (BA),,Quilogramas por Hectare,True,Anguera,BA
2901601,Antas (BA),,Quilogramas por Hectare,True,Antas,BA
2901700,Antônio Cardoso (BA),,Quilogramas por Hectare,True,Antônio Cardoso,BA
2901809,Antônio Gonçalves (BA),,Quilogramas por Hectare,True,Antônio Gonçalves,BA
2901908,Aporá (BA),,Quilogramas por Hectare,True,Aporá,BA
2901957,Apuarema (BA),2000.0,Quilogramas por Hectare,False,Apuarema,BA
2902005,Aracatu (BA),,Quilogramas por Hectare,True,Aracatu,BA
2902054,Araçás (BA),,Quilogramas por Hectare,True,Araçás,BA
2902104,Araci (BA),,Quilogramas por Hectare,True,Araci,BA
2902203,Aramari (BA),,Quilogramas por Hectare,True,Aramari,BA
2902252,Arataca (BA),5500.0,Quilogramas por Hectare,False,Arataca,BA
2902302,Aratuípe (BA),,Quilogramas por Hectare,True,Aratuípe,BA
2902401,Aurelino Leal (BA),,Quilogramas por Hectare,True,Aurelino Leal,BA
2902500,Baianópolis (BA),,Quilogramas por Hectare,True,Baianópolis,BA
2902609,Baixa Grande (BA),,Quilogramas por Hectare,True,Baixa Grande,BA
2902658,Banzaê (BA),,Quilogramas por Hectare,True,Banzaê,BA
2902708,Barra (BA),,Quilogramas por Hectare,True,Barra,BA
2902807,Barra da Estiva (BA),,Quilogramas por Hectare,True,Barra da Estiva,BA
2902906,Barra do Choça (BA),,Quilogramas por Hectare,True,Barra do Choça,BA
2903003,Barra do Mendes (BA),,Quilogramas por Hectare,True,Barra do Mendes,BA
2903102,Barra do Rocha (BA),6000.0,Quilogramas por Hectare,False,Barra do Rocha,BA
2903201,Barreiras (BA),,Quilogramas por Hectare,True,Barreiras,BA
2903235,Barro Alto (BA),,Quilogramas por Hectare,True,Barro Alto,BA
2903276,Barrocas (BA),,Quilogramas por Hectare,True,Barrocas,BA
2903300,Barro Preto (BA),1245.0,Quilogramas por Hectare,False,Barro Preto,BA
2903409,Belmonte (BA),3000.0,Quilogramas por Hectare,False,Belmonte,BA
2903508,Belo Campo (BA),,Quilogramas por Hectare,True,Belo Campo,BA
2903607,Biritinga (BA),,Quilogramas por Hectare,True,Biritinga,BA
2903706,Boa Nova (BA),3400.0,Quilogramas por Hectare,False,Boa Nova,BA
2903805,Boa Vista do Tupim (BA),,Quilogramas por Hectare,True,Boa Vista do Tupim,BA
2903904,Bom Jesus da Lapa (BA),,Quilogramas por Hectare,True,Bom Jesus da Lapa,BA
2903953,Bom Jesus da Serra (BA),,Quilogramas por Hectare,True,Bom Jesus da Serra,BA
2904001,Boninal (BA),,Quilogramas por Hectare,True,Boninal,BA
2904050,Bonito (BA),,Quilogramas por Hectare,True,Bonito,BA
2904100,Boquira (BA),,Quilogramas por Hectare,True,Boquira,BA
2904209,Botuporã (BA),,Quilogramas por Hectare,True,Botuporã,BA
2904308,Brejões (BA),,Quilogramas por Hectare,True,Brejões,BA
2904407,Brejolândia (BA),,Quilogramas por Hectare,True,Brejolândia,BA
2904506,Brotas de Macaúbas (BA),,Quilogramas por Hectare,True,Brotas de Macaúbas,BA
2904605,Brumado (BA),,Quilogramas por Hectare,True,Brumado,BA
2904704,Buerarema (BA),,Quilogramas por Hectare,True,Buerarema,BA
2904753,Buritirama (BA),,Quilogramas por Hectare,True,Buritirama,BA
2904803,Caatiba (BA),,Quilogramas por Hectare,True,Caatiba,BA
2904852,Cabaceiras do Paraguaçu (BA),,Quilogramas por Hectare,True,Cabaceiras do Paraguaçu,BA
2904902,Cachoeira (BA),,Quilogramas por Hectare,True,Cachoeira,BA
2905008,Caculé (BA),,Quilogramas por Hectare,True,Caculé,BA
2905107,Caém (BA),,Quilogramas por Hectare,True,Caém,BA
2905156,Caetanos (BA),,Quilogramas por Hectare,True,Caetanos,BA
2905206,Caetité (BA),,Quilogramas por Hectare,True,Caetité,BA
2905305,Cafarnaum (BA),,Quilogramas por Hectare,True,Cafarnaum,BA
2905404,Cairu (BA),,Quilogramas por Hectare,True,Cairu,BA
2905503,Caldeirão Grande (BA),,Quilogramas por Hectare,True,Caldeirão Grande,BA
2905602,Camacan (BA),,Quilogramas por Hectare,True,Camacan,BA
2905701,Camaçari (BA),,Quilogramas por Hectare,True,Camaçari,BA
2905800,Camamu (BA),2414.0,Quilogramas por Hectare,False,Camamu,BA
2905909,Campo Alegre de Lourdes (BA),,Quilogramas por Hectare,True,Campo Alegre de Lourdes,BA
2906006,Campo Formoso (BA),,Quilogramas por Hectare,True,Campo Formoso,BA
2906105,Canápolis (BA),,Quilogramas por Hectare,True,Canápolis,BA
2906204,Canarana (BA),,Quilogramas por Hectare,True,Canarana,BA
2906303,Canavieiras (BA),5833.0,Quilogramas por Hectare,False,Canavieiras,BA
2906402,Candeal (BA),,Quilogramas por Hectare,True,Candeal,BA
2906501,Candeias (BA),,Quilogramas por Hectare,True,Candeias,BA
2906600,Candiba (BA),,Quilogramas por Hectare,True,Candiba,BA
2906709,Cândido Sales (BA),,Quilogramas por Hectare,True,Cândido Sales,BA
2906808,Cansanção (BA),,Quilogramas por Hectare,True,Cansanção,BA
2906824,Canudos (BA),,Quilogramas por Hectare,True,Canudos,BA
2906857,Capela do Alto Alegre (BA),,Quilogramas por Hectare,True,Capela do Alto Alegre,BA
2906873,Capim Grosso (BA),,Quilogramas por Hectare,True,Capim Grosso,BA
2906899,Caraíbas (BA),,Quilogramas por Hectare,True,Caraíbas,BA
2906907,Caravelas (BA),,Quilogramas por Hectare,True,Caravelas,BA
2907004,Cardeal da Silva (BA),,Quilogramas por Hectare,True,Cardeal da Silva,BA
2907103,Carinhanha (BA),,Quilogramas por Hectare,True,Carinhanha,BA
2907202,Casa Nova (BA),,Quilogramas por Hectare,True,Casa Nova,BA
2907301,Castro Alves (BA),,Quilogramas por Hectare,True,Castro Alves,BA
2907400,Catolândia (BA),,Quilogramas por Hectare,True,Catolândia,BA
2907509,Catu (BA),,Quilogramas por Hectare,True,Catu,BA
2907558,Caturama (BA),,Quilogramas por Hectare,True,Caturama,BA
2907608,Central (BA),,Quilogramas por Hectare,True,Central,BA
2907707,Chorrochó (BA),,Quilogramas por Hectare,True,Chorrochó,BA
2907806,Cícero Dantas (BA),,Quilogramas por Hectare,True,Cícero Dantas,BA
2907905,Cipó (BA),,Quilogramas por Hectare,True,Cipó,BA
2908002,Coaraci (BA),,Quilogramas por Hectare,True,Coaraci,BA
2908101,Cocos (BA),,Quilogramas por Hectare,True,Cocos,BA
2908200,Conceição da Feira (BA),,Quilogramas por Hectare,True,Conceição da Feira,BA
2908309,Conceição do Almeida (BA),,Quilogramas por Hectare,True,Conceição do Almeida,BA
2908408,Conceição do Coité (BA),,Quilogramas por Hectare,True,Conceição do Coité,BA
2908507,Conceição do Jacuípe (BA),,Quilogramas por Hectare,True,Conceição do Jacuípe,BA
2908606,Conde (BA),,Quilogramas por Hectare,True,Conde,BA
2908705,Condeúba (BA),,Quilogramas por Hectare,True,Condeúba,BA
2908804,Contendas do Sincorá (BA),,Quilogramas por Hectare,True,Contendas do Sincorá,BA
2908903,Coração de Maria (BA),,Quilogramas por Hectare,True,Coração de Maria,BA
2909000,Cordeiros (BA),,Quilogramas por Hectare,True,Cordeiros,BA
2909109,Coribe (BA),,Quilogramas por Hectare,True,Coribe,BA
2909208,Coronel João Sá (BA),,Quilogramas por Hectare,True,Coronel João Sá,BA
2909307,Correntina (BA),,Quilogramas por Hectare,True,Correntina,BA
2909406,Cotegipe (BA),,Quilogramas por Hectare,True,Cotegipe,BA
2909505,Cravolândia (BA),,Quilogramas por Hectare,True,Cravolândia,BA
2909604,Crisópolis (BA),,Quilogramas por Hectare,True,Crisópolis,BA
2909703,Cristópolis (BA),,Quilogramas por Hectare,True,Cristópolis,BA
2909802,Cruz das Almas (BA),,Quilogramas por Hectare,True,Cruz das Almas,BA
2909901,Curaçá (BA),,Quilogramas por Hectare,True,Curaçá,BA
2910008,Dário Meira (BA),,Quilogramas por Hectare,True,Dário Meira,BA
2910057,Dias d'Ávila (BA),,Quilogramas por Hectare,True,Dias d'Ávila,BA
2910107,Dom Basílio (BA),,Quilogramas por Hectare,True,Dom Basílio,BA
2910206,Dom Macedo Costa (BA),,Quilogramas por Hectare,True,Dom Macedo Costa,BA
2910305,Elísio Medrado (BA),,Quilogramas por Hectare,True,Elísio Medrado,BA
2910404,Encruzilhada (BA),,Quilogramas por Hectare,True,Encruzilhada,BA
2910503,Entre Rios (BA),,Quilogramas por Hectare,True,Entre Rios,BA
2910602,Esplanada (BA),,Quilogramas por Hectare,True,Esplanada,BA
2910701,Euclides da Cunha (BA),,Quilogramas por Hectare,True,Euclides da Cunha,BA
2910727,Eunápolis (BA),,Quilogramas por Hectare,True,Eunápolis,BA
2910750,Fátima (BA),,Quilogramas por Hectare,True,Fátima,BA
2910776,Feira da Mata (BA),,Quilogramas por Hectare,True,Feira da Mata,BA
2910800,Feira de Santana (BA),,Quilogramas por Hectare,True,Feira de Santana,BA
2910859,Filadélfia (BA),,Quilogramas por Hectare,True,Filadélfia,BA
2910909,Firmino Alves (BA),,Quilogramas por Hectare,True,Firmino Alves,BA
2911006,Floresta Azul (BA),,Quilogramas por Hectare,True,Floresta Azul,BA
2911105,Formosa do Rio Preto (BA),,Quilogramas por Hectare,True,Formosa do Rio Preto,BA
2911204,Gandu (BA),,Quilogramas por Hectare,True,Gandu,BA
2911253,Gavião (BA),,Quilogramas por Hectare,True,Gavião,BA
2911303,Gentio do Ouro (BA),,Quilogramas por Hectare,True,Gentio do Ouro,BA
2911402,Glória (BA),,Quilogramas por Hectare,True,Glória,BA
2911501,Gongogi (BA),,Quilogramas por Hectare,True,Gongogi,BA
2911600,Governador Mangabeira (BA),,Quilogramas por Hectare,True,Governador Mangabeira,BA
2911659,Guajeru (BA),,Quilogramas por Hectare,True,Guajeru,BA
2911709,Guanambi (BA),,Quilogramas por Hectare,True,Guanambi,BA
2911808,Guaratinga (BA),,Quilogramas por Hectare,True,Guaratinga,BA
2911857,Heliópolis (BA),,Quilogramas por Hectare,True,Heliópolis,BA
2911907,Iaçu (BA),,Quilogramas por Hectare,True,Iaçu,BA
2912004,Ibiassucê (BA),,Quilogramas por Hectare,True,Ibiassucê,BA
2912103,Ibicaraí (BA),,Quilogramas por Hectare,True,Ibicaraí,BA
2912202,Ibicoara (BA),,Quilogramas por Hectare,True,Ibicoara,BA
2912301,Ibicuí (BA),,Quilogramas por Hectare,True,Ibicuí,BA
2912400,Ibipeba (BA),,Quilogramas por Hectare,True,Ibipeba,BA
2912509,Ibipitanga (BA),,Quilogramas por Hectare,True,Ibipitanga,BA
2912608,Ibiquera (BA),,Quilogramas por Hectare,True,Ibiquera,BA
2912707,Ibirapitanga (BA),,Quilogramas por Hectare,True,Ibirapitanga,BA
2912806,Ibirapuã (BA),,Quilogramas por Hectare,True,Ibirapuã,BA
2912905,Ibirataia (BA),,Quilogramas por Hectare,True,Ibirataia,BA
2913002,Ibitiara (BA),,Quilogramas por Hectare,True,Ibitiara,BA
2913101,Ibititá (BA),,Quilogramas por Hectare,True,Ibititá,BA
2913200,Ibotirama (BA),,Quilogramas por Hectare,True,Ibotirama,BA
2913309,Ichu (BA),,Quilogramas por Hectare,True,Ichu,BA
2913408,Igaporã (BA),,Quilogramas por Hectare,True,Igaporã,BA
2913457,Igrapiúna (BA),,Quilogramas por Hectare,True,Igrapiúna,BA
2913507,Iguaí (BA),,Quilogramas por Hectare,True,Iguaí,BA
2913606,Ilhéus (BA),3852.0,Quilogramas por Hectare,False,Ilhéus,BA
2913705,Inhambupe (BA),,Quilogramas por Hectare,True,Inhambupe,BA
2913804,Ipecaetá (BA),,Quilogramas por Hectare,True,Ipecaetá,BA
2913903,Ipiaú (BA),,Quilogramas por Hectare,True,Ipiaú,BA
2914000,Ipirá (BA),,Quilogramas por Hectare,True,Ipirá,BA
2914109,Ipupiara (BA),,Quilogramas por Hectare,True,Ipupiara,BA
2914208,Irajuba (BA),,Quilogramas por Hectare,True,Irajuba,BA
2914307,Iramaia (BA),,Quilogramas por Hectare,True,Iramaia,BA
2914406,Iraquara (BA),,Quilogramas por Hectare,True,Iraquara,BA
2914505,Irará (BA),,Quilogramas por Hectare,True,Irará,BA
2914604,Irecê (BA),,Quilogramas por Hectare,True,Irecê,BA
2914653,Itabela (BA),,Quilogramas por Hectare,True,Itabela,BA
2914703,Itaberaba (BA),,Quilogramas por Hectare,True,Itaberaba,BA
2914802,Itabuna (BA),,Quilogramas por Hectare,True,Itabuna,BA
2914901,Itacaré (BA),,Quilogramas por Hectare,True,Itacaré,BA
2915007,Itaeté (BA),,Quilogramas por Hectare,True,Itaeté,BA
2915106,Itagi (BA),6000.0,Quilogramas por Hectare,False,Itagi,BA
2915205,Itagibá (BA),,Quilogramas por Hectare,True,Itagibá,BA
2915304,Itagimirim (BA),,Quilogramas por Hectare,True,Itagimirim,BA
2915353,Itaguaçu da Bahia (BA),,Quilogramas por Hectare,True,Itaguaçu da Bahia,BA
2915403,Itaju do Colônia (BA),,Quilogramas por Hectare,True,Itaju do Colônia,BA
2915502,Itajuípe (BA),2336.0,Quilogramas por Hectare,False,Itajuípe,BA
2915601,Itamaraju (BA),1227.0,Quilogramas por Hectare,False,Itamaraju,BA
2915700,Itamari (BA),,Quilogramas por Hectare,True,Itamari,BA
2915809,Itambé (BA),,Quilogramas por Hectare,True,Itambé,BA
2915908,Itanagra (BA),,Quilogramas por Hectare,True,Itanagra,BA
2916005,Itanhém (BA),2222.0,Quilogramas por Hectare,False,Itanhém,BA
2916104,Itaparica (BA),,Quilogramas por Hectare,True,Itaparica,BA
2916203,Itapé (BA),,Quilogramas por Hectare,True,Itapé,BA
2916302,Itapebi (BA),,Quilogramas por Hectare,True,Itapebi,BA
2916401,Itapetinga (BA),,Quilogramas por Hectare,True,Itapetinga,BA
2916500,Itapicuru (BA),,Quilogramas por Hectare,True,Itapicuru,BA
2916609,Itapitanga (BA),,Quilogramas por Hectare,True,Itapitanga,BA
2916708,Itaquara (BA),,Quilogramas por Hectare,True,Itaquara,BA
2916807,Itarantim (BA),,Quilogramas por Hectare,True,Itarantim,BA
2916856,Itatim (BA),,Quilogramas por Hectare,True,Itatim,BA
2916906,Itiruçu (BA),,Quilogramas por Hectare,True,Itiruçu,BA
2917003,Itiúba (BA),,Quilogramas por Hectare,True,Itiúba,BA
2917102,Itororó (BA),,Quilogramas por Hectare,True,Itororó,BA
2917201,Ituaçu (BA),,Quilogramas por Hectare,True,Ituaçu,BA
2917300,Ituberá (BA),,Quilogramas por Hectare,True,Ituberá,BA
2917334,Iuiu (BA),,Quilogramas por Hectare,True,Iuiu,BA
2917359,Jaborandi (BA),,Quilogramas por Hectare,True,Jaborandi,BA
2917409,Jacaraci (BA),,Quilogramas por Hectare,True,Jacaraci,BA
2917508,Jacobina (BA),,Quilogramas por Hectare,True,Jacobina,BA
2917607,Jaguaquara (BA),1875.0,Quilogramas por Hectare,False,Jaguaquara,BA
2917706,Jaguarari (BA),,Quilogramas por Hectare,True,Jaguarari,BA
2917805,Jaguaripe (BA),,Quilogramas por Hectare,True,Jaguaripe,BA
2917904,Jandaíra (BA),,Quilogramas por Hectare,True,Jandaíra,BA
2918001,Jequié (BA),4000.0,Quilogramas por Hectare,False,Jequié,BA
2918100,Jeremoabo (BA),,Quilogramas por Hectare,True,Jeremoabo,BA
2918209,Jiquiriçá (BA),,Quilogramas por Hectare,True,Jiquiriçá,BA
2918308,Jitaúna (BA),5500.0,Quilogramas por Hectare,False,Jitaúna,BA
2918357,João Dourado (BA),,Quilogramas por Hectare,True,João Dourado,BA
2918407,Juazeiro (BA),,Quilogramas por Hectare,True,Juazeiro,BA
2918456,Jucuruçu (BA),,Quilogramas por Hectare,True,Jucuruçu,BA
2918506,Jussara (BA),,Quilogramas por Hectare,True,Jussara,BA
2918555,Jussari (BA),,Quilogramas por Hectare,True,Jussari,BA
2918605,Jussiape (BA),,Quilogramas por Hectare,True,Jussiape,BA
2918704,Lafaiete Coutinho (BA),,Quilogramas por Hectare,True,Lafaiete Coutinho,BA
2918753,Lagoa Real (BA),,Quilogramas por Hectare,True,Lagoa Real,BA
2918803,Laje (BA),,Quilogramas por Hectare,True,Laje,BA
2918902,Lajedão (BA),,Quilogramas por Hectare,True,Lajedão,BA
2919009,Lajedinho (BA),,Quilogramas por Hectare,True,Lajedinho,BA
2919058,Lajedo do Tabocal (BA),,Quilogramas por Hectare,True,Lajedo do Tabocal,BA
2919108,Lamarão (BA),,Quilogramas por Hectare,True,Lamarão,BA
2919157,Lapão (BA),,Quilogramas por Hectare,True,Lapão,BA
2919207,Lauro de Freitas (BA),,Quilogramas por Hectare,True,Lauro de Freitas,BA
2919306,Lençóis (BA),,Quilogramas por Hectare,True,Lençóis,BA
2919405,Licínio de Almeida (BA),,Quilogramas por Hectare,True,Licínio de Almeida,BA
2919504,Livramento de Nossa Senhora (BA),,Quilogramas por Hectare,True,Livramento de Nossa Senhora,BA
2919553,Luís Eduardo Magalhães (BA),,Quilogramas por Hectare,True,Luís Eduardo Magalhães,BA
2919603,Macajuba (BA),,Quilogramas por Hectare,True,Macajuba,BA
2919702,Macarani (BA),,Quilogramas por Hectare,True,Macarani,BA
2919801,Macaúbas (BA),,Quilogramas por Hectare,True,Macaúbas,BA
2919900,Macururé (BA),,Quilogramas por Hectare,True,Macururé,BA
2919926,Madre de Deus (BA),,Quilogramas por Hectare,True,Madre de Deus,BA
2919959,Maetinga (BA),,Quilogramas por Hectare,True,Maetinga,BA
2920007,Maiquinique (BA),,Quilogramas por Hectare,True,Maiquinique,BA
2920106,Mairi (BA),,Quilogramas por Hectare,True,Mairi,BA
2920205,Malhada (BA),,Quilogramas por Hectare,True,Malhada,BA
2920304,Malhada de Pedras (BA),,Quilogramas por Hectare,True,Malhada de Pedras,BA
2920403,Manoel Vitorino (BA),,Quilogramas por Hectare,True,Manoel Vitorino,BA
2920452,Mansidão (BA),,Quilogramas por Hectare,True,Mansidão,BA
2920502,Maracás (BA),,Quilogramas por Hectare,True,Maracás,BA
2920601,Maragogipe (BA),,Quilogramas por Hectare,True,Maragogipe,BA
2920700,Maraú (BA),1400.0,Quilogramas por Hectare,False,Maraú,BA
2920809,Marcionílio Souza (BA),,Quilogramas por Hectare,True,Marcionílio Souza,BA
2920908,Mascote (BA),,Quilogramas por Hectare,True,Mascote,BA
2921005,Mata de São João (BA),,Quilogramas por Hectare,True,Mata de São João,BA
2921054,Matina (BA),,Quilogramas por Hectare,True,Matina,BA
2921104,Medeiros Neto (BA),,Quilogramas por Hectare,True,Medeiros Neto,BA
2921203,Miguel Calmon (BA),,Quilogramas por Hectare,True,Miguel Calmon,BA
2921302,Milagres (BA),,Quilogramas por Hectare,True,Milagres,BA
2921401,Mirangaba (BA),,Quilogramas por Hectare,True,Mirangaba,BA
2921450,Mirante (BA),,Quilogramas por Hectare,True,Mirante,BA
2921500,Monte Santo (BA),,Quilogramas por Hectare,True,Monte Santo,BA
2921609,Morpará (BA),,Quilogramas por Hectare,True,Morpará,BA
2921708,Morro do Chapéu (BA),,Quilogramas por Hectare,True,Morro do Chapéu,BA
2921807,Mortugaba (BA),,Quilogramas por Hectare,True,Mortugaba,BA
2921906,Mucugê (BA),,Quilogramas por Hectare,True,Mucugê,BA
2922003,Mucuri (BA),,Quilogramas por Hectare,True,Mucuri,BA
2922052,Mulungu do Morro (BA),,Quilogramas por Hectare,True,Mulungu do Morro,BA
2922102,Mundo Novo (BA),,Quilogramas por Hectare,True,Mundo Novo,BA
2922201,Muniz Ferreira (BA),,Quilogramas por Hectare,True,Muniz Ferreira,BA
2922250,Muquém do São Francisco (BA),,Quilogramas por Hectare,True,Muquém do São Francisco,BA
2922300,Muritiba (BA),,Quilogramas por Hectare,True,Muritiba,BA
2922409,Mutuípe (BA),1000.0,Quilogramas por Hectare,False,Mutuípe,BA
2922508,Nazaré (BA),,Quilogramas por Hectare,True,Nazaré,BA
2922607,Nilo Peçanha (BA),,Quilogramas por Hectare,True,Nilo Peçanha,BA
2922656,Nordestina (BA),,Quilogramas por Hectare,True,Nordestina,BA
2922706,Nova Canaã (BA),,Quilogramas por Hectare,True,Nova Canaã,BA
2922730,Nova Fátima (BA),,Quilogramas por Hectare,True,Nova Fátima,BA
2922755,Nova Ibiá (BA),,Quilogramas por Hectare,True,Nova Ibiá,BA
2922805,Nova Itarana (BA),,Quilogramas por Hectare,True,Nova Itarana,BA
2922854,Nova Redenção (BA),,Quilogramas por Hectare,True,Nova Redenção,BA
2922904,Nova Soure (BA),,Quilogramas por Hectare,True,Nova Soure,BA
2923001,Nova Viçosa (BA),,Quilogramas por Hectare,True,Nova Viçosa,BA
2923035,Novo Horizonte (BA),,Quilogramas por Hectare,True,Novo Horizonte,BA
2923050,Novo Triunfo (BA),,Quilogramas por Hectare,True,Novo Triunfo,BA
2923100,Olindina (BA),,Quilogramas por Hectare,True,Olindina,BA
2923209,Oliveira dos Brejinhos (BA),,Quilogramas por Hectare,True,Oliveira dos Brejinhos,BA
2923308,Ouriçangas (BA),,Quilogramas por Hectare,True,Ouriçangas,BA
2923357,Ourolândia (BA),,Quilogramas por Hectare,True,Ourolândia,BA
2923407,Palmas de Monte Alto (BA),,Quilogramas por Hectare,True,Palmas de Monte Alto,BA
2923506,Palmeiras (BA),,Quilogramas por Hectare,True,Palmeiras,BA
2923605,Paramirim (BA),,Quilogramas por Hectare,True,Paramirim,BA
2923704,Paratinga (BA),,Quilogramas por Hectare,True,Paratinga,BA
2923803,Paripiranga (BA),,Quilogramas por Hectare,True,Paripiranga,BA
2923902,Pau Brasil (BA),5000.0,Quilogramas por Hectare,False,Pau Brasil,BA
2924009,Paulo Afonso (BA),,Quilogramas por Hectare,True,Paulo Afonso,BA
2924058,Pé de Serra (BA),,Quilogramas por Hectare,True,Pé de Serra,BA
2924108,Pedrão (BA),,Quilogramas por Hectare,True,Pedrão,BA
2924207,Pedro Alexandre (BA),,Quilogramas por Hectare,True,Pedro Alexandre,BA
2924306,Piatã (BA),,Quilogramas por Hectare,True,Piatã,BA
2924405,Pilão Arcado (BA),,Quilogramas por Hectare,True,Pilão Arcado,BA
2924504,Pindaí (BA),,Quilogramas por Hectare,True,Pindaí,BA
2924603,Pindobaçu (BA),,Quilogramas por Hectare,True,Pindobaçu,BA
2924652,Pintadas (BA),,Quilogramas por Hectare,True,Pintadas,BA
2924678,Piraí do Norte (BA),,Quilogramas por Hectare,True,Piraí do Norte,BA
2924702,Piripá (BA),,Quilogramas por Hectare,True,Piripá,BA
2924801,Piritiba (BA),,Quilogramas por Hectare,True,Piritiba,BA
2924900,Planaltino (BA),,Quilogramas por Hectare,True,Planaltino,BA
2925006,Planalto (BA),,Quilogramas por Hectare,True,Planalto,BA
2925105,Poções (BA),,Quilogramas por Hectare,True,Poções,BA
2925204,Pojuca (BA),,Quilogramas por Hectare,True,Pojuca,BA
2925253,Ponto Novo (BA),,Quilogramas por Hectare,True,Ponto Novo,BA
2925303,Porto Seguro (BA),2600.0,Quilogramas por Hectare,False,Porto Seguro,BA
2925402,Potiraguá (BA),,Quilogramas por Hectare,True,Potiraguá,BA
2925501,Prado (BA),,Quilogramas por Hectare,True,Prado,BA
2925600,Presidente Dutra (BA),,Quilogramas por Hectare,True,Presidente Dutra,BA
2925709,Presidente Jânio Quadros (BA),,Quilogramas por Hectare,True,Presidente Jânio Quadros,BA
2925758,Presidente Tancredo Neves (BA),,Quilogramas por Hectare,True,Presidente Tancredo Neves,BA
2925808,Queimadas (BA),,Quilogramas por Hectare,True,Queimadas,BA
2925907,Quijingue (BA),,Quilogramas por Hectare,True,Quijingue,BA
2925931,Quixabeira (BA),,Quilogramas por Hectare,True,Quixabeira,BA
2925956,Rafael Jambeiro (BA),,Quilogramas por Hectare,True,Rafael Jambeiro,BA
2926004,Remanso (BA),,Quilogramas por Hectare,True,Remanso,BA
2926103,Retirolândia (BA),,Quilogramas por Hectare,True,Retirolândia,BA
2926202,Riachão das Neves (BA),,Quilogramas por Hectare,True,Riachão das Neves,BA
2926301,Riachão do Jacuípe (BA),,Quilogramas por Hectare,True,Riachão do Jacuípe,BA
2926400,Riacho de Santana (BA),,Quilogramas por Hectare,True,Riacho de Santana,BA
2926509,Ribeira do Amparo (BA),,Quilogramas por Hectare,True,Ribeira do Amparo,BA
2926608,Ribeira do Pombal (BA),,Quilogramas por Hectare,True,Ribeira do Pombal,BA
2926657,Ribeirão do Largo (BA),,Quilogramas por Hectare,True,Ribeirão do Largo,BA
2926707,Rio de Contas (BA),,Quilogramas por Hectare,True,Rio de Contas,BA
2926806,Rio do Antônio (BA),,Quilogramas por Hectare,True,Rio do Antônio,BA
2926905,Rio do Pires (BA),,Quilogramas por Hectare,True,Rio do Pires,BA
2927002,Rio Real (BA),,Quilogramas por Hectare,True,Rio Real,BA
2927101,Rodelas (BA),,Quilogramas por Hectare,True,Rodelas,BA
2927200,Ruy Barbosa (BA),,Quilogramas por Hectare,True,Ruy Barbosa,BA
2927309,Salinas da Margarida (BA),,Quilogramas por Hectare,True,Salinas da Margarida,BA
2927408,Salvador (BA),,Quilogramas por Hectare,True,Salvador,BA
2927507,Santa Bárbara (BA),,Quilogramas por Hectare,True,Santa Bárbara,BA
2927606,Santa Brígida (BA),,Quilogramas por Hectare,True,Santa Brígida,BA
2927705,Santa Cruz Cabrália (BA),3500.0,Quilogramas por Hectare,False,Santa Cruz Cabrália,BA
2927804,Santa Cruz da Vitória (BA),,Quilogramas por Hectare,True,Santa Cruz da Vitória,BA
2927903,Santa Inês (BA),,Quilogramas por Hectare,True,Santa Inês,BA
2928000,Santaluz (BA),,Quilogramas por Hectare,True,Santaluz,BA
2928059,Santa Luzia (BA),,Quilogramas por Hectare,True,Santa Luzia,BA
2928109,Santa Maria da Vitória (BA),,Quilogramas por Hectare,True,Santa Maria da Vitória,BA
2928208,Santana (BA),,Quilogramas por Hectare,True,Santana,BA
2928307,Santanópolis (BA),,Quilogramas por Hectare,True,Santanópolis,BA
2928406,Santa Rita de Cássia (BA),,Quilogramas por Hectare,True,Santa Rita de Cássia,BA
2928505,Santa Terezinha (BA),,Quilogramas por Hectare,True,Santa Terezinha,BA
2928604,Santo Amaro (BA),,Quilogramas por Hectare,True,Santo Amaro,BA
2928703,Santo Antônio de Jesus (BA),,Quilogramas por Hectare,True,Santo Antônio de Jesus,BA
2928802,Santo Estêvão (BA),,Quilogramas por Hectare,True,Santo Estêvão,BA
2928901,São Desidério (BA),,Quilogramas por Hectare,True,São Desidério,BA
2928950,São Domingos (BA),,Quilogramas por Hectare,True,São Domingos,BA
2929008,São Félix (BA),,Quilogramas por Hectare,True,São Félix,BA
2929057,São Félix do Coribe (BA),,Quilogramas por Hectare,True,São Félix do Coribe,BA
2929107,São Felipe (BA),,Quilogramas por Hectare,True,São Felipe,BA
2929206,São Francisco do Conde (BA),,Quilogramas por Hectare,True,São Francisco do Conde,BA
2929255,São Gabriel (BA),,Quilogramas por Hectare,True,São Gabriel,BA
2929305,São Gonçalo dos Campos (BA),,Quilogramas por Hectare,True,São Gonçalo dos Campos,BA
2929354,São José da Vitória (BA),,Quilogramas por Hectare,True,São José da Vitória,BA
2929370,São José do Jacuípe (BA),,Quilogramas por Hectare,True,São José do Jacuípe,BA
2929404,São Miguel das Matas (BA),,Quilogramas por Hectare,True,São Miguel das Matas,BA
2929503,São Sebastião do Passé (BA),,Quilogramas por Hectare,True,São Sebastião do Passé,BA
2929602,Sapeaçu (BA),,Quilogramas por Hectare,True,Sapeaçu,BA
2929701,Sátiro Dias (BA),,Quilogramas por Hectare,True,Sátiro Dias,BA
2929750,Saubara (BA),,Quilogramas por Hectare,True,Saubara,BA
2929800,Saúde (BA),,Quilogramas por Hectare,True,Saúde,BA
2929909,Seabra (BA),,Quilogramas por Hectare,True,Seabra,BA
2930006,Sebastião Laranjeiras (BA),,Quilogramas por Hectare,True,Sebastião Laranjeiras,BA
2930105,Senhor do Bonfim (BA),,Quilogramas por Hectare,True,Senhor do Bonfim,BA
2930154,Serra do Ramalho (BA),,Quilogramas por Hectare,True,Serra do Ramalho,BA
2930204,Sento Sé (BA),,Quilogramas por Hectare,True,Sento Sé,BA
2930303,Serra Dourada (BA),,Quilogramas por Hectare,True,Serra Dourada,BA
2930402,Serra Preta (BA),,Quilogramas por Hectare,True,Serra Preta,BA
2930501,Serrinha (BA),,Quilogramas por Hectare,True,Serrinha,BA
2930600,Serrolândia (BA),,Quilogramas por Hectare,True,Serrolândia,BA
2930709,Simões Filho (BA),,Quilogramas por Hectare,True,Simões Filho,BA
2930758,Sítio do Mato (BA),,Quilogramas por Hectare,True,Sítio do Mato,BA
2930766,Sítio do Quinto (BA),,Quilogramas por Hectare,True,Sítio do Quinto,BA
2930774,Sobradinho (BA),,Quilogramas por Hectare,True,Sobradinho,BA
2930808,Souto Soares (BA),,Quilogramas por Hectare,True,Souto Soares,BA
2930907,Tabocas do Brejo Velho (BA),,Quilogramas por Hectare,True,Tabocas do Brejo Velho,BA
2931004,Tanhaçu (BA),,Quilogramas por Hectare,True,Tanhaçu,BA
2931053,Tanque Novo (BA),,Quilogramas por Hectare,True,Tanque Novo,BA
2931103,Tanquinho (BA),,Quilogramas por Hectare,True,Tanquinho,BA
2931202,Taperoá (BA),867.0,Quilogramas por Hectare,False,Taperoá,BA
2931301,Tapiramutá (BA),,Quilogramas por Hectare,True,Tapiramutá,BA
2931350,Teixeira de Freitas (BA),,Quilogramas por Hectare,True,Teixeira de Freitas,BA
2931400,Teodoro Sampaio (BA),,Quilogramas por Hectare,True,Teodoro Sampaio,BA
2931509,Teofilândia (BA),,Quilogramas por Hectare,True,Teofilândia,BA
2931608,Teolândia (BA),,Quilogramas por Hectare,True,Teolândia,BA
2931707,Terra Nova (BA),,Quilogramas por Hectare,True,Terra Nova,BA
2931806,Tremedal (BA),,Quilogramas por Hectare,True,Tremedal,BA
2931905,Tucano (BA),,Quilogramas por Hectare,True,Tucano,BA
2932002,Uauá (BA),,Quilogramas por Hectare,True,Uauá,BA
2932101,Ubaíra (BA),1000.0,Quilogramas por Hectare,False,Ubaíra,BA
2932200,Ubaitaba (BA),1594.0,Quilogramas por Hectare,False,Ubaitaba,BA
2932309,Ubatã (BA),,Quilogramas por Hectare,True,Ubatã,BA
2932408,Uibaí (BA),,Quilogramas por Hectare,True,Uibaí,BA
2932457,Umburanas (BA),,Quilogramas por Hectare,True,Umburanas,BA
2932507,Una (BA),3000.0,Quilogramas por Hectare,False,Una,BA
2932606,Urandi (BA),,Quilogramas por Hectare,True,Urandi,BA
2932705,Uruçuca (BA),1553.0,Quilogramas por Hectare,False,Uruçuca,BA
2932804,Utinga (BA),,Quilogramas por Hectare,True,Utinga,BA
2932903,Valença (BA),1403.0,Quilogramas por Hectare,False,Valença,BA
2933000,Valente (BA),,Quilogramas por Hectare,True,Valente,BA
2933059,Várzea da Roça (BA),,Quilogramas por Hectare,True,Várzea da Roça,BA
2933109,Várzea do Poço (BA),,Quilogramas por Hectare,True,Várzea do Poço,BA
2933158,Várzea Nova (BA),,Quilogramas por Hectare,True,Várzea Nova,BA
2933174,Varzedo (BA),,Quilogramas por Hectare,True,Varzedo,BA
2933208,Vera Cruz (BA),,Quilogramas por Hectare,True,Vera Cruz,BA
2933257,Vereda (BA),,Quilogramas por Hectare,True,Vereda,BA
2933307,Vitória da Conquista (BA),,Quilogramas por Hectare,True,Vitória da Conquista,BA
2933406,Wagner (BA),,Quilogramas por Hectare,True,Wagner,BA
2933455,Wanderley (BA),,Quilogramas por Hectare,True,Wanderley,BA
2933505,Wenceslau Guimarães (BA),,Quilogramas por Hectare,True,Wenceslau Guimarães,BA
2933604,Xique-Xique (BA),,Quilogramas por Hectare,True,Xique-Xique,BA
3100104,Abadia dos Dourados (MG),,Quilogramas por Hectare,True,Abadia dos Dourados,MG
3100203,Abaeté (MG),,Quilogramas por Hectare,True,Abaeté,MG
3100302,Abre Campo (MG),,Quilogramas por Hectare,True,Abre Campo,MG
3100401,Acaiaca (MG),,Quilogramas por Hectare,True,Acaiaca,MG
3100500,Açucena (MG),,Quilogramas por Hectare,True,Açucena,MG
3100609,Água Boa (MG),,Quilogramas por Hectare,True,Água Boa,MG
3100708,Água Comprida (MG),,Quilogramas por Hectare,True,Água Comprida,MG
3100807,Aguanil (MG),,Quilogramas por Hectare,True,Aguanil,MG
3100906,Águas Formosas (MG),,Quilogramas por Hectare,True,Águas Formosas,MG
3101003,Águas Vermelhas (MG),,Quilogramas por Hectare,True,Águas Vermelhas,MG
3101102,Aimorés (MG),,Quilogramas por Hectare,True,Aimorés,MG
3101201,Aiuruoca (MG),,Quilogramas por Hectare,True,Aiuruoca,MG
3101300,Alagoa (MG),,Quilogramas por Hectare,True,Alagoa,MG
3101409,Albertina (MG),,Quilogramas por Hectare,True,Albertina,MG
3101508,Além Paraíba (MG),,Quilogramas por Hectare,True,Além Paraíba,MG
3101607,Alfenas (MG),,Quilogramas por Hectare,True,Alfenas,MG
3101631,Alfredo Vasconcelos (MG),,Quilogramas por Hectare,True,Alfredo Vasconcelos,MG
3101706,Almenara (MG),,Quilogramas por Hectare,True,Almenara,MG
3101805,Alpercata (MG),,Quilogramas por Hectare,True,Alpercata,MG
3101904,Alpinópolis (MG),,Quilogramas por Hectare,True,Alpinópolis,MG
3102001,Alterosa (MG),,Quilogramas por Hectare,True,Alterosa,MG
3102050,Alto Caparaó (MG),,Quilogramas por Hectare,True,Alto Caparaó,MG
3102100,Alto Rio Doce (MG),,Quilogramas por Hectare,True,Alto Rio Doce,MG
3102209,Alvarenga (MG),,Quilogramas por Hectare,True,Alvarenga,MG
3102308,Alvinópolis (MG),,Quilogramas por Hectare,True,Alvinópolis,MG
3102407,Alvorada de Minas (MG),,Quilogramas por Hectare,True,Alvorada de Minas,MG
3102506,Amparo do Serra (MG),,Quilogramas por Hectare,True,Amparo do Serra,MG
3102605,Andradas (MG),,Quilogramas por Hectare,True,Andradas,MG
3102704,Cachoeira de Pajeú (MG),,Quilogramas por Hectare,True,Cachoeira de Pajeú,MG
3102803,Andrelândia (MG),,Quilogramas por Hectare,True,Andrelândia,MG
3102852,Angelândia (MG),,Quilogramas por Hectare,True,Angelândia,MG
3102902,Antônio Carlos (MG),,Quilogramas por Hectare,True,Antônio Carlos,MG
3103009,Antônio Dias (MG),,Quilogramas por Hectare,True,Antônio Dias,MG
3103108,Antônio Prado de Minas (MG),,Quilogramas por Hectare,True,Antônio Prado de Minas,MG
3103207,Araçaí (MG),,Quilogramas por Hectare,True,Araçaí,MG
3103306,Aracitaba (MG),,Quilogramas por Hectare,True,Aracitaba,MG
3103405,Araçuaí (MG),,Quilogramas por Hectare,True,Araçuaí,MG
3103504,Araguari (MG),,Quilogramas por Hectare,True,Araguari,MG
3103603,Arantina (MG),,Quilogramas por Hectare,True,Arantina,MG
3103702,Araponga (MG),,Quilogramas por Hectare,True,Araponga,MG
3103751,Araporã (MG),,Quilogramas por Hectare,True,Araporã,MG
3103801,Arapuá (MG),,Quilogramas por Hectare,True,Arapuá,MG
3103900,Araújos (MG),,Quilogramas por Hectare,True,Araújos,MG
3104007,Araxá (MG),,Quilogramas por Hectare,True,Araxá,MG
3104106,Arceburgo (MG),,Quilogramas por Hectare,True,Arceburgo,MG
3104205,Arcos (MG),,Quilogramas por Hectare,True,Arcos,MG
3104304,Areado (MG),,Quilogramas por Hectare,True,Areado,MG
3104403,Argirita (MG),,Quilogramas por Hectare,True,Argirita,MG
3104452,Aricanduva (MG),,Quilogramas por Hectare,True,Aricanduva,MG
3104502,Arinos (MG),,Quilogramas por Hectare,True,Arinos,MG
3104601,Astolfo Dutra (MG),,Quilogramas por Hectare,True,Astolfo Dutra,MG
3104700,Ataléia (MG),,Quilogramas por Hectare,True,Ataléia,MG
3104809,Augusto de Lima (MG),,Quilogramas por Hectare,True,Augusto de Lima,MG
3104908,Baependi (MG),,Quilogramas por Hectare,True,Baependi,MG
3105004,Baldim (MG),,Quilogramas por Hectare,True,Baldim,MG
3105103,Bambuí (MG),,Quilogramas por Hectare,True,Bambuí,MG
3105202,Bandeira (MG),,Quilogramas por Hectare,True,Bandeira,MG
3105301,Bandeira do Sul (MG),,Quilogramas por Hectare,True,Bandeira do Sul,MG
3105400,Barão de Cocais (MG),,Quilogramas por Hectare,True,Barão de Cocais,MG
3105509,Barão do Monte Alto (MG),,Quilogramas por Hectare,True,Barão do Monte Alto,MG
3105608,Barbacena (MG),,Quilogramas por Hectare,True,Barbacena,MG
3105707,Barra Longa (MG),,Quilogramas por Hectare,True,Barra Longa,MG
3105905,Barroso (MG),,Quilogramas por Hectare,True,Barroso,MG
3106002,Bela Vista de Minas (MG),,Quilogramas por Hectare,True,Bela Vista de Minas,MG
3106101,Belmiro Braga (MG),,Quilogramas por Hectare,True,Belmiro Braga,MG
3106200,Belo Horizonte (MG),,Quilogramas por Hectare,True,Belo Horizonte,MG
3106309,Belo Oriente (MG),,Quilogramas por Hectare,True,Belo Oriente,MG
3106408,Belo Vale (MG),,Quilogramas por Hectare,True,Belo Vale,MG
3106507,Berilo (MG),,Quilogramas por Hectare,True,Berilo,MG
3106606,Bertópolis (MG),,Quilogramas por Hectare,True,Bertópolis,MG
3106655,Berizal (MG),,Quilogramas por Hectare,True,Berizal,MG
3106705,Betim (MG),,Quilogramas por Hectare,True,Betim,MG
3106804,Bias Fortes (MG),,Quilogramas por Hectare,True,Bias Fortes,MG
3106903,Bicas (MG),,Quilogramas por Hectare,True,Bicas,MG
3107000,Biquinhas (MG),,Quilogramas por Hectare,True,Biquinhas,MG
3107109,Boa Esperança (MG),,Quilogramas por Hectare,True,Boa Esperança,MG
3107208,Bocaina de Minas (MG),,Quilogramas por Hectare,True,Bocaina de Minas,MG
3107307,Bocaiúva (MG),,Quilogramas por Hectare,True,Bocaiúva,MG
3107406,Bom Despacho (MG),,Quilogramas por Hectare,True,Bom Despacho,MG
3107505,Bom Jardim de Minas (MG),,Quilogramas por Hectare,True,Bom Jardim de Minas,MG
3107604,Bom Jesus da Penha (MG),,Quilogramas por Hectare,True,Bom Jesus da Penha,MG
3107703,Bom Jesus do Amparo (MG),,Quilogramas por Hectare,True,Bom Jesus do Amparo,MG
3107802,Bom Jesus do Galho (MG),,Quilogramas por Hectare,True,Bom Jesus do Galho,MG
3107901,Bom Repouso (MG),,Quilogramas por Hectare,True,Bom Repouso,MG
3108008,Bom Sucesso (MG),,Quilogramas por Hectare,True,Bom Sucesso,MG
3108107,Bonfim (MG),,Quilogramas por Hectare,True,Bonfim,MG
3108206,Bonfinópolis de Minas (MG),,Quilogramas por Hectare,True,Bonfinópolis de Minas,MG
3108255,Bonito de Minas (MG),,Quilogramas por Hectare,True,Bonito de Minas,MG
3108305,Borda da Mata (MG),,Quilogramas por Hectare,True,Borda da Mata,MG
3108404,Botelhos (MG),,Quilogramas por Hectare,True,Botelhos,MG
3108503,Botumirim (MG),,Quilogramas por Hectare,True,Botumirim,MG
3108552,Brasilândia de Minas (MG),,Quilogramas por Hectare,True,Brasilândia de Minas,MG
3108602,Brasília de Minas (MG),,Quilogramas por Hectare,True,Brasília de Minas,MG
3108701,Brás Pires (MG),,Quilogramas por Hectare,True,Brás Pires,MG
3108800,Braúnas (MG),,Quilogramas por Hectare,True,Braúnas,MG
3108909,Brazópolis (MG),,Quilogramas por Hectare,True,Brazópolis,MG
3109006,Brumadinho (MG),,Quilogramas por Hectare,True,Brumadinho,MG
3109105,Bueno Brandão (MG),,Quilogramas por Hectare,True,Bueno Brandão,MG
3109204,Buenópolis (MG),,Quilogramas por Hectare,True,Buenópolis,MG
3109253,Bugre (MG),,Quilogramas por Hectare,True,Bugre,MG
3109303,Buritis (MG),,Quilogramas por Hectare,True,Buritis,MG
3109402,Buritizeiro (MG),,Quilogramas por Hectare,True,Buritizeiro,MG
3109451,Cabeceira Grande (MG),,Quilogramas por Hectare,True,Cabeceira Grande,MG
3109501,Cabo Verde (MG),,Quilogramas por Hectare,True,Cabo Verde,MG
3109600,Cachoeira da Prata (MG),,Quilogramas por Hectare,True,Cachoeira da Prata,MG
3109709,Cachoeira de Minas (MG),,Quilogramas por Hectare,True,Cachoeira de Minas,MG
3109808,Cachoeira Dourada (MG),,Quilogramas por Hectare,True,Cachoeira Dourada,MG
3109907,Caetanópolis (MG),,Quilogramas por Hectare,True,Caetanópolis,MG
3110004,Caeté (MG),,Quilogramas por Hectare,True,Caeté,MG
3110103,Caiana (MG),,Quilogramas por Hectare,True,Caiana,MG
3110202,Cajuri (MG),,Quilogramas por Hectare,True,Cajuri,MG
3110301,Caldas (MG),,Quilogramas por Hectare,True,Caldas,MG
3110400,Camacho (MG),,Quilogramas por Hectare,True,Camacho,MG
3110509,Camanducaia (MG),,Quilogramas por Hectare,True,Camanducaia,MG
3110608,Cambuí (MG),,Quilogramas por Hectare,True,Cambuí,MG
3110707,Cambuquira (MG),,Quilogramas por Hectare,True,Cambuquira,MG
3110806,Campanário (MG),,Quilogramas por Hectare,True,Campanário,MG
3110905,Campanha (MG),,Quilogramas por Hectare,True,Campanha,MG
3111002,Campestre (MG),,Quilogramas por Hectare,True,Campestre,MG
3111101,Campina Verde (MG),,Quilogramas por Hectare,True,Campina Verde,MG
3111150,Campo Azul (MG),,Quilogramas por Hectare,True,Campo Azul,MG
3111200,Campo Belo (MG),,Quilogramas por Hectare,True,Campo Belo,MG
3111309,Campo do Meio (MG),,Quilogramas por Hectare,True,Campo do Meio,MG
3111408,Campo Florido (MG),,Quilogramas por Hectare,True,Campo Florido,MG
3111507,Campos Altos (MG),,Quilogramas por Hectare,True,Campos Altos,MG
3111606,Campos Gerais (MG),,Quilogramas por Hectare,True,Campos Gerais,MG
3111705,Canaã (MG),,Quilogramas por Hectare,True,Canaã,MG
3111804,Canápolis (MG),,Quilogramas por Hectare,True,Canápolis,MG
3111903,Cana Verde (MG),,Quilogramas por Hectare,True,Cana Verde,MG
3112000,Candeias (MG),,Quilogramas por Hectare,True,Candeias,MG
3112059,Cantagalo (MG),,Quilogramas por Hectare,True,Cantagalo,MG
3112109,Caparaó (MG),,Quilogramas por Hectare,True,Caparaó,MG
3112208,Capela Nova (MG),,Quilogramas por Hectare,True,Capela Nova,MG
3112307,Capelinha (MG),,Quilogramas por Hectare,True,Capelinha,MG
3112406,Capetinga (MG),,Quilogramas por Hectare,True,Capetinga,MG
3112505,Capim Branco (MG),,Quilogramas por Hectare,True,Capim Branco,MG
3112604,Capinópolis (MG),,Quilogramas por Hectare,True,Capinópolis,MG
3112653,Capitão Andrade (MG),,Quilogramas por Hectare,True,Capitão Andrade,MG
3112703,Capitão Enéas (MG),,Quilogramas por Hectare,True,Capitão Enéas,MG
3112802,Capitólio (MG),,Quilogramas por Hectare,True,Capitólio,MG
3112901,Caputira (MG),,Quilogramas por Hectare,True,Caputira,MG
3113008,Caraí (MG),,Quilogramas por Hectare,True,Caraí,MG
3113107,Caranaíba (MG),,Quilogramas por Hectare,True,Caranaíba,MG
3113206,Carandaí (MG),,Quilogramas por Hectare,True,Carandaí,MG
3113305,Carangola (MG),,Quilogramas por Hectare,True,Carangola,MG
3113404,Caratinga (MG),,Quilogramas por Hectare,True,Caratinga,MG
3113503,Carbonita (MG),,Quilogramas por Hectare,True,Carbonita,MG
3113602,Careaçu (MG),,Quilogramas por Hectare,True,Careaçu,MG
3113701,Carlos Chagas (MG),,Quilogramas por Hectare,True,Carlos Chagas,MG
3113800,Carmésia (MG),,Quilogramas por Hectare,True,Carmésia,MG
3113909,Carmo da Cachoeira (MG),,Quilogramas por Hectare,True,Carmo da Cachoeira,MG
3114006,Carmo da Mata (MG),,Quilogramas por Hectare,True,Carmo da Mata,MG
3114105,Carmo de Minas (MG),,Quilogramas por Hectare,True,Carmo de Minas,MG
3114204,Carmo do Cajuru (MG),,Quilogramas por Hectare,True,Carmo do Cajuru,MG
3114303,Carmo do Paranaíba (MG),,Quilogramas por Hectare,True,Carmo do Paranaíba,MG
3114402,Carmo do Rio Claro (MG),,Quilogramas por Hectare,True,Carmo do Rio Claro,MG
3114501,Carmópolis de Minas (MG),,Quilogramas por Hectare,True,Carmópolis de Minas,MG
3114550,Carneirinho (MG),,Quilogramas por Hectare,True,Carneirinho,MG
3114600,Carrancas (MG),,Quilogramas por Hectare,True,Carrancas,MG
3114709,Carvalhópolis (MG),,Quilogramas por Hectare,True,Carvalhópolis,MG
3114808,Carvalhos (MG),,Quilogramas por Hectare,True,Carvalhos,MG
3114907,Casa Grande (MG),,Quilogramas por Hectare,True,Casa Grande,MG
3115003,Cascalho Rico (MG),,Quilogramas por Hectare,True,Cascalho Rico,MG
3115102,Cássia (MG),,Quilogramas por Hectare,True,Cássia,MG
3115201,Conceição da Barra de Minas (MG),,Quilogramas por Hectare,True,Conceição da Barra de Minas,MG
3115300,Cataguases (MG),,Quilogramas por Hectare,True,Cataguases,MG
3115359,Catas Altas (MG),,Quilogramas por Hectare,True,Catas Altas,MG
3115409,Catas Altas da Noruega (MG),,Quilogramas por Hectare,True,Catas Altas da Noruega,MG
3115458,Catuji (MG),,Quilogramas por Hectare,True,Catuji,MG
3115474,Catuti (MG),,Quilogramas por Hectare,True,Catuti,MG
3115508,Caxambu (MG),,Quilogramas por Hectare,True,Caxambu,MG
3115607,Cedro do Abaeté (MG),,Quilogramas por Hectare,True,Cedro do Abaeté,MG
3115706,Central de Minas (MG),,Quilogramas por Hectare,True,Central de Minas,MG
3115805,Centralina (MG),,Quilogramas por Hectare,True,Centralina,MG
3115904,Chácara (MG),,Quilogramas por Hectare,True,Chácara,MG
3116001,Chalé (MG),,Quilogramas por Hectare,True,Chalé,MG
3116100,Chapada do Norte (MG),,Quilogramas por Hectare,True,Chapada do Norte,MG
3116159,Chapada Gaúcha (MG),,Quilogramas por Hectare,True,Chapada Gaúcha,MG
3116209,Chiador (MG),,Quilogramas por Hectare,True,Chiador,MG
3116308,Cipotânea (MG),,Quilogramas por Hectare,True,Cipotânea,MG
3116407,Claraval (MG),,Quilogramas por Hectare,True,Claraval,MG
3116506,Claro dos Poções (MG),,Quilogramas por Hectare,True,Claro dos Poções,MG
3116605,Cláudio (MG),,Quilogramas por Hectare,True,Cláudio,MG
3116704,Coimbra (MG),,Quilogramas por Hectare,True,Coimbra,MG
3116803,Coluna (MG),,Quilogramas por Hectare,True,Coluna,MG
3116902,Comendador Gomes (MG),,Quilogramas por Hectare,True,Comendador Gomes,MG
3117009,Comercinho (MG),,Quilogramas por Hectare,True,Comercinho,MG
3117108,Conceição da Aparecida (MG),,Quilogramas por Hectare,True,Conceição da Aparecida,MG
3117207,Conceição das Pedras (MG),,Quilogramas por Hectare,True,Conceição das Pedras,MG
3117306,Conceição das Alagoas (MG),,Quilogramas por Hectare,True,Conceição das Alagoas,MG
3117405,Conceição de Ipanema (MG),,Quilogramas por Hectare,True,Conceição de Ipanema,MG
3117504,Conceição do Mato Dentro (MG),,Quilogramas por Hectare,True,Conceição do Mato Dentro,MG
3117603,Conceição do Pará (MG),,Quilogramas por Hectare,True,Conceição do Pará,MG
3117702,Conceição do Rio Verde (MG),,Quilogramas por Hectare,True,Conceição do Rio Verde,MG
3117801,Conceição dos Ouros (MG),,Quilogramas por Hectare,True,Conceição dos Ouros,MG
3117836,Cônego Marinho (MG),,Quilogramas por Hectare,True,Cônego Marinho,MG
3117876,Confins (MG),,Quilogramas por Hectare,True,Confins,MG
3117900,Congonhal (MG),,Quilogramas por Hectare,True,Congonhal,MG
3118007,Congonhas (MG),,Quilogramas por Hectare,True,Congonhas,MG
3118106,Congonhas do Norte (MG),,Quilogramas por Hectare,True,Congonhas do Norte,MG
3118205,Conquista (MG),,Quilogramas por Hectare,True,Conquista,MG
3118304,Conselheiro Lafaiete (MG),,Quilogramas por Hectare,True,Conselheiro Lafaiete,MG
3118403,Conselheiro Pena (MG),,Quilogramas por Hectare,True,Conselheiro Pena,MG
3118502,Consolação (MG),,Quilogramas por Hectare,True,Consolação,MG
3118601,Contagem (MG),,Quilogramas por Hectare,True,Contagem,MG
3118700,Coqueiral (MG),,Quilogramas por Hectare,True,Coqueiral,MG
3118809,Coração de Jesus (MG),,Quilogramas por Hectare,True,Coração de Jesus,MG
3118908,Cordisburgo (MG),,Quilogramas por Hectare,True,Cordisburgo,MG
3119005,Cordislândia (MG),,Quilogramas por Hectare,True,Cordislândia,MG
3119104,Corinto (MG),,Quilogramas por Hectare,True,Corinto,MG
3119203,Coroaci (MG),,Quilogramas por Hectare,True,Coroaci,MG
3119302,Coromandel (MG),,Quilogramas por Hectare,True,Coromandel,MG
3119401,Coronel Fabriciano (MG),,Quilogramas por Hectare,True,Coronel Fabriciano,MG
3119500,Coronel Murta (MG),,Quilogramas por Hectare,True,Coronel Murta,MG
3119609,Coronel Pacheco (MG),,Quilogramas por Hectare,True,Coronel Pacheco,MG
3119708,Coronel Xavier Chaves (MG),,Quilogramas por Hectare,True,Coronel Xavier Chaves,MG
3119807,Córrego Danta (MG),,Quilogramas por Hectare,True,Córrego Danta,MG
3119906,Córrego do Bom Jesus (MG),,Quilogramas por Hectare,True,Córrego do Bom Jesus,MG
3119955,Córrego Fundo (MG),,Quilogramas por Hectare,True,Córrego Fundo,MG
3120003,Córrego Novo (MG),,Quilogramas por Hectare,True,Córrego Novo,MG
3120102,Couto de Magalhães de Minas (MG),,Quilogramas por Hectare,True,Couto de Magalhães de Minas,MG
3120151,Crisólita (MG),,Quilogramas por Hectare,True,Crisólita,MG
3120201,Cristais (MG),,Quilogramas por Hectare,True,Cristais,MG
3120300,Cristália (MG),,Quilogramas por Hectare,True,Cristália,MG
3120409,Cristiano Otoni (MG),,Quilogramas por Hectare,True,Cristiano Otoni,MG
3120508,Cristina (MG),,Quilogramas por Hectare,True,Cristina,MG
3120607,Crucilândia (MG),,Quilogramas por Hectare,True,Crucilândia,MG
3120706,Cruzeiro da Fortaleza (MG),,Quilogramas por Hectare,True,Cruzeiro da Fortaleza,MG
3120805,Cruzília (MG),,Quilogramas por Hectare,True,Cruzília,MG
3120839,Cuparaque (MG),,Quilogramas por Hectare,True,Cuparaque,MG
3120870,Curral de Dentro (MG),,Quilogramas por Hectare,True,Curral de Dentro,MG
3120904,Curvelo (MG),,Quilogramas por Hectare,True,Curvelo,MG
3121001,Datas (MG),,Quilogramas por Hectare,True,Datas,MG
3121100,Delfim Moreira (MG),,Quilogramas por Hectare,True,Delfim Moreira,MG
3121209,Delfinópolis (MG),,Quilogramas por Hectare,True,Delfinópolis,MG
3121258,Delta (MG),,Quilogramas por Hectare,True,Delta,MG
3121308,Descoberto (MG),,Quilogramas por Hectare,True,Descoberto,MG
3121407,Desterro de Entre Rios (MG),,Quilogramas por Hectare,True,Desterro de Entre Rios,MG
3121506,Desterro do Melo (MG),,Quilogramas por Hectare,True,Desterro do Melo,MG
3121605,Diamantina (MG),,Quilogramas por Hectare,True,Diamantina,MG
3121704,Diogo de Vasconcelos (MG),,Quilogramas por Hectare,True,Diogo de Vasconcelos,MG
3121803,Dionísio (MG),,Quilogramas por Hectare,True,Dionísio,MG
3121902,Divinésia (MG),,Quilogramas por Hectare,True,Divinésia,MG
3122009,Divino (MG),,Quilogramas por Hectare,True,Divino,MG
3122108,Divino das Laranjeiras (MG),,Quilogramas por Hectare,True,Divino das Laranjeiras,MG
3122207,Divinolândia de Minas (MG),,Quilogramas por Hectare,True,Divinolândia de Minas,MG
3122306,Divinópolis (MG),,Quilogramas por Hectare,True,Divinópolis,MG
3122355,Divisa Alegre (MG),,Quilogramas por Hectare,True,Divisa Alegre,MG
3122405,Divisa Nova (MG),,Quilogramas por Hectare,True,Divisa Nova,MG
3122454,Divisópolis (MG),,Quilogramas por Hectare,True,Divisópolis,MG
3122470,Dom Bosco (MG),,Quilogramas por Hectare,True,Dom Bosco,MG
3122504,Dom Cavati (MG),,Quilogramas por Hectare,True,Dom Cavati,MG
3122603,Dom Joaquim (MG),,Quilogramas por Hectare,True,Dom Joaquim,MG
3122702,Dom Silvério (MG),,Quilogramas por Hectare,True,Dom Silvério,MG
3122801,Dom Viçoso (MG),,Quilogramas por Hectare,True,Dom Viçoso,MG
3122900,Dona Euzébia (MG),,Quilogramas por Hectare,True,Dona Euzébia,MG
3123007,Dores de Campos (MG),,Quilogramas por Hectare,True,Dores de Campos,MG
3123106,Dores de Guanhães (MG),,Quilogramas por Hectare,True,Dores de Guanhães,MG
3123205,Dores do Indaiá (MG),,Quilogramas por Hectare,True,Dores do Indaiá,MG
3123304,Dores do Turvo (MG),,Quilogramas por Hectare,True,Dores do Turvo,MG
3123403,Doresópolis (MG),,Quilogramas por Hectare,True,Doresópolis,MG
3123502,Douradoquara (MG),,Quilogramas por Hectare,True,Douradoquara,MG
3123528,Durandé (MG),,Quilogramas por Hectare,True,Durandé,MG
3123601,Elói Mendes (MG),,Quilogramas por Hectare,True,Elói Mendes,MG
3123700,Engenheiro Caldas (MG),,Quilogramas por Hectare,True,Engenheiro Caldas,MG
3123809,Engenheiro Navarro (MG),,Quilogramas por Hectare,True,Engenheiro Navarro,MG
3123858,Entre Folhas (MG),,Quilogramas por Hectare,True,Entre Folhas,MG
3123908,Entre Rios de Minas (MG),,Quilogramas por Hectare,True,Entre Rios de Minas,MG
3124005,Ervália (MG),,Quilogramas por Hectare,True,Ervália,MG
3124104,Esmeraldas (MG),,Quilogramas por Hectare,True,Esmeraldas,MG
3124203,Espera Feliz (MG),,Quilogramas por Hectare,True,Espera Feliz,MG
3124302,Espinosa (MG),,Quilogramas por Hectare,True,Espinosa,MG
3124401,Espírito Santo do Dourado (MG),,Quilogramas por Hectare,True,Espírito Santo do Dourado,MG
3124500,Estiva (MG),,Quilogramas por Hectare,True,Estiva,MG
3124609,Estrela Dalva (MG),,Quilogramas por Hectare,True,Estrela Dalva,MG
3124708,Estrela do Indaiá (MG),,Quilogramas por Hectare,True,Estrela do Indaiá,MG
3124807,Estrela do Sul (MG),,Quilogramas por Hectare,True,Estrela do Sul,MG
3124906,Eugenópolis (MG),,Quilogramas por Hectare,True,Eugenópolis,MG
3125002,Ewbank da Câmara (MG),,Quilogramas por Hectare,True,Ewbank da Câmara,MG
3125101,Extrema (MG),,Quilogramas por Hectare,True,Extrema,MG
3125200,Fama (MG),,Quilogramas por Hectare,True,Fama,MG
3125309,Faria Lemos (MG),,Quilogramas por Hectare,True,Faria Lemos,MG
3125408,Felício dos Santos (MG),,Quilogramas por Hectare,True,Felício dos Santos,MG
3125507,São Gonçalo do Rio Preto (MG),,Quilogramas por Hectare,True,São Gonçalo do Rio Preto,MG
3125606,Felisburgo (MG),,Quilogramas por Hectare,True,Felisburgo,MG
3125705,Felixlândia (MG),,Quilogramas por Hectare,True,Felixlândia,MG
3125804,Fernandes Tourinho (MG),,Quilogramas por Hectare,True,Fernandes Tourinho,MG
3125903,Ferros (MG),,Quilogramas por Hectare,True,Ferros,MG
3125952,Fervedouro (MG),,Quilogramas por Hectare,True,Fervedouro,MG
3126000,Florestal (MG),,Quilogramas por Hectare,True,Florestal,MG
3126109,Formiga (MG),,Quilogramas por Hectare,True,Formiga,MG
3126208,Formoso (MG),,Quilogramas por Hectare,True,Formoso,MG
3126307,Fortaleza de Minas (MG),,Quilogramas por Hectare,True,Fortaleza de Minas,MG
3126406,Fortuna de Minas (MG),,Quilogramas por Hectare,True,Fortuna de Minas,MG
3126505,Francisco Badaró (MG),,Quilogramas por Hectare,True,Francisco Badaró,MG
3126604,Francisco Dumont (MG),,Quilogramas por Hectare,True,Francisco Dumont,MG
3126703,Francisco Sá (MG),,Quilogramas por Hectare,True,Francisco Sá,MG
3126752,Franciscópolis (MG),,Quilogramas por Hectare,True,Franciscópolis,MG
3126802,Frei Gaspar (MG),,Quilogramas por Hectare,True,Frei Gaspar,MG
3126901,Frei Inocêncio (MG),,Quilogramas por Hectare,True,Frei Inocêncio,MG
3126950,Frei Lagonegro (MG),,Quilogramas por Hectare,True,Frei Lagonegro,MG
3127008,Fronteira (MG),,Quilogramas por Hectare,True,Fronteira,MG
3127057,Fronteira dos Vales (MG),,Quilogramas por Hectare,True,Fronteira dos Vales,MG
3127073,Fruta de Leite (MG),,Quilogramas por Hectare,True,Fruta de Leite,MG
3127107,Frutal (MG),,Quilogramas por Hectare,True,Frutal,MG
3127206,Funilândia (MG),,Quilogramas por Hectare,True,Funilândia,MG
3127305,Galiléia (MG),,Quilogramas por Hectare,True,Galiléia,MG
3127339,Gameleiras (MG),,Quilogramas por Hectare,True,Gameleiras,MG
3127354,Glaucilândia (MG),,Quilogramas por Hectare,True,Glaucilândia,MG
3127370,Goiabeira (MG),,Quilogramas por Hectare,True,Goiabeira,MG
3127388,Goianá (MG),,Quilogramas por Hectare,True,Goianá,MG
3127404,Gonçalves (MG),,Quilogramas por Hectare,True,Gonçalves,MG
3127503,Gonzaga (MG),,Quilogramas por Hectare,True,Gonzaga,MG
3127602,Gouveia (MG),,Quilogramas por Hectare,True,Gouveia,MG
3127701,Governador Valadares (MG),,Quilogramas por Hectare,True,Governador Valadares,MG
3127800,Grão Mogol (MG),,Quilogramas por Hectare,True,Grão Mogol,MG
3127909,Grupiara (MG),,Quilogramas por Hectare,True,Grupiara,MG
3128006,Guanhães (MG),,Quilogramas por Hectare,True,Guanhães,MG
3128105,Guapé (MG),,Quilogramas por Hectare,True,Guapé,MG
3128204,Guaraciaba (MG),,Quilogramas por Hectare,True,Guaraciaba,MG
3128253,Guaraciama (MG),,Quilogramas por Hectare,True,Guaraciama,MG
3128303,Guaranésia (MG),,Quilogramas por Hectare,True,Guaranésia,MG
3128402,Guarani (MG),,Quilogramas por Hectare,True,Guarani,MG
3128501,Guarará (MG),,Quilogramas por Hectare,True,Guarará,MG
3128600,Guarda-Mor (MG),,Quilogramas por Hectare,True,Guarda-Mor,MG
3128709,Guaxupé (MG),,Quilogramas por Hectare,True,Guaxupé,MG
3128808,Guidoval (MG),,Quilogramas por Hectare,True,Guidoval,MG
3128907,Guimarânia (MG),,Quilogramas por Hectare,True,Guimarânia,MG
3129004,Guiricema (MG),,Quilogramas por Hectare,True,Guiricema,MG
3129103,Gurinhatã (MG),,Quilogramas por Hectare,True,Gurinhatã,MG
3129202,Heliodora (MG),,Quilogramas por Hectare,True,Heliodora,MG
3129301,Iapu (MG),,Quilogramas por Hectare,True,Iapu,MG
3129400,Ibertioga (MG),,Quilogramas por Hectare,True,Ibertioga,MG
3129509,Ibiá (MG),,Quilogramas por Hectare,True,Ibiá,MG
3129608,Ibiaí (MG),,Quilogramas por Hectare,True,Ibiaí,MG
3129657,Ibiracatu (MG),,Quilogramas por Hectare,True,Ibiracatu,MG
3129707,Ibiraci (MG),,Quilogramas por Hectare,True,Ibiraci,MG
3129806,Ibirité (MG),,Quilogramas por Hectare,True,Ibirité,MG
3129905,Ibitiúra de Minas (MG),,Quilogramas por Hectare,True,Ibitiúra de Minas,MG
3130002,Ibituruna (MG),,Quilogramas por Hectare,True,Ibituruna,MG
3130051,Icaraí de Minas (MG),,Quilogramas por Hectare,True,Icaraí de Minas,MG
3130101,Igarapé (MG),,Quilogramas por Hectare,True,Igarapé,MG
3130200,Igaratinga (MG),,Quilogramas por Hectare,True,Igaratinga,MG
3130309,Iguatama (MG),,Quilogramas por Hectare,True,Iguatama,MG
3130408,Ijaci (MG),,Quilogramas por Hectare,True,Ijaci,MG
3130507,Ilicínea (MG),,Quilogramas por Hectare,True,Ilicínea,MG
3130556,Imbé de Minas (MG),,Quilogramas por Hectare,True,Imbé de Minas,MG
3130606,Inconfidentes (MG),,Quilogramas por Hectare,True,Inconfidentes,MG
3130655,Indaiabira (MG),,Quilogramas por Hectare,True,Indaiabira,MG
3130705,Indianópolis (MG),,Quilogramas por Hectare,True,Indianópolis,MG
3130804,Ingaí (MG),,Quilogramas por Hectare,True,Ingaí,MG
3130903,Inhapim (MG),,Quilogramas por Hectare,True,Inhapim,MG
3131000,Inhaúma (MG),,Quilogramas por Hectare,True,Inhaúma,MG
3131109,Inimutaba (MG),,Quilogramas por Hectare,True,Inimutaba,MG
3131158,Ipaba (MG),,Quilogramas por Hectare,True,Ipaba,MG
3131208,Ipanema (MG),,Quilogramas por Hectare,True,Ipanema,MG
3131307,Ipatinga (MG),,Quilogramas por Hectare,True,Ipatinga,MG
3131406,Ipiaçu (MG),,Quilogramas por Hectare,True,Ipiaçu,MG
3131505,Ipuiúna (MG),,Quilogramas por Hectare,True,Ipuiúna,MG
3131604,Iraí de Minas (MG),,Quilogramas por Hectare,True,Iraí de Minas,MG
3131703,Itabira (MG),,Quilogramas por Hectare,True,Itabira,MG
3131802,Itabirinha (MG),,Quilogramas por Hectare,True,Itabirinha,MG
3131901,Itabirito (MG),,Quilogramas por Hectare,True,Itabirito,MG
3132008,Itacambira (MG),,Quilogramas por Hectare,True,Itacambira,MG
3132107,Itacarambi (MG),,Quilogramas por Hectare,True,Itacarambi,MG
3132206,Itaguara (MG),,Quilogramas por Hectare,True,Itaguara,MG
3132305,Itaipé (MG),,Quilogramas por Hectare,True,Itaipé,MG
3132404,Itajubá (MG),,Quilogramas por Hectare,True,Itajubá,MG
3132503,Itamarandiba (MG),,Quilogramas por Hectare,True,Itamarandiba,MG
3132602,Itamarati de Minas (MG),,Quilogramas por Hectare,True,Itamarati de Minas,MG
3132701,Itambacuri (MG),,Quilogramas por Hectare,True,Itambacuri,MG
3132800,Itambé do Mato Dentro (MG),,Quilogramas por Hectare,True,Itambé do Mato Dentro,MG
3132909,Itamogi (MG),,Quilogramas por Hectare,True,Itamogi,MG
3133006,Itamonte (MG),,Quilogramas por Hectare,True,Itamonte,MG
3133105,Itanhandu (MG),,Quilogramas por Hectare,True,Itanhandu,MG
3133204,Itanhomi (MG),,Quilogramas por Hectare,True,Itanhomi,MG
3133303,Itaobim (MG),,Quilogramas por Hectare,True,Itaobim,MG
3133402,Itapagipe (MG),,Quilogramas por Hectare,True,Itapagipe,MG
3133501,Itapecerica (MG),,Quilogramas por Hectare,True,Itapecerica,MG
3133600,Itapeva (MG),,Quilogramas por Hectare,True,Itapeva,MG
3133709,Itatiaiuçu (MG),,Quilogramas por Hectare,True,Itatiaiuçu,MG
3133758,Itaú de Minas (MG),,Quilogramas por Hectare,True,Itaú de Minas,MG
3133808,Itaúna (MG),,Quilogramas por Hectare,True,Itaúna,MG
3133907,Itaverava (MG),,Quilogramas por Hectare,True,Itaverava,MG
3134004,Itinga (MG),,Quilogramas por Hectare,True,Itinga,MG
3134103,Itueta (MG),,Quilogramas por Hectare,True,Itueta,MG
3134202,Ituiutaba (MG),,Quilogramas por Hectare,True,Ituiutaba,MG
3134301,Itumirim (MG),,Quilogramas por Hectare,True,Itumirim,MG
3134400,Iturama (MG),,Quilogramas por Hectare,True,Iturama,MG
3134509,Itutinga (MG),,Quilogramas por Hectare,True,Itutinga,MG
3134608,Jaboticatubas (MG),,Quilogramas por Hectare,True,Jaboticatubas,MG
3134707,Jacinto (MG),,Quilogramas por Hectare,True,Jacinto,MG
3134806,Jacuí (MG),,Quilogramas por Hectare,True,Jacuí,MG
3134905,Jacutinga (MG),,Quilogramas por Hectare,True,Jacutinga,MG
3135001,Jaguaraçu (MG),,Quilogramas por Hectare,True,Jaguaraçu,MG
3135050,Jaíba (MG),,Quilogramas por Hectare,True,Jaíba,MG
3135076,Jampruca (MG),,Quilogramas por Hectare,True,Jampruca,MG
3135100,Janaúba (MG),,Quilogramas por Hectare,True,Janaúba,MG
3135209,Januária (MG),,Quilogramas por Hectare,True,Januária,MG
3135308,Japaraíba (MG),,Quilogramas por Hectare,True,Japaraíba,MG
3135357,Japonvar (MG),,Quilogramas por Hectare,True,Japonvar,MG
3135407,Jeceaba (MG),,Quilogramas por Hectare,True,Jeceaba,MG
3135456,Jenipapo de Minas (MG),,Quilogramas por Hectare,True,Jenipapo de Minas,MG
3135506,Jequeri (MG),,Quilogramas por Hectare,True,Jequeri,MG
3135605,Jequitaí (MG),,Quilogramas por Hectare,True,Jequitaí,MG
3135704,Jequitibá (MG),,Quilogramas por Hectare,True,Jequitibá,MG
3135803,Jequitinhonha (MG),,Quilogramas por Hectare,True,Jequitinhonha,MG
3135902,Jesuânia (MG),,Quilogramas por Hectare,True,Jesuânia,MG
3136009,Joaíma (MG),,Quilogramas por Hectare,True,Joaíma,MG
3136108,Joanésia (MG),,Quilogramas por Hectare,True,Joanésia,MG
3136207,João Monlevade (MG),,Quilogramas por Hectare,True,João Monlevade,MG
3136306,João Pinheiro (MG),,Quilogramas por Hectare,True,João Pinheiro,MG
3136405,Joaquim Felício (MG),,Quilogramas por Hectare,True,Joaquim Felício,MG
3136504,Jordânia (MG),,Quilogramas por Hectare,True,Jordânia,MG
3136520,José Gonçalves de Minas (MG),,Quilogramas por Hectare,True,José Gonçalves de Minas,MG
3136553,José Raydan (MG),,Quilogramas por Hectare,True,José Raydan,MG
3136579,Josenópolis (MG),,Quilogramas por Hectare,True,Josenópolis,MG
3136603,Nova União (MG),,Quilogramas por Hectare,True,Nova União,MG
3136652,Juatuba (MG),,Quilogramas por Hectare,True,Juatuba,MG
3136702,Juiz de Fora (MG),,Quilogramas por Hectare,True,Juiz de Fora,MG
3136801,Juramento (MG),,Quilogramas por Hectare,True,Juramento,MG
3136900,Juruaia (MG),,Quilogramas por Hectare,True,Juruaia,MG
3136959,Juvenília (MG),,Quilogramas por Hectare,True,Juvenília,MG
3137007,Ladainha (MG),,Quilogramas por Hectare,True,Ladainha,MG
3137106,Lagamar (MG),,Quilogramas por Hectare,True,Lagamar,MG
3137205,Lagoa da Prata (MG),,Quilogramas por Hectare,True,Lagoa da Prata,MG
3137304,Lagoa dos Patos (MG),,Quilogramas por Hectare,True,Lagoa dos Patos,MG
3137403,Lagoa Dourada (MG),,Quilogramas por Hectare,True,Lagoa Dourada,MG
3137502,Lagoa Formosa (MG),,Quilogramas por Hectare,True,Lagoa Formosa,MG
3137536,Lagoa Grande (MG),,Quilogramas por Hectare,True,Lagoa Grande,MG
3137601,Lagoa Santa (MG),,Quilogramas por Hectare,True,Lagoa Santa,MG
3137700,Lajinha (MG),,Quilogramas por Hectare,True,Lajinha,MG
3137809,Lambari (MG),,Quilogramas por Hectare,True,Lambari,MG
3137908,Lamim (MG),,Quilogramas por Hectare,True,Lamim,MG
3138005,Laranjal (MG),,Quilogramas por Hectare,True,Laranjal,MG
3138104,Lassance (MG),,Quilogramas por Hectare,True,Lassance,MG
3138203,Lavras (MG),,Quilogramas por Hectare,True,Lavras,MG
3138302,Leandro Ferreira (MG),,Quilogramas por Hectare,True,Leandro Ferreira,MG
3138351,Leme do Prado (MG),,Quilogramas por Hectare,True,Leme do Prado,MG
3138401,Leopoldina (MG),,Quilogramas por Hectare,True,Leopoldina,MG
3138500,Liberdade (MG),,Quilogramas por Hectare,True,Liberdade,MG
3138609,Lima Duarte (MG),,Quilogramas por Hectare,True,Lima Duarte,MG
3138625,Limeira do Oeste (MG),,Quilogramas por Hectare,True,Limeira do Oeste,MG
3138658,Lontra (MG),,Quilogramas por Hectare,True,Lontra,MG
3138674,Luisburgo (MG),,Quilogramas por Hectare,True,Luisburgo,MG
3138682,Luislândia (MG),,Quilogramas por Hectare,True,Luislândia,MG
3138708,Luminárias (MG),,Quilogramas por Hectare,True,Luminárias,MG
3138807,Luz (MG),,Quilogramas por Hectare,True,Luz,MG
3138906,Machacalis (MG),,Quilogramas por Hectare,True,Machacalis,MG
3139003,Machado (MG),,Quilogramas por Hectare,True,Machado,MG
3139102,Madre de Deus de Minas (MG),,Quilogramas por Hectare,True,Madre de Deus de Minas,MG
3139201,Malacacheta (MG),,Quilogramas por Hectare,True,Malacacheta,MG
3139250,Mamonas (MG),,Quilogramas por Hectare,True,Mamonas,MG
3139300,Manga (MG),,Quilogramas por Hectare,True,Manga,MG
3139409,Manhuaçu (MG),,Quilogramas por Hectare,True,Manhuaçu,MG
3139508,Manhumirim (MG),,Quilogramas por Hectare,True,Manhumirim,MG
3139607,Mantena (MG),,Quilogramas por Hectare,True,Mantena,MG
3139706,Maravilhas (MG),,Quilogramas por Hectare,True,Maravilhas,MG
3139805,Mar de Espanha (MG),,Quilogramas por Hectare,True,Mar de Espanha,MG
3139904,Maria da Fé (MG),,Quilogramas por Hectare,True,Maria da Fé,MG
3140001,Mariana (MG),,Quilogramas por Hectare,True,Mariana,MG
3140100,Marilac (MG),,Quilogramas por Hectare,True,Marilac,MG
3140159,Mário Campos (MG),,Quilogramas por Hectare,True,Mário Campos,MG
3140209,Maripá de Minas (MG),,Quilogramas por Hectare,True,Maripá de Minas,MG
3140308,Marliéria (MG),,Quilogramas por Hectare,True,Marliéria,MG
3140407,Marmelópolis (MG),,Quilogramas por Hectare,True,Marmelópolis,MG
3140506,Martinho Campos (MG),,Quilogramas por Hectare,True,Martinho Campos,MG
3140530,Martins Soares (MG),,Quilogramas por Hectare,True,Martins Soares,MG
3140555,Mata Verde (MG),,Quilogramas por Hectare,True,Mata Verde,MG
3140605,Materlândia (MG),,Quilogramas por Hectare,True,Materlândia,MG
3140704,Mateus Leme (MG),,Quilogramas por Hectare,True,Mateus Leme,MG
3140803,Matias Barbosa (MG),,Quilogramas por Hectare,True,Matias Barbosa,MG
3140852,Matias Cardoso (MG),,Quilogramas por Hectare,True,Matias Cardoso,MG
3140902,Matipó (MG),,Quilogramas por Hectare,True,Matipó,MG
3141009,Mato Verde (MG),,Quilogramas por Hectare,True,Mato Verde,MG
3141108,Matozinhos (MG),,Quilogramas por Hectare,True,Matozinhos,MG
3141207,Matutina (MG),,Quilogramas por Hectare,True,Matutina,MG
3141306,Medeiros (MG),,Quilogramas por Hectare,True,Medeiros,MG
3141405,Medina (MG),,Quilogramas por Hectare,True,Medina,MG
3141504,Mendes Pimentel (MG),,Quilogramas por Hectare,True,Mendes Pimentel,MG
3141603,Mercês (MG),,Quilogramas por Hectare,True,Mercês,MG
3141702,Mesquita (MG),,Quilogramas por Hectare,True,Mesquita,MG
3141801,Minas Novas (MG),,Quilogramas por Hectare,True,Minas Novas,MG
3141900,Minduri (MG),,Quilogramas por Hectare,True,Minduri,MG
3142007,Mirabela (MG),,Quilogramas por Hectare,True,Mirabela,MG
3142106,Miradouro (MG),,Quilogramas por Hectare,True,Miradouro,MG
3142205,Miraí (MG),,Quilogramas por Hectare,True,Miraí,MG
3142254,Miravânia (MG),,Quilogramas por Hectare,True,Miravânia,MG
3142304,Moeda (MG),,Quilogramas por Hectare,True,Moeda,MG
3142403,Moema (MG),,Quilogramas por Hectare,True,Moema,MG
3142502,Monjolos (MG),,Quilogramas por Hectare,True,Monjolos,MG
3142601,Monsenhor Paulo (MG),,Quilogramas por Hectare,True,Monsenhor Paulo,MG
3142700,Montalvânia (MG),,Quilogramas por Hectare,True,Montalvânia,MG
3142809,Monte Alegre de Minas (MG),,Quilogramas por Hectare,True,Monte Alegre de Minas,MG
3142908,Monte Azul (MG),,Quilogramas por Hectare,True,Monte Azul,MG
3143005,Monte Belo (MG),,Quilogramas por Hectare,True,Monte Belo,MG
3143104,Monte Carmelo (MG),,Quilogramas por Hectare,True,Monte Carmelo,MG
3143153,Monte Formoso (MG),,Quilogramas por Hectare,True,Monte Formoso,MG
3143203,Monte Santo de Minas (MG),,Quilogramas por Hectare,True,Monte Santo de Minas,MG
3143302,Montes Claros (MG),,Quilogramas por Hectare,True,Montes Claros,MG
3143401,Monte Sião (MG),,Quilogramas por Hectare,True,Monte Sião,MG
3143450,Montezuma (MG),,Quilogramas por Hectare,True,Montezuma,MG
3143500,Morada Nova de Minas (MG),,Quilogramas por Hectare,True,Morada Nova de Minas,MG
3143609,Morro da Garça (MG),,Quilogramas por Hectare,True,Morro da Garça,MG
3143708,Morro do Pilar (MG),,Quilogramas por Hectare,True,Morro do Pilar,MG
3143807,Munhoz (MG),,Quilogramas por Hectare,True,Munhoz,MG
3143906,Muriaé (MG),,Quilogramas por Hectare,True,Muriaé,MG
3144003,Mutum (MG),,Quilogramas por Hectare,True,Mutum,MG
3144102,Muzambinho (MG),,Quilogramas por Hectare,True,Muzambinho,MG
3144201,Nacip Raydan (MG),,Quilogramas por Hectare,True,Nacip Raydan,MG
3144300,Nanuque (MG),,Quilogramas por Hectare,True,Nanuque,MG
3144359,Naque (MG),,Quilogramas por Hectare,True,Naque,MG
3144375,Natalândia (MG),,Quilogramas por Hectare,True,Natalândia,MG
3144409,Natércia (MG),,Quilogramas por Hectare,True,Natércia,MG
3144508,Nazareno (MG),,Quilogramas por Hectare,True,Nazareno,MG
3144607,Nepomuceno (MG),,Quilogramas por Hectare,True,Nepomuceno,MG
3144656,Ninheira (MG),,Quilogramas por Hectare,True,Ninheira,MG
3144672,Nova Belém (MG),,Quilogramas por Hectare,True,Nova Belém,MG
3144706,Nova Era (MG),,Quilogramas por Hectare,True,Nova Era,MG
3144805,Nova Lima (MG),,Quilogramas por Hectare,True,Nova Lima,MG
3144904,Nova Módica (MG),,Quilogramas por Hectare,True,Nova Módica,MG
3145000,Nova Ponte (MG),,Quilogramas por Hectare,True,Nova Ponte,MG
3145059,Nova Porteirinha (MG),,Quilogramas por Hectare,True,Nova Porteirinha,MG
3145109,Nova Resende (MG),,Quilogramas por Hectare,True,Nova Resende,MG
3145208,Nova Serrana (MG),,Quilogramas por Hectare,True,Nova Serrana,MG
3145307,Novo Cruzeiro (MG),,Quilogramas por Hectare,True,Novo Cruzeiro,MG
3145356,Novo Oriente de Minas (MG),,Quilogramas por Hectare,True,Novo Oriente de Minas,MG
3145372,Novorizonte (MG),,Quilogramas por Hectare,True,Novorizonte,MG
3145406,Olaria (MG),,Quilogramas por Hectare,True,Olaria,MG
3145455,Olhos-d'Água (MG),,Quilogramas por Hectare,True,Olhos-d'Água,MG
3145505,Olímpio Noronha (MG),,Quilogramas por Hectare,True,Olímpio Noronha,MG
3145604,Oliveira (MG),,Quilogramas por Hectare,True,Oliveira,MG
3145703,Oliveira Fortes (MG),,Quilogramas por Hectare,True,Oliveira Fortes,MG
3145802,Onça de Pitangui (MG),,Quilogramas por Hectare,True,Onça de Pitangui,MG
3145851,Oratórios (MG),,Quilogramas por Hectare,True,Oratórios,MG
3145877,Orizânia (MG),,Quilogramas por Hectare,True,Orizânia,MG
3145901,Ouro Branco (MG),,Quilogramas por Hectare,True,Ouro Branco,MG
3146008,Ouro Fino (MG),,Quilogramas por Hectare,True,Ouro Fino,MG
3146107,Ouro Preto (MG),,Quilogramas por Hectare,True,Ouro Preto,MG
3146206,Ouro Verde de Minas (MG),,Quilogramas por Hectare,True,Ouro Verde de Minas,MG
3146255,Padre Carvalho (MG),,Quilogramas por Hectare,True,Padre Carvalho,MG
3146305,Padre Paraíso (MG),,Quilogramas por Hectare,True,Padre Paraíso,MG
3146404,Paineiras (MG),,Quilogramas por Hectare,True,Paineiras,MG
3146503,Pains (MG),,Quilogramas por Hectare,True,Pains,MG
3146552,Pai Pedro (MG),,Quilogramas por Hectare,True,Pai Pedro,MG
3146602,Paiva (MG),,Quilogramas por Hectare,True,Paiva,MG
3146701,Palma (MG),,Quilogramas por Hectare,True,Palma,MG
3146750,Palmópolis (MG),,Quilogramas por Hectare,True,Palmópolis,MG
3146909,Papagaios (MG),,Quilogramas por Hectare,True,Papagaios,MG
3147006,Paracatu (MG),,Quilogramas por Hectare,True,Paracatu,MG
3147105,Pará de Minas (MG),,Quilogramas por Hectare,True,Pará de Minas,MG
3147204,Paraguaçu (MG),,Quilogramas por Hectare,True,Paraguaçu,MG
3147303,Paraisópolis (MG),,Quilogramas por Hectare,True,Paraisópolis,MG
3147402,Paraopeba (MG),,Quilogramas por Hectare,True,Paraopeba,MG
3147501,Passabém (MG),,Quilogramas por Hectare,True,Passabém,MG
3147600,Passa Quatro (MG),,Quilogramas por Hectare,True,Passa Quatro,MG
3147709,Passa Tempo (MG),,Quilogramas por Hectare,True,Passa Tempo,MG
3147808,Passa Vinte (MG),,Quilogramas por Hectare,True,Passa Vinte,MG
3147907,Passos (MG),,Quilogramas por Hectare,True,Passos,MG
3147956,Patis (MG),,Quilogramas por Hectare,True,Patis,MG
3148004,Patos de Minas (MG),,Quilogramas por Hectare,True,Patos de Minas,MG
3148103,Patrocínio (MG),,Quilogramas por Hectare,True,Patrocínio,MG
3148202,Patrocínio do Muriaé (MG),,Quilogramas por Hectare,True,Patrocínio do Muriaé,MG
3148301,Paula Cândido (MG),,Quilogramas por Hectare,True,Paula Cândido,MG
3148400,Paulistas (MG),,Quilogramas por Hectare,True,Paulistas,MG
3148509,Pavão (MG),,Quilogramas por Hectare,True,Pavão,MG
3148608,Peçanha (MG),,Quilogramas por Hectare,True,Peçanha,MG
3148707,Pedra Azul (MG),,Quilogramas por Hectare,True,Pedra Azul,MG
3148756,Pedra Bonita (MG),,Quilogramas por Hectare,True,Pedra Bonita,MG
3148806,Pedra do Anta (MG),,Quilogramas por Hectare,True,Pedra do Anta,MG
3148905,Pedra do Indaiá (MG),,Quilogramas por Hectare,True,Pedra do Indaiá,MG
3149002,Pedra Dourada (MG),,Quilogramas por Hectare,True,Pedra Dourada,MG
3149101,Pedralva (MG),,Quilogramas por Hectare,True,Pedralva,MG
3149150,Pedras de Maria da Cruz (MG),,Quilogramas por Hectare,True,Pedras de Maria da Cruz,MG
3149200,Pedrinópolis (MG),,Quilogramas por Hectare,True,Pedrinópolis,MG
3149309,Pedro Leopoldo (MG),,Quilogramas por Hectare,True,Pedro Leopoldo,MG
3149408,Pedro Teixeira (MG),,Quilogramas por Hectare,True,Pedro Teixeira,MG
3149507,Pequeri (MG),,Quilogramas por Hectare,True,Pequeri,MG
3149606,Pequi (MG),,Quilogramas por Hectare,True,Pequi,MG
3149705,Perdigão (MG),,Quilogramas por Hectare,True,Perdigão,MG
3149804,Perdizes (MG),,Quilogramas por Hectare,True,Perdizes,MG
3149903,Perdões (MG),,Quilogramas por Hectare,True,Perdões,MG
3149952,Periquito (MG),,Quilogramas por Hectare,True,Periquito,MG
3150000,Pescador (MG),,Quilogramas por Hectare,True,Pescador,MG
3150109,Piau (MG),,Quilogramas por Hectare,True,Piau,MG
3150158,Piedade de Caratinga (MG),,Quilogramas por Hectare,True,Piedade de Caratinga,MG
3150208,Piedade de Ponte Nova (MG),,Quilogramas por Hectare,True,Piedade de Ponte Nova,MG
3150307,Piedade do Rio Grande (MG),,Quilogramas por Hectare,True,Piedade do Rio Grande,MG
3150406,Piedade dos Gerais (MG),,Quilogramas por Hectare,True,Piedade dos Gerais,MG
3150505,Pimenta (MG),,Quilogramas por Hectare,True,Pimenta,MG
3150539,Pingo-d'Água (MG),,Quilogramas por Hectare,True,Pingo-d'Água,MG
3150570,Pintópolis (MG),,Quilogramas por Hectare,True,Pintópolis,MG
3150604,Piracema (MG),,Quilogramas por Hectare,True,Piracema,MG
3150703,Pirajuba (MG),,Quilogramas por Hectare,True,Pirajuba,MG
3150802,Piranga (MG),,Quilogramas por Hectare,True,Piranga,MG
3150901,Piranguçu (MG),,Quilogramas por Hectare,True,Piranguçu,MG
3151008,Piranguinho (MG),,Quilogramas por Hectare,True,Piranguinho,MG
3151107,Pirapetinga (MG),,Quilogramas por Hectare,True,Pirapetinga,MG
3151206,Pirapora (MG),,Quilogramas por Hectare,True,Pirapora,MG
3151305,Piraúba (MG),,Quilogramas por Hectare,True,Piraúba,MG
3151404,Pitangui (MG),,Quilogramas por Hectare,True,Pitangui,MG
3151503,Piumhi (MG),,Quilogramas por Hectare,True,Piumhi,MG
3151602,Planura (MG),,Quilogramas por Hectare,True,Planura,MG
3151701,Poço Fundo (MG),,Quilogramas por Hectare,True,Poço Fundo,MG
3151800,Poços de Caldas (MG),,Quilogramas por Hectare,True,Poços de Caldas,MG
3151909,Pocrane (MG),,Quilogramas por Hectare,True,Pocrane,MG
3152006,Pompéu (MG),,Quilogramas por Hectare,True,Pompéu,MG
3152105,Ponte Nova (MG),,Quilogramas por Hectare,True,Ponte Nova,MG
3152131,Ponto Chique (MG),,Quilogramas por Hectare,True,Ponto Chique,MG
3152170,Ponto dos Volantes (MG),,Quilogramas por Hectare,True,Ponto dos Volantes,MG
3152204,Porteirinha (MG),,Quilogramas por Hectare,True,Porteirinha,MG
3152303,Porto Firme (MG),,Quilogramas por Hectare,True,Porto Firme,MG
3152402,Poté (MG),,Quilogramas por Hectare,True,Poté,MG
3152501,Pouso Alegre (MG),,Quilogramas por Hectare,True,Pouso Alegre,MG
3152600,Pouso Alto (MG),,Quilogramas por Hectare,True,Pouso Alto,MG
3152709,Prados (MG),,Quilogramas por Hectare,True,Prados,MG
3152808,Prata (MG),,Quilogramas por Hectare,True,Prata,MG
3152907,Pratápolis (MG),,Quilogramas por Hectare,True,Pratápolis,MG
3153004,Pratinha (MG),,Quilogramas por Hectare,True,Pratinha,MG
3153103,Presidente Bernardes (MG),,Quilogramas por Hectare,True,Presidente Bernardes,MG
3153202,Presidente Juscelino (MG),,Quilogramas por Hectare,True,Presidente Juscelino,MG
3153301,Presidente Kubitschek (MG),,Quilogramas por Hectare,True,Presidente Kubitschek,MG
3153400,Presidente Olegário (MG),,Quilogramas por Hectare,True,Presidente Olegário,MG
3153509,Alto Jequitibá (MG),,Quilogramas por Hectare,True,Alto Jequitibá,MG
3153608,Prudente de Morais (MG),,Quilogramas por Hectare,True,Prudente de Morais,MG
3153707,Quartel Geral (MG),,Quilogramas por Hectare,True,Quartel Geral,MG
3153806,Queluzito (MG),,Quilogramas por Hectare,True,Queluzito,MG
3153905,Raposos (MG),,Quilogramas por Hectare,True,Raposos,MG
3154002,Raul Soares (MG),,Quilogramas por Hectare,True,Raul Soares,MG
3154101,Recreio (MG),,Quilogramas por Hectare,True,Recreio,MG
3154150,Reduto (MG),,Quilogramas por Hectare,True,Reduto,MG
3154200,Resende Costa (MG),,Quilogramas por Hectare,True,Resende Costa,MG
3154309,Resplendor (MG),,Quilogramas por Hectare,True,Resplendor,MG
3154408,Ressaquinha (MG),,Quilogramas por Hectare,True,Ressaquinha,MG
3154457,Riachinho (MG),,Quilogramas por Hectare,True,Riachinho,MG
3154507,Riacho dos Machados (MG),,Quilogramas por Hectare,True,Riacho dos Machados,MG
3154606,Ribeirão das Neves (MG),,Quilogramas por Hectare,True,Ribeirão das Neves,MG
3154705,Ribeirão Vermelho (MG),,Quilogramas por Hectare,True,Ribeirão Vermelho,MG
3154804,Rio Acima (MG),,Quilogramas por Hectare,True,Rio Acima,MG
3154903,Rio Casca (MG),,Quilogramas por Hectare,True,Rio Casca,MG
3155009,Rio Doce (MG),,Quilogramas por Hectare,True,Rio Doce,MG
3155108,Rio do Prado (MG),,Quilogramas por Hectare,True,Rio do Prado,MG
3155207,Rio Espera (MG),,Quilogramas por Hectare,True,Rio Espera,MG
3155306,Rio Manso (MG),,Quilogramas por Hectare,True,Rio Manso,MG
3155405,Rio Novo (MG),,Quilogramas por Hectare,True,Rio Novo,MG
3155504,Rio Paranaíba (MG),,Quilogramas por Hectare,True,Rio Paranaíba,MG
3155603,Rio Pardo de Minas (MG),,Quilogramas por Hectare,True,Rio Pardo de Minas,MG
3155702,Rio Piracicaba (MG),,Quilogramas por Hectare,True,Rio Piracicaba,MG
3155801,Rio Pomba (MG),,Quilogramas por Hectare,True,Rio Pomba,MG
3155900,Rio Preto (MG),,Quilogramas por Hectare,True,Rio Preto,MG
3156007,Rio Vermelho (MG),,Quilogramas por Hectare,True,Rio Vermelho,MG
3156106,Ritápolis (MG),,Quilogramas por Hectare,True,Ritápolis,MG
3156205,Rochedo de Minas (MG),,Quilogramas por Hectare,True,Rochedo de Minas,MG
3156304,Rodeiro (MG),,Quilogramas por Hectare,True,Rodeiro,MG
3156403,Romaria (MG),,Quilogramas por Hectare,True,Romaria,MG
3156452,Rosário da Limeira (MG),,Quilogramas por Hectare,True,Rosário da Limeira,MG
3156502,Rubelita (MG),,Quilogramas por Hectare,True,Rubelita,MG
3156601,Rubim (MG),,Quilogramas por Hectare,True,Rubim,MG
3156700,Sabará (MG),,Quilogramas por Hectare,True,Sabará,MG
3156809,Sabinópolis (MG),,Quilogramas por Hectare,True,Sabinópolis,MG
3156908,Sacramento (MG),,Quilogramas por Hectare,True,Sacramento,MG
3157005,Salinas (MG),,Quilogramas por Hectare,True,Salinas,MG
3157104,Salto da Divisa (MG),,Quilogramas por Hectare,True,Salto da Divisa,MG
3157203,Santa Bárbara (MG),,Quilogramas por Hectare,True,Santa Bárbara,MG
3157252,Santa Bárbara do Leste (MG),,Quilogramas por Hectare,True,Santa Bárbara do Leste,MG
3157278,Santa Bárbara do Monte Verde (MG),,Quilogramas por Hectare,True,Santa Bárbara do Monte Verde,MG
3157302,Santa Bárbara do Tugúrio (MG),,Quilogramas por Hectare,True,Santa Bárbara do Tugúrio,MG
3157377,Santa Cruz de Salinas (MG),,Quilogramas por Hectare,True,Santa Cruz de Salinas,MG
3157401,Santa Cruz do Escalvado (MG),,Quilogramas por Hectare,True,Santa Cruz do Escalvado,MG
3157500,Santa Efigênia de Minas (MG),,Quilogramas por Hectare,True,Santa Efigênia de Minas,MG
3157609,Santa Fé de Minas (MG),,Quilogramas por Hectare,True,Santa Fé de Minas,MG
3157658,Santa Helena de Minas (MG),,Quilogramas por Hectare,True,Santa Helena de Minas,MG
3157708,Santa Juliana (MG),,Quilogramas por Hectare,True,Santa Juliana,MG
3157807,Santa Luzia (MG),,Quilogramas por Hectare,True,Santa Luzia,MG
3157906,Santa Margarida (MG),,Quilogramas por Hectare,True,Santa Margarida,MG
3158003,Santa Maria de Itabira (MG),,Quilogramas por Hectare,True,Santa Maria de Itabira,MG
3158102,Santa Maria do Salto (MG),,Quilogramas por Hectare,True,Santa Maria do Salto,MG
3158201,Santa Maria do Suaçuí (MG),,Quilogramas por Hectare,True,Santa Maria do Suaçuí,MG
3158300,Santana da Vargem (MG),,Quilogramas por Hectare,True,Santana da Vargem,MG
3158409,Santana de Cataguases (MG),,Quilogramas por Hectare,True,Santana de Cataguases,MG
3158508,Santana de Pirapama (MG),,Quilogramas por Hectare,True,Santana de Pirapama,MG
3158607,Santana do Deserto (MG),,Quilogramas por Hectare,True,Santana do Deserto,MG
3158706,Santana do Garambéu (MG),,Quilogramas por Hectare,True,Santana do Garambéu,MG
3158805,Santana do Jacaré (MG),,Quilogramas por Hectare,True,Santana do Jacaré,MG
3158904,Santana do Manhuaçu (MG),,Quilogramas por Hectare,True,Santana do Manhuaçu,MG
3158953,Santana do Paraíso (MG),,Quilogramas por Hectare,True,Santana do Paraíso,MG
3159001,Santana do Riacho (MG),,Quilogramas por Hectare,True,Santana do Riacho,MG
3159100,Santana dos Montes (MG),,Quilogramas por Hectare,True,Santana dos Montes,MG
3159209,Santa Rita de Caldas (MG),,Quilogramas por Hectare,True,Santa Rita de Caldas,MG
3159308,Santa Rita de Jacutinga (MG),,Quilogramas por Hectare,True,Santa Rita de Jacutinga,MG
3159357,Santa Rita de Minas (MG),,Quilogramas por Hectare,True,Santa Rita de Minas,MG
3159407,Santa Rita de Ibitipoca (MG),,Quilogramas por Hectare,True,Santa Rita de Ibitipoca,MG
3159506,Santa Rita do Itueto (MG),,Quilogramas por Hectare,True,Santa Rita do Itueto,MG
3159605,Santa Rita do Sapucaí (MG),,Quilogramas por Hectare,True,Santa Rita do Sapucaí,MG
3159704,Santa Rosa da Serra (MG),,Quilogramas por Hectare,True,Santa Rosa da Serra,MG
3159803,Santa Vitória (MG),,Quilogramas por Hectare,True,Santa Vitória,MG
3159902,Santo Antônio do Amparo (MG),,Quilogramas por Hectare,True,Santo Antônio do Amparo,MG
3160009,Santo Antônio do Aventureiro (MG),,Quilogramas por Hectare,True,Santo Antônio do Aventureiro,MG
3160108,Santo Antônio do Grama (MG),,Quilogramas por Hectare,True,Santo Antônio do Grama,MG
3160207,Santo Antônio do Itambé (MG),,Quilogramas por Hectare,True,Santo Antônio do Itambé,MG
3160306,Santo Antônio do Jacinto (MG),,Quilogramas por Hectare,True,Santo Antônio do Jacinto,MG
3160405,Santo Antônio do Monte (MG),,Quilogramas por Hectare,True,Santo Antônio do Monte,MG
3160454,Santo Antônio do Retiro (MG),,Quilogramas por Hectare,True,Santo Antônio do Retiro,MG
3160504,Santo Antônio do Rio Abaixo (MG),,Quilogramas por Hectare,True,Santo Antônio do Rio Abaixo,MG
3160603,Santo Hipólito (MG),,Quilogramas por Hectare,True,Santo Hipólito,MG
3160702,Santos Dumont (MG),,Quilogramas por Hectare,True,Santos Dumont,MG
3160801,São Bento Abade (MG),,Quilogramas por Hectare,True,São Bento Abade,MG
3160900,São Brás do Suaçuí (MG),,Quilogramas por Hectare,True,São Brás do Suaçuí,MG
3160959,São Domingos das Dores (MG),,Quilogramas por Hectare,True,São Domingos das Dores,MG
3161007,São Domingos do Prata (MG),,Quilogramas por Hectare,True,São Domingos do Prata,MG
3161056,São Félix de Minas (MG),,Quilogramas por Hectare,True,São Félix de Minas,MG
3161106,São Francisco (MG),,Quilogramas por Hectare,True,São Francisco,MG
3161205,São Francisco de Paula (MG),,Quilogramas por Hectare,True,São Francisco de Paula,MG
3161304,São Francisco de Sales (MG),,Quilogramas por Hectare,True,São Francisco de Sales,MG
3161403,São Francisco do Glória (MG),,Quilogramas por Hectare,True,São Francisco do Glória,MG
3161502,São Geraldo (MG),,Quilogramas por Hectare,True,São Geraldo,MG
3161601,São Geraldo da Piedade (MG),,Quilogramas por Hectare,True,São Geraldo da Piedade,MG
3161650,São Geraldo do Baixio (MG),,Quilogramas por Hectare,True,São Geraldo do Baixio,MG
3161700,São Gonçalo do Abaeté (MG),,Quilogramas por Hectare,True,São Gonçalo do Abaeté,MG
3161809,São Gonçalo do Pará (MG),,Quilogramas por Hectare,True,São Gonçalo do Pará,MG
3161908,São Gonçalo do Rio Abaixo (MG),,Quilogramas por Hectare,True,São Gonçalo do Rio Abaixo,MG
3162005,São Gonçalo do Sapucaí (MG),,Quilogramas por Hectare,True,São Gonçalo do Sapucaí,MG
3162104,São Gotardo (MG),,Quilogramas por Hectare,True,São Gotardo,MG
3162203,São João Batista do Glória (MG),,Quilogramas por Hectare,True,São João Batista do Glória,MG
3162252,São João da Lagoa (MG),,Quilogramas por Hectare,True,São João da Lagoa,MG
3162302,São João da Mata (MG),,Quilogramas por Hectare,True,São João da Mata,MG
3162401,São João da Ponte (MG),,Quilogramas por Hectare,True,São João da Ponte,MG
3162450,São João das Missões (MG),,Quilogramas por Hectare,True,São João das Missões,MG
3162500,São João del Rei (MG),,Quilogramas por Hectare,True,São João del Rei,MG
3162559,São João do Manhuaçu (MG),,Quilogramas por Hectare,True,São João do Manhuaçu,MG
3162575,São João do Manteninha (MG),,Quilogramas por Hectare,True,São João do Manteninha,MG
3162609,São João do Oriente (MG),,Quilogramas por Hectare,True,São João do Oriente,MG
3162658,São João do Pacuí (MG),,Quilogramas por Hectare,True,São João do Pacuí,MG
3162708,São João do Paraíso (MG),,Quilogramas por Hectare,True,São João do Paraíso,MG
3162807,São João Evangelista (MG),,Quilogramas por Hectare,True,São João Evangelista,MG
3162906,São João Nepomuceno (MG),,Quilogramas por Hectare,True,São João Nepomuceno,MG
3162922,São Joaquim de Bicas (MG),,Quilogramas por Hectare,True,São Joaquim de Bicas,MG
3162948,São José da Barra (MG),,Quilogramas por Hectare,True,São José da Barra,MG
3162955,São José da Lapa (MG),,Quilogramas por Hectare,True,São José da Lapa,MG
3163003,São José da Safira (MG),,Quilogramas por Hectare,True,São José da Safira,MG
3163102,São José da Varginha (MG),,Quilogramas por Hectare,True,São José da Varginha,MG
3163201,São José do Alegre (MG),,Quilogramas por Hectare,True,São José do Alegre,MG
3163300,São José do Divino (MG),,Quilogramas por Hectare,True,São José do Divino,MG
3163409,São José do Goiabal (MG),,Quilogramas por Hectare,True,São José do Goiabal,MG
3163508,São José do Jacuri (MG),,Quilogramas por Hectare,True,São José do Jacuri,MG
3163607,São José do Mantimento (MG),,Quilogramas por Hectare,True,São José do Mantimento,MG
3163706,São Lourenço (MG),,Quilogramas por Hectare,True,São Lourenço,MG
3163805,São Miguel do Anta (MG),,Quilogramas por Hectare,True,São Miguel do Anta,MG
3163904,São Pedro da União (MG),,Quilogramas por Hectare,True,São Pedro da União,MG
3164001,São Pedro dos Ferros (MG),,Quilogramas por Hectare,True,São Pedro dos Ferros,MG
3164100,São Pedro do Suaçuí (MG),,Quilogramas por Hectare,True,São Pedro do Suaçuí,MG
3164209,São Romão (MG),,Quilogramas por Hectare,True,São Romão,MG
3164308,São Roque de Minas (MG),,Quilogramas por Hectare,True,São Roque de Minas,MG
3164407,São Sebastião da Bela Vista (MG),,Quilogramas por Hectare,True,São Sebastião da Bela Vista,MG
3164431,São Sebastião da Vargem Alegre (MG),,Quilogramas por Hectare,True,São Sebastião da Vargem Alegre,MG
3164472,São Sebastião do Anta (MG),,Quilogramas por Hectare,True,São Sebastião do Anta,MG
3164506,São Sebastião do Maranhão (MG),,Quilogramas por Hectare,True,São Sebastião do Maranhão,MG
3164605,São Sebastião do Oeste (MG),,Quilogramas por Hectare,True,São Sebastião do Oeste,MG
3164704,São Sebastião do Paraíso (MG),,Quilogramas por Hectare,True,São Sebastião do Paraíso,MG
3164803,São Sebastião do Rio Preto (MG),,Quilogramas por Hectare,True,São Sebastião do Rio Preto,MG
3164902,São Sebastião do Rio Verde (MG),,Quilogramas por Hectare,True,São Sebastião do Rio Verde,MG
3165008,São Tiago (MG),,Quilogramas por Hectare,True,São Tiago,MG
3165107,São Tomás de Aquino (MG),,Quilogramas por Hectare,True,São Tomás de Aquino,MG
3165206,São Tomé das Letras (MG),,Quilogramas por Hectare,True,São Tomé das Letras,MG
3165305,São Vicente de Minas (MG),,Quilogramas por Hectare,True,São Vicente de Minas,MG
3165404,Sapucaí-Mirim (MG),,Quilogramas por Hectare,True,Sapucaí-Mirim,MG
3165503,Sardoá (MG),,Quilogramas por Hectare,True,Sardoá,MG
3165537,Sarzedo (MG),,Quilogramas por Hectare,True,Sarzedo,MG
3165552,Setubinha (MG),,Quilogramas por Hectare,True,Setubinha,MG
3165560,Sem-Peixe (MG),,Quilogramas por Hectare,True,Sem-Peixe,MG
3165578,Senador Amaral (MG),,Quilogramas por Hectare,True,Senador Amaral,MG
3165602,Senador Cortes (MG),,Quilogramas por Hectare,True,Senador Cortes,MG
3165701,Senador Firmino (MG),,Quilogramas por Hectare,True,Senador Firmino,MG
3165800,Senador José Bento (MG),,Quilogramas por Hectare,True,Senador José Bento,MG
3165909,Senador Modestino Gonçalves (MG),,Quilogramas por Hectare,True,Senador Modestino Gonçalves,MG
3166006,Senhora de Oliveira (MG),,Quilogramas por Hectare,True,Senhora de Oliveira,MG
3166105,Senhora do Porto (MG),,Quilogramas por Hectare,True,Senhora do Porto,MG
3166204,Senhora dos Remédios (MG),,Quilogramas por Hectare,True,Senhora dos Remédios,MG
3166303,Sericita (MG),,Quilogramas por Hectare,True,Sericita,MG
3166402,Seritinga (MG),,Quilogramas por Hectare,True,Seritinga,MG
3166501,Serra Azul de Minas (MG),,Quilogramas por Hectare,True,Serra Azul de Minas,MG
3166600,Serra da Saudade (MG),,Quilogramas por Hectare,True,Serra da Saudade,MG
3166709,Serra dos Aimorés (MG),,Quilogramas por Hectare,True,Serra dos Aimorés,MG
3166808,Serra do Salitre (MG),,Quilogramas por Hectare,True,Serra do Salitre,MG
3166907,Serrania (MG),,Quilogramas por Hectare,True,Serrania,MG
3166956,Serranópolis de Minas (MG),,Quilogramas por Hectare,True,Serranópolis de Minas,MG
3167004,Serranos (MG),,Quilogramas por Hectare,True,Serranos,MG
3167103,Serro (MG),,Quilogramas por Hectare,True,Serro,MG
3167202,Sete Lagoas (MG),,Quilogramas por Hectare,True,Sete Lagoas,MG
3167301,Silveirânia (MG),,Quilogramas por Hectare,True,Silveirânia,MG
3167400,Silvianópolis (MG),,Quilogramas por Hectare,True,Silvianópolis,MG
3167509,Simão Pereira (MG),,Quilogramas por Hectare,True,Simão Pereira,MG
3167608,Simonésia (MG),,Quilogramas por Hectare,True,Simonésia,MG
3167707,Sobrália (MG),,Quilogramas por Hectare,True,Sobrália,MG
3167806,Soledade de Minas (MG),,Quilogramas por Hectare,True,Soledade de Minas,MG
3167905,Tabuleiro (MG),,Quilogramas por Hectare,True,Tabuleiro,MG
3168002,Taiobeiras (MG),,Quilogramas por Hectare,True,Taiobeiras,MG
3168051,Taparuba (MG),,Quilogramas por Hectare,True,Taparuba,MG
3168101,Tapira (MG),,Quilogramas por Hectare,True,Tapira,MG
3168200,Tapiraí (MG),,Quilogramas por Hectare,True,Tapiraí,MG
3168309,Taquaraçu de Minas (MG),,Quilogramas por Hectare,True,Taquaraçu de Minas,MG
3168408,Tarumirim (MG),,Quilogramas por Hectare,True,Tarumirim,MG
3168507,Teixeiras (MG),,Quilogramas por Hectare,True,Teixeiras,MG
3168606,Teófilo Otoni (MG),,Quilogramas por Hectare,True,Teófilo Otoni,MG
3168705,Timóteo (MG),,Quilogramas por Hectare,True,Timóteo,MG
3168804,Tiradentes (MG),,Quilogramas por Hectare,True,Tiradentes,MG
3168903,Tiros (MG),,Quilogramas por Hectare,True,Tiros,MG
3169000,Tocantins (MG),,Quilogramas por Hectare,True,Tocantins,MG
3169059,Tocos do Moji (MG),,Quilogramas por Hectare,True,Tocos do Moji,MG
3169109,Toledo (MG),,Quilogramas por Hectare,True,Toledo,MG
3169208,Tombos (MG),,Quilogramas por Hectare,True,Tombos,MG
3169307,Três Corações (MG),,Quilogramas por Hectare,True,Três Corações,MG
3169356,Três Marias (MG),,Quilogramas por Hectare,True,Três Marias,MG
3169406,Três Pontas (MG),,Quilogramas por Hectare,True,Três Pontas,MG
3169505,Tumiritinga (MG),,Quilogramas por Hectare,True,Tumiritinga,MG
3169604,Tupaciguara (MG),,Quilogramas por Hectare,True,Tupaciguara,MG
3169703,Turmalina (MG),,Quilogramas por Hectare,True,Turmalina,MG
3169802,Turvolândia (MG),,Quilogramas por Hectare,True,Turvolândia,MG
3169901,Ubá (MG),,Quilogramas por Hectare,True,Ubá,MG
3170008,Ubaí (MG),,Quilogramas por Hectare,True,Ubaí,MG
3170057,Ubaporanga (MG),,Quilogramas por Hectare,True,Ubaporanga,MG
3170107,Uberaba (MG),,Quilogramas por Hectare,True,Uberaba,MG
3170206,Uberlândia (MG),,Quilogramas por Hectare,True,Uberlândia,MG
3170305,Umburatiba (MG),,Quilogramas por Hectare,True,Umburatiba,MG
3170404,Unaí (MG),,Quilogramas por Hectare,True,Unaí,MG
3170438,União de Minas (MG),,Quilogramas por Hectare,True,União de Minas,MG
3170479,Uruana de Minas (MG),,Quilogramas por Hectare,True,Uruana de Minas,MG
3170503,Urucânia (MG),,Quilogramas por Hectare,True,Urucânia,MG
3170529,Urucuia (MG),,Quilogramas por Hectare,True,Urucuia,MG
3170578,Vargem Alegre (MG),,Quilogramas por Hectare,True,Vargem Alegre,MG
3170602,Vargem Bonita (MG),,Quilogramas por Hectare,True,Vargem Bonita,MG
3170651,Vargem Grande do Rio Pardo (MG),,Quilogramas por Hectare,True,Vargem Grande do Rio Pardo,MG
3170701,Varginha (MG),,Quilogramas por Hectare,True,Varginha,MG
3170750,Varjão de Minas (MG),,Quilogramas por Hectare,True,Varjão de Minas,MG
3170800,Várzea da Palma (MG),,Quilogramas por Hectare,True,Várzea da Palma,MG
3170909,Varzelândia (MG),,Quilogramas por Hectare,True,Varzelândia,MG
3171006,Vazante (MG),,Quilogramas por Hectare,True,Vazante,MG
3171030,Verdelândia (MG),,Quilogramas por Hectare,True,Verdelândia,MG
3171071,Veredinha (MG),,Quilogramas por Hectare,True,Veredinha,MG
3171105,Veríssimo (MG),,Quilogramas por Hectare,True,Veríssimo,MG
3171154,Vermelho Novo (MG),,Quilogramas por Hectare,True,Vermelho Novo,MG
3171204,Vespasiano (MG),,Quilogramas por Hectare,True,Vespasiano,MG
3171303,Viçosa (MG),,Quilogramas por Hectare,True,Viçosa,MG
3171402,Vieiras (MG),,Quilogramas por Hectare,True,Vieiras,MG
3171501,Mathias Lobato (MG),,Quilogramas por Hectare,True,Mathias Lobato,MG
3171600,Virgem da Lapa (MG),,Quilogramas por Hectare,True,Virgem da Lapa,MG
3171709,Virgínia (MG),,Quilogramas por Hectare,True,Virgínia,MG
3171808,Virginópolis (MG),,Quilogramas por Hectare,True,Virginópolis,MG
3171907,Virgolândia (MG),,Quilogramas por Hectare,True,Virgolândia,MG
3172004,Visconde do Rio Branco (MG),,Quilogramas por Hectare,True,Visconde do Rio Branco,MG
3172103,Volta Grande (MG),,Quilogramas por Hectare,True,Volta Grande,MG
3172202,Wenceslau Braz (MG),,Quilogramas por Hectare,True,Wenceslau Braz,MG
3200102,Afonso Cláudio (ES),,Quilogramas por Hectare,True,Afonso Cláudio,ES
3200136,Águia Branca (ES),,Quilogramas por Hectare,True,Águia Branca,ES
3200169,Água Doce do Norte (ES),,Quilogramas por Hectare,True,Água Doce do Norte,ES
3200201,Alegre (ES),,Quilogramas por Hectare,True,Alegre,ES
3200300,Alfredo Chaves (ES),3167.0,Quilogramas por Hectare,False,Alfredo Chaves,ES
3200359,Alto Rio Novo (ES),,Quilogramas por Hectare,True,Alto Rio Novo,ES
3200409,Anchieta (ES),3000.0,Quilogramas por Hectare,False,Anchieta,ES
3200508,Apiacá (ES),,Quilogramas por Hectare,True,Apiacá,ES
3200607,Aracruz (ES),,Quilogramas por Hectare,True,Aracruz,ES
3200706,Atílio Vivácqua (ES),,Quilogramas por Hectare,True,Atílio Vivácqua,ES
3200805,Baixo Guandu (ES),,Quilogramas por Hectare,True,Baixo Guandu,ES
3200904,Barra de São Francisco (ES),,Quilogramas por Hectare,True,Barra de São Francisco,ES
3201001,Boa Esperança (ES),,Quilogramas por Hectare,True,Boa Esperança,ES
3201100,Bom Jesus do Norte (ES),,Quilogramas por Hectare,True,Bom Jesus do Norte,ES
3201159,Brejetuba (ES),,Quilogramas por Hectare,True,Brejetuba,ES
3201209,Cachoeiro de Itapemirim (ES),,Quilogramas por Hectare,True,Cachoeiro de Itapemirim,ES
3201308,Cariacica (ES),,Quilogramas por Hectare,True,Cariacica,ES
3201407,Castelo (ES),,Quilogramas por Hectare,True,Castelo,ES
3201506,Colatina (ES),4000.0,Quilogramas por Hectare,False,Colatina,ES
3201605,Conceição da Barra (ES),,Quilogramas por Hectare,True,Conceição da Barra,ES
3201704,Conceição do Castelo (ES),,Quilogramas por Hectare,True,Conceição do Castelo,ES
3201803,Divino de São Lourenço (ES),,Quilogramas por Hectare,True,Divino de São Lourenço,ES
3201902,Domingos Martins (ES),,Quilogramas por Hectare,True,Domingos Martins,ES
3202009,Dores do Rio Preto (ES),,Quilogramas por Hectare,True,Dores do Rio Preto,ES
3202108,Ecoporanga (ES),,Quilogramas por Hectare,True,Ecoporanga,ES
3202207,Fundão (ES),,Quilogramas por Hectare,True,Fundão,ES
3202256,Governador Lindenberg (ES),,Quilogramas por Hectare,True,Governador Lindenberg,ES
3202306,Guaçuí (ES),,Quilogramas por Hectare,True,Guaçuí,ES
3202405,Guarapari (ES),,Quilogramas por Hectare,True,Guarapari,ES
3202454,Ibatiba (ES),,Quilogramas por Hectare,True,Ibatiba,ES
3202504,Ibiraçu (ES),,Quilogramas por Hectare,True,Ibiraçu,ES
3202553,Ibitirama (ES),,Quilogramas por Hectare,True,Ibitirama,ES
3202603,Iconha (ES),5000.0,Quilogramas por Hectare,False,Iconha,ES
3202652,Irupi (ES),,Quilogramas por Hectare,True,Irupi,ES
3202702,Itaguaçu (ES),,Quilogramas por Hectare,True,Itaguaçu,ES
3202801,Itapemirim (ES),,Quilogramas por Hectare,True,Itapemirim,ES
3202900,Itarana (ES),,Quilogramas por Hectare,True,Itarana,ES
3203007,Iúna (ES),,Quilogramas por Hectare,True,Iúna,ES
3203056,Jaguaré (ES),,Quilogramas por Hectare,True,Jaguaré,ES
3203106,Jerônimo Monteiro (ES),,Quilogramas por Hectare,True,Jerônimo Monteiro,ES
3203130,João Neiva (ES),,Quilogramas por Hectare,True,João Neiva,ES
3203163,Laranja da Terra (ES),,Quilogramas por Hectare,True,Laranja da Terra,ES
3203205,Linhares (ES),,Quilogramas por Hectare,True,Linhares,ES
3203304,Mantenópolis (ES),,Quilogramas por Hectare,True,Mantenópolis,ES
3203320,Marataízes (ES),,Quilogramas por Hectare,True,Marataízes,ES
3203346,Marechal Floriano (ES),,Quilogramas por Hectare,True,Marechal Floriano,ES
3203353,Marilândia (ES),,Quilogramas por Hectare,True,Marilândia,ES
3203403,Mimoso do Sul (ES),,Quilogramas por Hectare,True,Mimoso do Sul,ES
3203502,Montanha (ES),,Quilogramas por Hectare,True,Montanha,ES
3203601,Mucurici (ES),,Quilogramas por Hectare,True,Mucurici,ES
3203700,Muniz Freire (ES),,Quilogramas por Hectare,True,Muniz Freire,ES
3203809,Muqui (ES),,Quilogramas por Hectare,True,Muqui,ES
3203908,Nova Venécia (ES),,Quilogramas por Hectare,True,Nova Venécia,ES
3204005,Pancas (ES),,Quilogramas por Hectare,True,Pancas,ES
3204054,Pedro Canário (ES),,Quilogramas por Hectare,True,Pedro Canário,ES
3204104,Pinheiros (ES),,Quilogramas por Hectare,True,Pinheiros,ES
3204203,Piúma (ES),,Quilogramas por Hectare,True,Piúma,ES
3204252,Ponto Belo (ES),,Quilogramas por Hectare,True,Ponto Belo,ES
3204302,Presidente Kennedy (ES),,Quilogramas por Hectare,True,Presidente Kennedy,ES
3204351,Rio Bananal (ES),,Quilogramas por Hectare,True,Rio Bananal,ES
3204401,Rio Novo do Sul (ES),,Quilogramas por Hectare,True,Rio Novo do Sul,ES
3204500,Santa Leopoldina (ES),3500.0,Quilogramas por Hectare,False,Santa Leopoldina,ES
3204559,Santa Maria de Jetibá (ES),,Quilogramas por Hectare,True,Santa Maria de Jetibá,ES
3204609,Santa Teresa (ES),,Quilogramas por Hectare,True,Santa Teresa,ES
3204658,São Domingos do Norte (ES),,Quilogramas por Hectare,True,São Domingos do Norte,ES
3204708,São Gabriel da Palha (ES),,Quilogramas por Hectare,True,São Gabriel da Palha,ES
3204807,São José do Calçado (ES),,Quilogramas por Hectare,True,São José do Calçado,ES
3204906,São Mateus (ES),,Quilogramas por Hectare,True,São Mateus,ES
3204955,São Roque do Canaã (ES),,Quilogramas por Hectare,True,São Roque do Canaã,ES
3205002,Serra (ES),,Quilogramas por Hectare,True,Serra,ES
3205010,Sooretama (ES),,Quilogramas por Hectare,True,Sooretama,ES
3205036,Vargem Alta (ES),,Quilogramas por Hectare,True,Vargem Alta,ES
3205069,Venda Nova do Imigrante (ES),,Quilogramas por Hectare,True,Venda Nova do Imigrante,ES
3205101,Viana (ES),,Quilogramas por Hectare,True,Viana,ES
3205150,Vila Pavão (ES),,Quilogramas por Hectare,True,Vila Pavão,ES
3205176,Vila Valério (ES),,Quilogramas por Hectare,True,Vila Valério,ES
3205200,Vila Velha (ES),,Quilogramas por Hectare,True,Vila Velha,ES
3205309,Vitória (ES),,Quilogramas por Hectare,True,Vitória,ES
3300100,Angra dos Reis (RJ),,Quilogramas por Hectare,True,Angra dos Reis,RJ
3300159,Aperibé (RJ),,Quilogramas por Hectare,True,Aperibé,RJ
3300209,Araruama (RJ),,Quilogramas por Hectare,True,Araruama,RJ
3300225,Areal (RJ),,Quilogramas por Hectare,True,Areal,RJ
3300233,Armação dos Búzios (RJ),,Quilogramas por Hectare,True,Armação dos Búzios,RJ
3300308,Barra do Piraí (RJ),,Quilogramas por Hectare,True,Barra do Piraí,RJ
3300407,Barra Mansa (RJ),,Quilogramas por Hectare,True,Barra Mansa,RJ
3300456,Belford Roxo (RJ),,Quilogramas por Hectare,True,Belford Roxo,RJ
3300506,Bom Jardim (RJ),,Quilogramas por Hectare,True,Bom Jardim,RJ
3300605,Bom Jesus do Itabapoana (RJ),,Quilogramas por Hectare,True,Bom Jesus do Itabapoana,RJ
3300704,Cabo Frio (RJ),,Quilogramas por Hectare,True,Cabo Frio,RJ
3300803,Cachoeiras de Macacu (RJ),,Quilogramas por Hectare,True,Cachoeiras de Macacu,RJ
3300902,Cambuci (RJ),,Quilogramas por Hectare,True,Cambuci,RJ
3300936,Carapebus (RJ),,Quilogramas por Hectare,True,Carapebus,RJ
3300951,Comendador Levy Gasparian (RJ),,Quilogramas por Hectare,True,Comendador Levy Gasparian,RJ
3301009,Campos dos Goytacazes (RJ),,Quilogramas por Hectare,True,Campos dos Goytacazes,RJ
3301108,Cantagalo (RJ),,Quilogramas por Hectare,True,Cantagalo,RJ
3301157,Cardoso Moreira (RJ),,Quilogramas por Hectare,True,Cardoso Moreira,RJ
3301207,Carmo (RJ),,Quilogramas por Hectare,True,Carmo,RJ
3301306,Casimiro de Abreu (RJ),,Quilogramas por Hectare,True,Casimiro de Abreu,RJ
3301405,Conceição de Macabu (RJ),,Quilogramas por Hectare,True,Conceição de Macabu,RJ
3301504,Cordeiro (RJ),,Quilogramas por Hectare,True,Cordeiro,RJ
3301603,Duas Barras (RJ),,Quilogramas por Hectare,True,Duas Barras,RJ
3301702,Duque de Caxias (RJ),,Quilogramas por Hectare,True,Duque de Caxias,RJ
3301801,Engenheiro Paulo de Frontin (RJ),,Quilogramas por Hectare,True,Engenheiro Paulo de Frontin,RJ
3301850,Guapimirim (RJ),,Quilogramas por Hectare,True,Guapimirim,RJ
3301876,Iguaba Grande (RJ),,Quilogramas por Hectare,True,Iguaba Grande,RJ
3301900,Itaboraí (RJ),,Quilogramas por Hectare,True,Itaboraí,RJ
3302007,Itaguaí (RJ),,Quilogramas por Hectare,True,Itaguaí,RJ
3302056,Italva (RJ),,Quilogramas por Hectare,True,Italva,RJ
3302106,Itaocara (RJ),,Quilogramas por Hectare,True,Itaocara,RJ
3302205,Itaperuna (RJ),,Quilogramas por Hectare,True,Itaperuna,RJ
3302254,Itatiaia (RJ),,Quilogramas por Hectare,True,Itatiaia,RJ
3302270,Japeri (RJ),,Quilogramas por Hectare,True,Japeri,RJ
3302304,Laje do Muriaé (RJ),,Quilogramas por Hectare,True,Laje do Muriaé,RJ
3302403,Macaé (RJ),,Quilogramas por Hectare,True,Macaé,RJ
3302452,Macuco (RJ),,Quilogramas por Hectare,True,Macuco,RJ
3302502,Magé (RJ),,Quilogramas por Hectare,True,Magé,RJ
3302601,Mangaratiba (RJ),,Quilogramas por Hectare,True,Mangaratiba,RJ
3302700,Maricá (RJ),,Quilogramas por Hectare,True,Maricá,RJ
3302809,Mendes (RJ),,Quilogramas por Hectare,True,Mendes,RJ
3302858,Mesquita (RJ),,Quilogramas por Hectare,True,Mesquita,RJ
3302908,Miguel Pereira (RJ),,Quilogramas por Hectare,True,Miguel Pereira,RJ
3303005,Miracema (RJ),,Quilogramas por Hectare,True,Miracema,RJ
3303104,Natividade (RJ),,Quilogramas por Hectare,True,Natividade,RJ
3303302,Niterói (RJ),,Quilogramas por Hectare,True,Niterói,RJ
3303401,Nova Friburgo (RJ),,Quilogramas por Hectare,True,Nova Friburgo,RJ
3303500,Nova Iguaçu (RJ),,Quilogramas por Hectare,True,Nova Iguaçu,RJ
3303609,Paracambi (RJ),,Quilogramas por Hectare,True,Paracambi,RJ
3303708,Paraíba do Sul (RJ),,Quilogramas por Hectare,True,Paraíba do Sul,RJ
3303807,Paraty (RJ),,Quilogramas por Hectare,True,Paraty,RJ
3303856,Paty do Alferes (RJ),,Quilogramas por Hectare,True,Paty do Alferes,RJ
3303906,Petrópolis (RJ),,Quilogramas por Hectare,True,Petrópolis,RJ
3303955,Pinheiral (RJ),,Quilogramas por Hectare,True,Pinheiral,RJ
3304003,Piraí (RJ),,Quilogramas por Hectare,True,Piraí,RJ
3304102,Porciúncula (RJ),,Quilogramas por Hectare,True,Porciúncula,RJ
3304110,Porto Real (RJ),,Quilogramas por Hectare,True,Porto Real,RJ
3304128,Quatis (RJ),,Quilogramas por Hectare,True,Quatis,RJ
3304144,Queimados (RJ),,Quilogramas por Hectare,True,Queimados,RJ
3304151,Quissamã (RJ),,Quilogramas por Hectare,True,Quissamã,RJ
3304201,Resende (RJ),,Quilogramas por Hectare,True,Resende,RJ
3304300,Rio Bonito (RJ),,Quilogramas por Hectare,True,Rio Bonito,RJ
3304409,Rio Claro (RJ),,Quilogramas por Hectare,True,Rio Claro,RJ
3304508,Rio das Flores (RJ),,Quilogramas por Hectare,True,Rio das Flores,RJ
3304524,Rio das Ostras (RJ),,Quilogramas por Hectare,True,Rio das Ostras,RJ
3304557,Rio de Janeiro (RJ),,Quilogramas por Hectare,True,Rio de Janeiro,RJ
3304607,Santa Maria Madalena (RJ),,Quilogramas por Hectare,True,Santa Maria Madalena,RJ
3304706,Santo Antônio de Pádua (RJ),,Quilogramas por Hectare,True,Santo Antônio de Pádua,RJ
3304755,São Francisco de Itabapoana (RJ),,Quilogramas por Hectare,True,São Francisco de Itabapoana,RJ
3304805,São Fidélis (RJ),,Quilogramas por Hectare,True,São Fidélis,RJ
3304904,São Gonçalo (RJ),,Quilogramas por Hectare,True,São Gonçalo,RJ
3305000,São João da Barra (RJ),,Quilogramas por Hectare,True,São João da Barra,RJ
3305133,São José de Ubá (RJ),,Quilogramas por Hectare,True,São José de Ubá,RJ
3305158,São José do Vale do Rio Preto (RJ),,Quilogramas por Hectare,True,São José do Vale do Rio Preto,RJ
3305208,São Pedro da Aldeia (RJ),,Quilogramas por Hectare,True,São Pedro da Aldeia,RJ
3305307,São Sebastião do Alto (RJ),,Quilogramas por Hectare,True,São Sebastião do Alto,RJ
3305406,Sapucaia (RJ),,Quilogramas por Hectare,True,Sapucaia,RJ
3305505,Saquarema (RJ),,Quilogramas por Hectare,True,Saquarema,RJ
3305554,Seropédica (RJ),,Quilogramas por Hectare,True,Seropédica,RJ
3305604,Silva Jardim (RJ),,Quilogramas por Hectare,True,Silva Jardim,RJ
3305703,Sumidouro (RJ),,Quilogramas por Hectare,True,Sumidouro,RJ
3305752,Tanguá (RJ),,Quilogramas por Hectare,True,Tanguá,RJ
3305802,Teresópolis (RJ),,Quilogramas por Hectare,True,Teresópolis,RJ
3305901,Trajano de Moraes (RJ),,Quilogramas por Hectare,True,Trajano de Moraes,RJ
3306008,Três Rios (RJ),,Quilogramas por Hectare,True,Três Rios,RJ
3306107,Valença (RJ),,Quilogramas por Hectare,True,Valença,RJ
3306156,Varre-Sai (RJ),,Quilogramas por Hectare,True,Varre-Sai,RJ
3306206,Vassouras (RJ),,Quilogramas por Hectare,True,Vassouras,RJ
3306305,Volta Redonda (RJ),,Quilogramas por Hectare,True,Volta Redonda,RJ
3500105,Adamantina (SP),,Quilogramas por Hectare,True,Adamantina,SP
3500204,Adolfo (SP),,Quilogramas por Hectare,True,Adolfo,SP
3500303,Aguaí (SP),,Quilogramas por Hectare,True,Aguaí,SP
3500402,Águas da Prata (SP),,Quilogramas por Hectare,True,Águas da Prata,SP
3500501,Águas de Lindóia (SP),,Quilogramas por Hectare,True,Águas de Lindóia,SP
3500550,Águas de Santa Bárbara (SP),,Quilogramas por Hectare,True,Águas de Santa Bárbara,SP
3500600,Águas de São Pedro (SP),,Quilogramas por Hectare,True,Águas de São Pedro,SP
3500709,Agudos (SP),,Quilogramas por Hectare,True,Agudos,SP
3500758,Alambari (SP),,Quilogramas por Hectare,True,Alambari,SP
3500808,Alfredo Marcondes (SP),,Quilogramas por Hectare,True,Alfredo Marcondes,SP
3500907,Altair (SP),,Quilogramas por Hectare,True,Altair,SP
3501004,Altinópolis (SP),,Quilogramas por Hectare,True,Altinópolis,SP
3501103,Alto Alegre (SP),,Quilogramas por Hectare,True,Alto Alegre,SP
3501152,Alumínio (SP),,Quilogramas por Hectare,True,Alumínio,SP
3501202,Álvares Florence (SP),,Quilogramas por Hectare,True,Álvares Florence,SP
3501301,Álvares Machado (SP),,Quilogramas por Hectare,True,Álvares Machado,SP
3501400,Álvaro de Carvalho (SP),,Quilogramas por Hectare,True,Álvaro de Carvalho,SP
3501509,Alvinlândia (SP),,Quilogramas por Hectare,True,Alvinlândia,SP
3501608,Americana (SP),,Quilogramas por Hectare,True,Americana,SP
3501707,Américo Brasiliense (SP),,Quilogramas por Hectare,True,Américo Brasiliense,SP
3501806,Américo de Campos (SP),,Quilogramas por Hectare,True,Américo de Campos,SP
3501905,Amparo (SP),,Quilogramas por Hectare,True,Amparo,SP
3502002,Analândia (SP),,Quilogramas por Hectare,True,Analândia,SP
3502101,Andradina (SP),,Quilogramas por Hectare,True,Andradina,SP
3502200,Angatuba (SP),,Quilogramas por Hectare,True,Angatuba,SP
3502309,Anhembi (SP),,Quilogramas por Hectare,True,Anhembi,SP
3502408,Anhumas (SP),,Quilogramas por Hectare,True,Anhumas,SP
3502507,Aparecida (SP),,Quilogramas por Hectare,True,Aparecida,SP
3502606,Aparecida d'Oeste (SP),,Quilogramas por Hectare,True,Aparecida d'Oeste,SP
3502705,Apiaí (SP),,Quilogramas por Hectare,True,Apiaí,SP
3502754,Araçariguama (SP),,Quilogramas por Hectare,True,Araçariguama,SP
3502804,Araçatuba (SP),,Quilogramas por Hectare,True,Araçatuba,SP
3502903,Araçoiaba da Serra (SP),,Quilogramas por Hectare,True,Araçoiaba da Serra,SP
3503000,Aramina (SP),,Quilogramas por Hectare,True,Aramina,SP
3503109,Arandu (SP),,Quilogramas por Hectare,True,Arandu,SP
3503158,Arapeí (SP),,Quilogramas por Hectare,True,Arapeí,SP
3503208,Araraquara (SP),,Quilogramas por Hectare,True,Araraquara,SP
3503307,Araras (SP),,Quilogramas por Hectare,True,Araras,SP
3503356,Arco-Íris (SP),,Quilogramas por Hectare,True,Arco-Íris,SP
3503406,Arealva (SP),,Quilogramas por Hectare,True,Arealva,SP
3503505,Areias (SP),,Quilogramas por Hectare,True,Areias,SP
3503604,Areiópolis (SP),,Quilogramas por Hectare,True,Areiópolis,SP
3503703,Ariranha (SP),,Quilogramas por Hectare,True,Ariranha,SP
3503802,Artur Nogueira (SP),,Quilogramas por Hectare,True,Artur Nogueira,SP
3503901,Arujá (SP),,Quilogramas por Hectare,True,Arujá,SP
3503950,Aspásia (SP),,Quilogramas por Hectare,True,Aspásia,SP
3504008,Assis (SP),,Quilogramas por Hectare,True,Assis,SP
3504107,Atibaia (SP),,Quilogramas por Hectare,True,Atibaia,SP
3504206,Auriflama (SP),,Quilogramas por Hectare,True,Auriflama,SP
3504305,Avaí (SP),,Quilogramas por Hectare,True,Avaí,SP
3504404,Avanhandava (SP),,Quilogramas por Hectare,True,Avanhandava,SP
3504503,Avaré (SP),,Quilogramas por Hectare,True,Avaré,SP
3504602,Bady Bassitt (SP),,Quilogramas por Hectare,True,Bady Bassitt,SP
3504701,Balbinos (SP),,Quilogramas por Hectare,True,Balbinos,SP
3504800,Bálsamo (SP),,Quilogramas por Hectare,True,Bálsamo,SP
3504909,Bananal (SP),,Quilogramas por Hectare,True,Bananal,SP
3505005,Barão de Antonina (SP),,Quilogramas por Hectare,True,Barão de Antonina,SP
3505104,Barbosa (SP),,Quilogramas por Hectare,True,Barbosa,SP
3505203,Bariri (SP),,Quilogramas por Hectare,True,Bariri,SP
3505302,Barra Bonita (SP),,Quilogramas por Hectare,True,Barra Bonita,SP
3505351,Barra do Chapéu (SP),,Quilogramas por Hectare,True,Barra do Chapéu,SP
3505401,Barra do Turvo (SP),,Quilogramas por Hectare,True,Barra do Turvo,SP
3505500,Barretos (SP),,Quilogramas por Hectare,True,Barretos,SP
3505609,Barrinha (SP),,Quilogramas por Hectare,True,Barrinha,SP
3505708,Barueri (SP),,Quilogramas por Hectare,True,Barueri,SP
3505807,Bastos (SP),,Quilogramas por Hectare,True,Bastos,SP
3505906,Batatais (SP),,Quilogramas por Hectare,True,Batatais,SP
3506003,Bauru (SP),,Quilogramas por Hectare,True,Bauru,SP
3506102,Bebedouro (SP),,Quilogramas por Hectare,True,Bebedouro,SP
3506201,Bento de Abreu (SP),,Quilogramas por Hectare,True,Bento de Abreu,SP
3506300,Bernardino de Campos (SP),,Quilogramas por Hectare,True,Bernardino de Campos,SP
3506359,Bertioga (SP),,Quilogramas por Hectare,True,Bertioga,SP
3506409,Bilac (SP),,Quilogramas por Hectare,True,Bilac,SP
3506508,Birigui (SP),,Quilogramas por Hectare,True,Birigui,SP
3506607,Biritiba Mirim (SP),,Quilogramas por Hectare,True,Biritiba Mirim,SP
3506706,Boa Esperança do Sul (SP),,Quilogramas por Hectare,True,Boa Esperança do Sul,SP
3506805,Bocaina (SP),,Quilogramas por Hectare,True,Bocaina,SP
3506904,Bofete (SP),,Quilogramas por Hectare,True,Bofete,SP
3507001,Boituva (SP),,Quilogramas por Hectare,True,Boituva,SP
3507100,Bom Jesus dos Perdões (SP),,Quilogramas por Hectare,True,Bom Jesus dos Perdões,SP
3507159,Bom Sucesso de Itararé (SP),,Quilogramas por Hectare,True,Bom Sucesso de Itararé,SP
3507209,Borá (SP),,Quilogramas por Hectare,True,Borá,SP
3507308,Boracéia (SP),,Quilogramas por Hectare,True,Boracéia,SP
3507407,Borborema (SP),,Quilogramas por Hectare,True,Borborema,SP
3507456,Borebi (SP),,Quilogramas por Hectare,True,Borebi,SP
3507506,Botucatu (SP),,Quilogramas por Hectare,True,Botucatu,SP
3507605,Bragança Paulista (SP),,Quilogramas por Hectare,True,Bragança Paulista,SP
3507704,Braúna (SP),,Quilogramas por Hectare,True,Braúna,SP
3507753,Brejo Alegre (SP),,Quilogramas por Hectare,True,Brejo Alegre,SP
3507803,Brodowski (SP),,Quilogramas por Hectare,True,Brodowski,SP
3507902,Brotas (SP),,Quilogramas por Hectare,True,Brotas,SP
3508009,Buri (SP),,Quilogramas por Hectare,True,Buri,SP
3508108,Buritama (SP),,Quilogramas por Hectare,True,Buritama,SP
3508207,Buritizal (SP),,Quilogramas por Hectare,True,Buritizal,SP
3508306,Cabrália Paulista (SP),,Quilogramas por Hectare,True,Cabrália Paulista,SP
3508405,Cabreúva (SP),,Quilogramas por Hectare,True,Cabreúva,SP
3508504,Caçapava (SP),,Quilogramas por Hectare,True,Caçapava,SP
3508603,Cachoeira Paulista (SP),,Quilogramas por Hectare,True,Cachoeira Paulista,SP
3508702,Caconde (SP),,Quilogramas por Hectare,True,Caconde,SP
3508801,Cafelândia (SP),,Quilogramas por Hectare,True,Cafelândia,SP
3508900,Caiabu (SP),,Quilogramas por Hectare,True,Caiabu,SP
3509007,Caieiras (SP),,Quilogramas por Hectare,True,Caieiras,SP
3509106,Caiuá (SP),,Quilogramas por Hectare,True,Caiuá,SP
3509205,Cajamar (SP),,Quilogramas por Hectare,True,Cajamar,SP
3509254,Cajati (SP),,Quilogramas por Hectare,True,Cajati,SP
3509304,Cajobi (SP),,Quilogramas por Hectare,True,Cajobi,SP
3509403,Cajuru (SP),,Quilogramas por Hectare,True,Cajuru,SP
3509452,Campina do Monte Alegre (SP),,Quilogramas por Hectare,True,Campina do Monte Alegre,SP
3509502,Campinas (SP),,Quilogramas por Hectare,True,Campinas,SP
3509601,Campo Limpo Paulista (SP),,Quilogramas por Hectare,True,Campo Limpo Paulista,SP
3509700,Campos do Jordão (SP),,Quilogramas por Hectare,True,Campos do Jordão,SP
3509809,Campos Novos Paulista (SP),,Quilogramas por Hectare,True,Campos Novos Paulista,SP
3509908,Cananéia (SP),,Quilogramas por Hectare,True,Cananéia,SP
3509957,Canas (SP),,Quilogramas por Hectare,True,Canas,SP
3510005,Cândido Mota (SP),,Quilogramas por Hectare,True,Cândido Mota,SP
3510104,Cândido Rodrigues (SP),,Quilogramas por Hectare,True,Cândido Rodrigues,SP
3510153,Canitar (SP),,Quilogramas por Hectare,True,Canitar,SP
3510203,Capão Bonito (SP),,Quilogramas por Hectare,True,Capão Bonito,SP
3510302,Capela do Alto (SP),,Quilogramas por Hectare,True,Capela do Alto,SP
3510401,Capivari (SP),,Quilogramas por Hectare,True,Capivari,SP
3510500,Caraguatatuba (SP),,Quilogramas por Hectare,True,Caraguatatuba,SP
3510708,Cardoso (SP),,Quilogramas por Hectare,True,Cardoso,SP
3510807,Casa Branca (SP),,Quilogramas por Hectare,True,Casa Branca,SP
3510906,Cássia dos Coqueiros (SP),,Quilogramas por Hectare,True,Cássia dos Coqueiros,SP
3511003,Castilho (SP),,Quilogramas por Hectare,True,Castilho,SP
3511102,Catanduva (SP),,Quilogramas por Hectare,True,Catanduva,SP
3511201,Catiguá (SP),,Quilogramas por Hectare,True,Catiguá,SP
3511300,Cedral (SP),,Quilogramas por Hectare,True,Cedral,SP
3511409,Cerqueira César (SP),,Quilogramas por Hectare,True,Cerqueira César,SP
3511508,Cerquilho (SP),,Quilogramas por Hectare,True,Cerquilho,SP
3511607,Cesário Lange (SP),,Quilogramas por Hectare,True,Cesário Lange,SP
3511706,Charqueada (SP),,Quilogramas por Hectare,True,Charqueada,SP
3511904,Clementina (SP),,Quilogramas por Hectare,True,Clementina,SP
3512001,Colina (SP),,Quilogramas por Hectare,True,Colina,SP
3512100,Colômbia (SP),,Quilogramas por Hectare,True,Colômbia,SP
3512209,Conchal (SP),,Quilogramas por Hectare,True,Conchal,SP
3512308,Conchas (SP),,Quilogramas por Hectare,True,Conchas,SP
3512407,Cordeirópolis (SP),,Quilogramas por Hectare,True,Cordeirópolis,SP
3512506,Coroados (SP),,Quilogramas por Hectare,True,Coroados,SP
3512605,Coronel Macedo (SP),,Quilogramas por Hectare,True,Coronel Macedo,SP
3512704,Corumbataí (SP),,Quilogramas por Hectare,True,Corumbataí,SP
3512803,Cosmópolis (SP),,Quilogramas por Hectare,True,Cosmópolis,SP
3512902,Cosmorama (SP),,Quilogramas por Hectare,True,Cosmorama,SP
3513009,Cotia (SP),,Quilogramas por Hectare,True,Cotia,SP
3513108,Cravinhos (SP),,Quilogramas por Hectare,True,Cravinhos,SP
3513207,Cristais Paulista (SP),,Quilogramas por Hectare,True,Cristais Paulista,SP
3513306,Cruzália (SP),,Quilogramas por Hectare,True,Cruzália,SP
3513405,Cruzeiro (SP),,Quilogramas por Hectare,True,Cruzeiro,SP
3513504,Cubatão (SP),,Quilogramas por Hectare,True,Cubatão,SP
3513603,Cunha (SP),,Quilogramas por Hectare,True,Cunha,SP
3513702,Descalvado (SP),,Quilogramas por Hectare,True,Descalvado,SP
3513850,Dirce Reis (SP),,Quilogramas por Hectare,True,Dirce Reis,SP
3513900,Divinolândia (SP),,Quilogramas por Hectare,True,Divinolândia,SP
3514007,Dobrada (SP),,Quilogramas por Hectare,True,Dobrada,SP
3514106,Dois Córregos (SP),,Quilogramas por Hectare,True,Dois Córregos,SP
3514205,Dolcinópolis (SP),,Quilogramas por Hectare,True,Dolcinópolis,SP
3514304,Dourado (SP),,Quilogramas por Hectare,True,Dourado,SP
3514403,Dracena (SP),,Quilogramas por Hectare,True,Dracena,SP
3514502,Duartina (SP),,Quilogramas por Hectare,True,Duartina,SP
3514601,Dumont (SP),,Quilogramas por Hectare,True,Dumont,SP
3514700,Echaporã (SP),,Quilogramas por Hectare,True,Echaporã,SP
3514809,Eldorado (SP),,Quilogramas por Hectare,True,Eldorado,SP
3514908,Elias Fausto (SP),,Quilogramas por Hectare,True,Elias Fausto,SP
3514924,Elisiário (SP),,Quilogramas por Hectare,True,Elisiário,SP
3514957,Embaúba (SP),,Quilogramas por Hectare,True,Embaúba,SP
3515004,Embu das Artes (SP),,Quilogramas por Hectare,True,Embu das Artes,SP
3515103,Embu-Guaçu (SP),,Quilogramas por Hectare,True,Embu-Guaçu,SP
3515129,Emilianópolis (SP),,Quilogramas por Hectare,True,Emilianópolis,SP
3515152,Engenheiro Coelho (SP),,Quilogramas por Hectare,True,Engenheiro Coelho,SP
3515186,Espírito Santo do Pinhal (SP),,Quilogramas por Hectare,True,Espírito Santo do Pinhal,SP
3515194,Espírito Santo do Turvo (SP),,Quilogramas por Hectare,True,Espírito Santo do Turvo,SP
3515202,Estrela d'Oeste (SP),,Quilogramas por Hectare,True,Estrela d'Oeste,SP
3515301,Estrela do Norte (SP),,Quilogramas por Hectare,True,Estrela do Norte,SP
3515350,Euclides da Cunha Paulista (SP),,Quilogramas por Hectare,True,Euclides da Cunha Paulista,SP
3515400,Fartura (SP),,Quilogramas por Hectare,True,Fartura,SP
3515509,Fernandópolis (SP),,Quilogramas por Hectare,True,Fernandópolis,SP
3515608,Fernando Prestes (SP),,Quilogramas por Hectare,True,Fernando Prestes,SP
3515657,Fernão (SP),,Quilogramas por Hectare,True,Fernão,SP
3515707,Ferraz de Vasconcelos (SP),,Quilogramas por Hectare,True,Ferraz de Vasconcelos,SP
3515806,Flora Rica (SP),,Quilogramas por Hectare,True,Flora Rica,SP
3515905,Floreal (SP),,Quilogramas por Hectare,True,Floreal,SP
3516002,Flórida Paulista (SP),,Quilogramas por Hectare,True,Flórida Paulista,SP
3516101,Florínea (SP),,Quilogramas por Hectare,True,Florínea,SP
3516200,Franca (SP),,Quilogramas por Hectare,True,Franca,SP
3516309,Francisco Morato (SP),,Quilogramas por Hectare,True,Francisco Morato,SP
3516408,Franco da Rocha (SP),,Quilogramas por Hectare,True,Franco da Rocha,SP
3516507,Gabriel Monteiro (SP),,Quilogramas por Hectare,True,Gabriel Monteiro,SP
3516606,Gália (SP),,Quilogramas por Hectare,True,Gália,SP
3516705,Garça (SP),,Quilogramas por Hectare,True,Garça,SP
3516804,Gastão Vidigal (SP),,Quilogramas por Hectare,True,Gastão Vidigal,SP
3516853,Gavião Peixoto (SP),,Quilogramas por Hectare,True,Gavião Peixoto,SP
3516903,General Salgado (SP),,Quilogramas por Hectare,True,General Salgado,SP
3517000,Getulina (SP),,Quilogramas por Hectare,True,Getulina,SP
3517109,Glicério (SP),,Quilogramas por Hectare,True,Glicério,SP
3517208,Guaiçara (SP),,Quilogramas por Hectare,True,Guaiçara,SP
3517307,Guaimbê (SP),,Quilogramas por Hectare,True,Guaimbê,SP
3517406,Guaíra (SP),,Quilogramas por Hectare,True,Guaíra,SP
3517505,Guapiaçu (SP),,Quilogramas por Hectare,True,Guapiaçu,SP
3517604,Guapiara (SP),,Quilogramas por Hectare,True,Guapiara,SP
3517703,Guará (SP),,Quilogramas por Hectare,True,Guará,SP
3517802,Guaraçaí (SP),,Quilogramas por Hectare,True,Guaraçaí,SP
3517901,Guaraci (SP),,Quilogramas por Hectare,True,Guaraci,SP
3518008,Guarani d'Oeste (SP),,Quilogramas por Hectare,True,Guarani d'Oeste,SP
3518107,Guarantã (SP),,Quilogramas por Hectare,True,Guarantã,SP
3518206,Guararapes (SP),,Quilogramas por Hectare,True,Guararapes,SP
3518305,Guararema (SP),,Quilogramas por Hectare,True,Guararema,SP
3518404,Guaratinguetá (SP),,Quilogramas por Hectare,True,Guaratinguetá,SP
3518503,Guareí (SP),,Quilogramas por Hectare,True,Guareí,SP
3518602,Guariba (SP),,Quilogramas por Hectare,True,Guariba,SP
3518701,Guarujá (SP),,Quilogramas por Hectare,True,Guarujá,SP
3518800,Guarulhos (SP),,Quilogramas por Hectare,True,Guarulhos,SP
3518859,Guatapará (SP),,Quilogramas por Hectare,True,Guatapará,SP
3518909,Guzolândia (SP),,Quilogramas por Hectare,True,Guzolândia,SP
3519006,Herculândia (SP),,Quilogramas por Hectare,True,Herculândia,SP
3519055,Holambra (SP),,Quilogramas por Hectare,True,Holambra,SP
3519071,Hortolândia (SP),,Quilogramas por Hectare,True,Hortolândia,SP
3519105,Iacanga (SP),,Quilogramas por Hectare,True,Iacanga,SP
3519204,Iacri (SP),,Quilogramas por Hectare,True,Iacri,SP
3519253,Iaras (SP),,Quilogramas por Hectare,True,Iaras,SP
3519303,Ibaté (SP),,Quilogramas por Hectare,True,Ibaté,SP
3519402,Ibirá (SP),,Quilogramas por Hectare,True,Ibirá,SP
3519501,Ibirarema (SP),,Quilogramas por Hectare,True,Ibirarema,SP
3519600,Ibitinga (SP),,Quilogramas por Hectare,True,Ibitinga,SP
3519709,Ibiúna (SP),,Quilogramas por Hectare,True,Ibiúna,SP
3519808,Icém (SP),,Quilogramas por Hectare,True,Icém,SP
3519907,Iepê (SP),,Quilogramas por Hectare,True,Iepê,SP
3520004,Igaraçu do Tietê (SP),,Quilogramas por Hectare,True,Igaraçu do Tietê,SP
3520103,Igarapava (SP),,Quilogramas por Hectare,True,Igarapava,SP
3520202,Igaratá (SP),,Quilogramas por Hectare,True,Igaratá,SP
3520301,Iguape (SP),,Quilogramas por Hectare,True,Iguape,SP
3520400,Ilhabela (SP),,Quilogramas por Hectare,True,Ilhabela,SP
3520442,Ilha Solteira (SP),,Quilogramas por Hectare,True,Ilha Solteira,SP
3520509,Indaiatuba (SP),,Quilogramas por Hectare,True,Indaiatuba,SP
3520608,Indiana (SP),,Quilogramas por Hectare,True,Indiana,SP
3520707,Indiaporã (SP),,Quilogramas por Hectare,True,Indiaporã,SP
3520806,Inúbia Paulista (SP),,Quilogramas por Hectare,True,Inúbia Paulista,SP
3520905,Ipaussu (SP),,Quilogramas por Hectare,True,Ipaussu,SP
3521002,Iperó (SP),,Quilogramas por Hectare,True,Iperó,SP
3521101,Ipeúna (SP),,Quilogramas por Hectare,True,Ipeúna,SP
3521150,Ipiguá (SP),,Quilogramas por Hectare,True,Ipiguá,SP
3521200,Iporanga (SP),,Quilogramas por Hectare,True,Iporanga,SP
3521309,Ipuã (SP),,Quilogramas por Hectare,True,Ipuã,SP
3521408,Iracemápolis (SP),,Quilogramas por Hectare,True,Iracemápolis,SP
3521507,Irapuã (SP),,Quilogramas por Hectare,True,Irapuã,SP
3521606,Irapuru (SP),,Quilogramas por Hectare,True,Irapuru,SP
3521705,Itaberá (SP),,Quilogramas por Hectare,True,Itaberá,SP
3521804,Itaí (SP),,Quilogramas por Hectare,True,Itaí,SP
3521903,Itajobi (SP),,Quilogramas por Hectare,True,Itajobi,SP
3522000,Itaju (SP),,Quilogramas por Hectare,True,Itaju,SP
3522109,Itanhaém (SP),,Quilogramas por Hectare,True,Itanhaém,SP
3522158,Itaoca (SP),,Quilogramas por Hectare,True,Itaoca,SP
3522208,Itapecerica da Serra (SP),,Quilogramas por Hectare,True,Itapecerica da Serra,SP
3522307,Itapetininga (SP),,Quilogramas por Hectare,True,Itapetininga,SP
3522406,Itapeva (SP),,Quilogramas por Hectare,True,Itapeva,SP
3522505,Itapevi (SP),,Quilogramas por Hectare,True,Itapevi,SP
3522604,Itapira (SP),,Quilogramas por Hectare,True,Itapira,SP
3522653,Itapirapuã Paulista (SP),,Quilogramas por Hectare,True,Itapirapuã Paulista,SP
3522703,Itápolis (SP),,Quilogramas por Hectare,True,Itápolis,SP
3522802,Itaporanga (SP),,Quilogramas por Hectare,True,Itaporanga,SP
3522901,Itapuí (SP),,Quilogramas por Hectare,True,Itapuí,SP
3523008,Itapura (SP),,Quilogramas por Hectare,True,Itapura,SP
3523107,Itaquaquecetuba (SP),,Quilogramas por Hectare,True,Itaquaquecetuba,SP
3523206,Itararé (SP),,Quilogramas por Hectare,True,Itararé,SP
3523305,Itariri (SP),,Quilogramas por Hectare,True,Itariri,SP
3523404,Itatiba (SP),,Quilogramas por Hectare,True,Itatiba,SP
3523503,Itatinga (SP),,Quilogramas por Hectare,True,Itatinga,SP
3523602,Itirapina (SP),,Quilogramas por Hectare,True,Itirapina,SP
3523701,Itirapuã (SP),,Quilogramas por Hectare,True,Itirapuã,SP
3523800,Itobi (SP),,Quilogramas por Hectare,True,Itobi,SP
3523909,Itu (SP),,Quilogramas por Hectare,True,Itu,SP
3524006,Itupeva (SP),,Quilogramas por Hectare,True,Itupeva,SP
3524105,Ituverava (SP),,Quilogramas por Hectare,True,Ituverava,SP
3524204,Jaborandi (SP),,Quilogramas por Hectare,True,Jaborandi,SP
3524303,Jaboticabal (SP),,Quilogramas por Hectare,True,Jaboticabal,SP
3524402,Jacareí (SP),,Quilogramas por Hectare,True,Jacareí,SP
3524501,Jaci (SP),,Quilogramas por Hectare,True,Jaci,SP
3524600,Jacupiranga (SP),,Quilogramas por Hectare,True,Jacupiranga,SP
3524709,Jaguariúna (SP),,Quilogramas por Hectare,True,Jaguariúna,SP
3524808,Jales (SP),,Quilogramas por Hectare,True,Jales,SP
3524907,Jambeiro (SP),,Quilogramas por Hectare,True,Jambeiro,SP
3525003,Jandira (SP),,Quilogramas por Hectare,True,Jandira,SP
3525102,Jardinópolis (SP),,Quilogramas por Hectare,True,Jardinópolis,SP
3525201,Jarinu (SP),,Quilogramas por Hectare,True,Jarinu,SP
3525300,Jaú (SP),,Quilogramas por Hectare,True,Jaú,SP
3525409,Jeriquara (SP),,Quilogramas por Hectare,True,Jeriquara,SP
3525508,Joanópolis (SP),,Quilogramas por Hectare,True,Joanópolis,SP
3525607,João Ramalho (SP),,Quilogramas por Hectare,True,João Ramalho,SP
3525706,José Bonifácio (SP),,Quilogramas por Hectare,True,José Bonifácio,SP
3525805,Júlio Mesquita (SP),,Quilogramas por Hectare,True,Júlio Mesquita,SP
3525854,Jumirim (SP),,Quilogramas por Hectare,True,Jumirim,SP
3525904,Jundiaí (SP),,Quilogramas por Hectare,True,Jundiaí,SP
3526001,Junqueirópolis (SP),,Quilogramas por Hectare,True,Junqueirópolis,SP
3526100,Juquiá (SP),,Quilogramas por Hectare,True,Juquiá,SP
3526209,Juquitiba (SP),,Quilogramas por Hectare,True,Juquitiba,SP
3526308,Lagoinha (SP),,Quilogramas por Hectare,True,Lagoinha,SP
3526407,Laranjal Paulista (SP),,Quilogramas por Hectare,True,Laranjal Paulista,SP
3526506,Lavínia (SP),,Quilogramas por Hectare,True,Lavínia,SP
3526605,Lavrinhas (SP),,Quilogramas por Hectare,True,Lavrinhas,SP
3526704,Leme (SP),,Quilogramas por Hectare,True,Leme,SP
3526803,Lençóis Paulista (SP),,Quilogramas por Hectare,True,Lençóis Paulista,SP
3526902,Limeira (SP),,Quilogramas por Hectare,True,Limeira,SP
3527009,Lindóia (SP),,Quilogramas por Hectare,True,Lindóia,SP
3527108,Lins (SP),,Quilogramas por Hectare,True,Lins,SP
3527207,Lorena (SP),,Quilogramas por Hectare,True,Lorena,SP
3527256,Lourdes (SP),,Quilogramas por Hectare,True,Lourdes,SP
3527306,Louveira (SP),,Quilogramas por Hectare,True,Louveira,SP
3527405,Lucélia (SP),,Quilogramas por Hectare,True,Lucélia,SP
3527504,Lucianópolis (SP),,Quilogramas por Hectare,True,Lucianópolis,SP
3527603,Luís Antônio (SP),,Quilogramas por Hectare,True,Luís Antônio,SP
3527702,Luiziânia (SP),,Quilogramas por Hectare,True,Luiziânia,SP
3527801,Lupércio (SP),,Quilogramas por Hectare,True,Lupércio,SP
3527900,Lutécia (SP),,Quilogramas por Hectare,True,Lutécia,SP
3528007,Macatuba (SP),,Quilogramas por Hectare,True,Macatuba,SP
3528106,Macaubal (SP),,Quilogramas por Hectare,True,Macaubal,SP
3528205,Macedônia (SP),,Quilogramas por Hectare,True,Macedônia,SP
3528304,Magda (SP),,Quilogramas por Hectare,True,Magda,SP
3528403,Mairinque (SP),,Quilogramas por Hectare,True,Mairinque,SP
3528502,Mairiporã (SP),,Quilogramas por Hectare,True,Mairiporã,SP
3528601,Manduri (SP),,Quilogramas por Hectare,True,Manduri,SP
3528700,Marabá Paulista (SP),,Quilogramas por Hectare,True,Marabá Paulista,SP
3528809,Maracaí (SP),,Quilogramas por Hectare,True,Maracaí,SP
3528858,Marapoama (SP),,Quilogramas por Hectare,True,Marapoama,SP
3528908,Mariápolis (SP),,Quilogramas por Hectare,True,Mariápolis,SP
3529005,Marília (SP),,Quilogramas por Hectare,True,Marília,SP
3529104,Marinópolis (SP),,Quilogramas por Hectare,True,Marinópolis,SP
3529203,Martinópolis (SP),,Quilogramas por Hectare,True,Martinópolis,SP
3529302,Matão (SP),,Quilogramas por Hectare,True,Matão,SP
3529401,Mauá (SP),,Quilogramas por Hectare,True,Mauá,SP
3529500,Mendonça (SP),,Quilogramas por Hectare,True,Mendonça,SP
3529609,Meridiano (SP),,Quilogramas por Hectare,True,Meridiano,SP
3529658,Mesópolis (SP),,Quilogramas por Hectare,True,Mesópolis,SP
3529708,Miguelópolis (SP),,Quilogramas por Hectare,True,Miguelópolis,SP
3529807,Mineiros do Tietê (SP),,Quilogramas por Hectare,True,Mineiros do Tietê,SP
3529906,Miracatu (SP),,Quilogramas por Hectare,True,Miracatu,SP
3530003,Mira Estrela (SP),,Quilogramas por Hectare,True,Mira Estrela,SP
3530102,Mirandópolis (SP),,Quilogramas por Hectare,True,Mirandópolis,SP
3530201,Mirante do Paranapanema (SP),,Quilogramas por Hectare,True,Mirante do Paranapanema,SP
3530300,Mirassol (SP),,Quilogramas por Hectare,True,Mirassol,SP
3530409,Mirassolândia (SP),,Quilogramas por Hectare,True,Mirassolândia,SP
3530508,Mococa (SP),,Quilogramas por Hectare,True,Mococa,SP
3530607,Mogi das Cruzes (SP),,Quilogramas por Hectare,True,Mogi das Cruzes,SP
3530706,Mogi Guaçu (SP),,Quilogramas por Hectare,True,Mogi Guaçu,SP
3530805,Mogi Mirim (SP),,Quilogramas por Hectare,True,Mogi Mirim,SP
3530904,Mombuca (SP),,Quilogramas por Hectare,True,Mombuca,SP
3531001,Monções (SP),,Quilogramas por Hectare,True,Monções,SP
3531100,Mongaguá (SP),,Quilogramas por Hectare,True,Mongaguá,SP
3531209,Monte Alegre do Sul (SP),,Quilogramas por Hectare,True,Monte Alegre do Sul,SP
3531308,Monte Alto (SP),,Quilogramas por Hectare,True,Monte Alto,SP
3531407,Monte Aprazível (SP),,Quilogramas por Hectare,True,Monte Aprazível,SP
3531506,Monte Azul Paulista (SP),,Quilogramas por Hectare,True,Monte Azul Paulista,SP
3531605,Monte Castelo (SP),,Quilogramas por Hectare,True,Monte Castelo,SP
3531704,Monteiro Lobato (SP),,Quilogramas por Hectare,True,Monteiro Lobato,SP
3531803,Monte Mor (SP),,Quilogramas por Hectare,True,Monte Mor,SP
3531902,Morro Agudo (SP),,Quilogramas por Hectare,True,Morro Agudo,SP
3532009,Morungaba (SP),,Quilogramas por Hectare,True,Morungaba,SP
3532058,Motuca (SP),,Quilogramas por Hectare,True,Motuca,SP
3532108,Murutinga do Sul (SP),,Quilogramas por Hectare,True,Murutinga do Sul,SP
3532157,Nantes (SP),,Quilogramas por Hectare,True,Nantes,SP
3532207,Narandiba (SP),,Quilogramas por Hectare,True,Narandiba,SP
3532306,Natividade da Serra (SP),,Quilogramas por Hectare,True,Natividade da Serra,SP
3532405,Nazaré Paulista (SP),,Quilogramas por Hectare,True,Nazaré Paulista,SP
3532504,Neves Paulista (SP),,Quilogramas por Hectare,True,Neves Paulista,SP
3532603,Nhandeara (SP),,Quilogramas por Hectare,True,Nhandeara,SP
3532702,Nipoã (SP),,Quilogramas por Hectare,True,Nipoã,SP
3532801,Nova Aliança (SP),,Quilogramas por Hectare,True,Nova Aliança,SP
3532827,Nova Campina (SP),,Quilogramas por Hectare,True,Nova Campina,SP
3532843,Nova Canaã Paulista (SP),,Quilogramas por Hectare,True,Nova Canaã Paulista,SP
3532868,Nova Castilho (SP),,Quilogramas por Hectare,True,Nova Castilho,SP
3532900,Nova Europa (SP),,Quilogramas por Hectare,True,Nova Europa,SP
3533007,Nova Granada (SP),,Quilogramas por Hectare,True,Nova Granada,SP
3533106,Nova Guataporanga (SP),,Quilogramas por Hectare,True,Nova Guataporanga,SP
3533205,Nova Independência (SP),,Quilogramas por Hectare,True,Nova Independência,SP
3533254,Novais (SP),,Quilogramas por Hectare,True,Novais,SP
3533304,Nova Luzitânia (SP),,Quilogramas por Hectare,True,Nova Luzitânia,SP
3533403,Nova Odessa (SP),,Quilogramas por Hectare,True,Nova Odessa,SP
3533502,Novo Horizonte (SP),,Quilogramas por Hectare,True,Novo Horizonte,SP
3533601,Nuporanga (SP),,Quilogramas por Hectare,True,Nuporanga,SP
3533700,Ocauçu (SP),,Quilogramas por Hectare,True,Ocauçu,SP
3533809,Óleo (SP),,Quilogramas por Hectare,True,Óleo,SP
3533908,Olímpia (SP),,Quilogramas por Hectare,True,Olímpia,SP
3534005,Onda Verde (SP),,Quilogramas por Hectare,True,Onda Verde,SP
3534104,Oriente (SP),,Quilogramas por Hectare,True,Oriente,SP
3534203,Orindiúva (SP),,Quilogramas por Hectare,True,Orindiúva,SP
3534302,Orlândia (SP),,Quilogramas por Hectare,True,Orlândia,SP
3534500,Oscar Bressane (SP),,Quilogramas por Hectare,True,Oscar Bressane,SP
3534609,Osvaldo Cruz (SP),,Quilogramas por Hectare,True,Osvaldo Cruz,SP
3534708,Ourinhos (SP),,Quilogramas por Hectare,True,Ourinhos,SP
3534757,Ouroeste (SP),,Quilogramas por Hectare,True,Ouroeste,SP
3534807,Ouro Verde (SP),,Quilogramas por Hectare,True,Ouro Verde,SP
3534906,Pacaembu (SP),,Quilogramas por Hectare,True,Pacaembu,SP
3535002,Palestina (SP),,Quilogramas por Hectare,True,Palestina,SP
3535101,Palmares Paulista (SP),,Quilogramas por Hectare,True,Palmares Paulista,SP
3535200,Palmeira d'Oeste (SP),,Quilogramas por Hectare,True,Palmeira d'Oeste,SP
3535309,Palmital (SP),,Quilogramas por Hectare,True,Palmital,SP
3535408,Panorama (SP),,Quilogramas por Hectare,True,Panorama,SP
3535507,Paraguaçu Paulista (SP),,Quilogramas por Hectare,True,Paraguaçu Paulista,SP
3535606,Paraibuna (SP),,Quilogramas por Hectare,True,Paraibuna,SP
3535705,Paraíso (SP),,Quilogramas por Hectare,True,Paraíso,SP
3535804,Paranapanema (SP),,Quilogramas por Hectare,True,Paranapanema,SP
3535903,Paranapuã (SP),,Quilogramas por Hectare,True,Paranapuã,SP
3536000,Parapuã (SP),,Quilogramas por Hectare,True,Parapuã,SP
3536109,Pardinho (SP),,Quilogramas por Hectare,True,Pardinho,SP
3536208,Pariquera-Açu (SP),,Quilogramas por Hectare,True,Pariquera-Açu,SP
3536257,Parisi (SP),,Quilogramas por Hectare,True,Parisi,SP
3536307,Patrocínio Paulista (SP),,Quilogramas por Hectare,True,Patrocínio Paulista,SP
3536406,Paulicéia (SP),,Quilogramas por Hectare,True,Paulicéia,SP
3536505,Paulínia (SP),,Quilogramas por Hectare,True,Paulínia,SP
3536570,Paulistânia (SP),,Quilogramas por Hectare,True,Paulistânia,SP
3536604,Paulo de Faria (SP),,Quilogramas por Hectare,True,Paulo de Faria,SP
3536703,Pederneiras (SP),,Quilogramas por Hectare,True,Pederneiras,SP
3536802,Pedra Bela (SP),,Quilogramas por Hectare,True,Pedra Bela,SP
3536901,Pedranópolis (SP),,Quilogramas por Hectare,True,Pedranópolis,SP
3537008,Pedregulho (SP),,Quilogramas por Hectare,True,Pedregulho,SP
3537107,Pedreira (SP),,Quilogramas por Hectare,True,Pedreira,SP
3537156,Pedrinhas Paulista (SP),,Quilogramas por Hectare,True,Pedrinhas Paulista,SP
3537206,Pedro de Toledo (SP),,Quilogramas por Hectare,True,Pedro de Toledo,SP
3537305,Penápolis (SP),,Quilogramas por Hectare,True,Penápolis,SP
3537404,Pereira Barreto (SP),,Quilogramas por Hectare,True,Pereira Barreto,SP
3537503,Pereiras (SP),,Quilogramas por Hectare,True,Pereiras,SP
3537602,Peruíbe (SP),,Quilogramas por Hectare,True,Peruíbe,SP
3537701,Piacatu (SP),,Quilogramas por Hectare,True,Piacatu,SP
3537800,Piedade (SP),,Quilogramas por Hectare,True,Piedade,SP
3537909,Pilar do Sul (SP),,Quilogramas por Hectare,True,Pilar do Sul,SP
3538006,Pindamonhangaba (SP),,Quilogramas por Hectare,True,Pindamonhangaba,SP
3538105,Pindorama (SP),,Quilogramas por Hectare,True,Pindorama,SP
3538204,Pinhalzinho (SP),,Quilogramas por Hectare,True,Pinhalzinho,SP
3538303,Piquerobi (SP),,Quilogramas por Hectare,True,Piquerobi,SP
3538501,Piquete (SP),,Quilogramas por Hectare,True,Piquete,SP
3538600,Piracaia (SP),,Quilogramas por Hectare,True,Piracaia,SP
3538709,Piracicaba (SP),,Quilogramas por Hectare,True,Piracicaba,SP
3538808,Piraju (SP),,Quilogramas por Hectare,True,Piraju,SP
3538907,Pirajuí (SP),,Quilogramas por Hectare,True,Pirajuí,SP
3539004,Pirangi (SP),,Quilogramas por Hectare,True,Pirangi,SP
3539103,Pirapora do Bom Jesus (SP),,Quilogramas por Hectare,True,Pirapora do Bom Jesus,SP
3539202,Pirapozinho (SP),,Quilogramas por Hectare,True,Pirapozinho,SP
3539301,Pirassununga (SP),,Quilogramas por Hectare,True,Pirassununga,SP
3539400,Piratininga (SP),,Quilogramas por Hectare,True,Piratininga,SP
3539509,Pitangueiras (SP),,Quilogramas por Hectare,True,Pitangueiras,SP
3539608,Planalto (SP),,Quilogramas por Hectare,True,Planalto,SP
3539707,Platina (SP),,Quilogramas por Hectare,True,Platina,SP
3539806,Poá (SP),,Quilogramas por Hectare,True,Poá,SP
3539905,Poloni (SP),,Quilogramas por Hectare,True,Poloni,SP
3540002,Pompéia (SP),,Quilogramas por Hectare,True,Pompéia,SP
3540101,Pongaí (SP),,Quilogramas por Hectare,True,Pongaí,SP
3540200,Pontal (SP),,Quilogramas por Hectare,True,Pontal,SP
3540259,Pontalinda (SP),,Quilogramas por Hectare,True,Pontalinda,SP
3540309,Pontes Gestal (SP),,Quilogramas por Hectare,True,Pontes Gestal,SP
3540408,Populina (SP),,Quilogramas por Hectare,True,Populina,SP
3540507,Porangaba (SP),,Quilogramas por Hectare,True,Porangaba,SP
3540606,Porto Feliz (SP),,Quilogramas por Hectare,True,Porto Feliz,SP
3540705,Porto Ferreira (SP),,Quilogramas por Hectare,True,Porto Ferreira,SP
3540754,Potim (SP),,Quilogramas por Hectare,True,Potim,SP
3540804,Potirendaba (SP),,Quilogramas por Hectare,True,Potirendaba,SP
3540853,Pracinha (SP),,Quilogramas por Hectare,True,Pracinha,SP
3540903,Pradópolis (SP),,Quilogramas por Hectare,True,Pradópolis,SP
3541000,Praia Grande (SP),,Quilogramas por Hectare,True,Praia Grande,SP
3541059,Pratânia (SP),,Quilogramas por Hectare,True,Pratânia,SP
3541109,Presidente Alves (SP),,Quilogramas por Hectare,True,Presidente Alves,SP
3541208,Presidente Bernardes (SP),,Quilogramas por Hectare,True,Presidente Bernardes,SP
3541307,Presidente Epitácio (SP),,Quilogramas por Hectare,True,Presidente Epitácio,SP
3541406,Presidente Prudente (SP),,Quilogramas por Hectare,True,Presidente Prudente,SP
3541505,Presidente Venceslau (SP),,Quilogramas por Hectare,True,Presidente Venceslau,SP
3541604,Promissão (SP),,Quilogramas por Hectare,True,Promissão,SP
3541653,Quadra (SP),,Quilogramas por Hectare,True,Quadra,SP
3541703,Quatá (SP),,Quilogramas por Hectare,True,Quatá,SP
3541802,Queiroz (SP),,Quilogramas por Hectare,True,Queiroz,SP
3541901,Queluz (SP),,Quilogramas por Hectare,True,Queluz,SP
3542008,Quintana (SP),,Quilogramas por Hectare,True,Quintana,SP
3542107,Rafard (SP),,Quilogramas por Hectare,True,Rafard,SP
3542206,Rancharia (SP),,Quilogramas por Hectare,True,Rancharia,SP
3542305,Redenção da Serra (SP),,Quilogramas por Hectare,True,Redenção da Serra,SP
3542404,Regente Feijó (SP),,Quilogramas por Hectare,True,Regente Feijó,SP
3542503,Reginópolis (SP),,Quilogramas por Hectare,True,Reginópolis,SP
3542602,Registro (SP),,Quilogramas por Hectare,True,Registro,SP
3542701,Restinga (SP),,Quilogramas por Hectare,True,Restinga,SP
3542800,Ribeira (SP),,Quilogramas por Hectare,True,Ribeira,SP
3542909,Ribeirão Bonito (SP),,Quilogramas por Hectare,True,Ribeirão Bonito,SP
3543006,Ribeirão Branco (SP),,Quilogramas por Hectare,True,Ribeirão Branco,SP
3543105,Ribeirão Corrente (SP),,Quilogramas por Hectare,True,Ribeirão Corrente,SP
3543204,Ribeirão do Sul (SP),,Quilogramas por Hectare,True,Ribeirão do Sul,SP
3543238,Ribeirão dos Índios (SP),,Quilogramas por Hectare,True,Ribeirão dos Índios,SP
3543253,Ribeirão Grande (SP),,Quilogramas por Hectare,True,Ribeirão Grande,SP
3543303,Ribeirão Pires (SP),,Quilogramas por Hectare,True,Ribeirão Pires,SP
3543402,Ribeirão Preto (SP),,Quilogramas por Hectare,True,Ribeirão Preto,SP
3543501,Riversul (SP),,Quilogramas por Hectare,True,Riversul,SP
3543600,Rifaina (SP),,Quilogramas por Hectare,True,Rifaina,SP
3543709,Rincão (SP),,Quilogramas por Hectare,True,Rincão,SP
3543808,Rinópolis (SP),,Quilogramas por Hectare,True,Rinópolis,SP
3543907,Rio Claro (SP),,Quilogramas por Hectare,True,Rio Claro,SP
3544004,Rio das Pedras (SP),,Quilogramas por Hectare,True,Rio das Pedras,SP
3544202,Riolândia (SP),,Quilogramas por Hectare,True,Riolândia,SP
3544251,Rosana (SP),,Quilogramas por Hectare,True,Rosana,SP
3544301,Roseira (SP),,Quilogramas por Hectare,True,Roseira,SP
3544400,Rubiácea (SP),,Quilogramas por Hectare,True,Rubiácea,SP
3544509,Rubinéia (SP),,Quilogramas por Hectare,True,Rubinéia,SP
3544608,Sabino (SP),,Quilogramas por Hectare,True,Sabino,SP
3544707,Sagres (SP),,Quilogramas por Hectare,True,Sagres,SP
3544806,Sales (SP),,Quilogramas por Hectare,True,Sales,SP
3544905,Sales Oliveira (SP),,Quilogramas por Hectare,True,Sales Oliveira,SP
3545001,Salesópolis (SP),,Quilogramas por Hectare,True,Salesópolis,SP
3545100,Salmourão (SP),,Quilogramas por Hectare,True,Salmourão,SP
3545159,Saltinho (SP),,Quilogramas por Hectare,True,Saltinho,SP
3545209,Salto (SP),,Quilogramas por Hectare,True,Salto,SP
3545308,Salto de Pirapora (SP),,Quilogramas por Hectare,True,Salto de Pirapora,SP
3545407,Salto Grande (SP),,Quilogramas por Hectare,True,Salto Grande,SP
3545506,Sandovalina (SP),,Quilogramas por Hectare,True,Sandovalina,SP
3545605,Santa Adélia (SP),,Quilogramas por Hectare,True,Santa Adélia,SP
3545704,Santa Albertina (SP),,Quilogramas por Hectare,True,Santa Albertina,SP
3545803,Santa Bárbara d'Oeste (SP),,Quilogramas por Hectare,True,Santa Bárbara d'Oeste,SP
3546009,Santa Branca (SP),,Quilogramas por Hectare,True,Santa Branca,SP
3546108,Santa Clara d'Oeste (SP),,Quilogramas por Hectare,True,Santa Clara d'Oeste,SP
3546207,Santa Cruz da Conceição (SP),,Quilogramas por Hectare,True,Santa Cruz da Conceição,SP
3546256,Santa Cruz da Esperança (SP),,Quilogramas por Hectare,True,Santa Cruz da Esperança,SP
3546306,Santa Cruz das Palmeiras (SP),,Quilogramas por Hectare,True,Santa Cruz das Palmeiras,SP
3546405,Santa Cruz do Rio Pardo (SP),,Quilogramas por Hectare,True,Santa Cruz do Rio Pardo,SP
3546504,Santa Ernestina (SP),,Quilogramas por Hectare,True,Santa Ernestina,SP
3546603,Santa Fé do Sul (SP),,Quilogramas por Hectare,True,Santa Fé do Sul,SP
3546702,Santa Gertrudes (SP),,Quilogramas por Hectare,True,Santa Gertrudes,SP
3546801,Santa Isabel (SP),,Quilogramas por Hectare,True,Santa Isabel,SP
3546900,Santa Lúcia (SP),,Quilogramas por Hectare,True,Santa Lúcia,SP
3547007,Santa Maria da Serra (SP),,Quilogramas por Hectare,True,Santa Maria da Serra,SP
3547106,Santa Mercedes (SP),,Quilogramas por Hectare,True,Santa Mercedes,SP
3547205,Santana da Ponte Pensa (SP),,Quilogramas por Hectare,True,Santana da Ponte Pensa,SP
3547304,Santana de Parnaíba (SP),,Quilogramas por Hectare,True,Santana de Parnaíba,SP
3547403,Santa Rita d'Oeste (SP),,Quilogramas por Hectare,True,Santa Rita d'Oeste,SP
3547502,Santa Rita do Passa Quatro (SP),,Quilogramas por Hectare,True,Santa Rita do Passa Quatro,SP
3547601,Santa Rosa de Viterbo (SP),,Quilogramas por Hectare,True,Santa Rosa de Viterbo,SP
3547650,Santa Salete (SP),,Quilogramas por Hectare,True,Santa Salete,SP
3547700,Santo Anastácio (SP),,Quilogramas por Hectare,True,Santo Anastácio,SP
3547908,Santo Antônio da Alegria (SP),,Quilogramas por Hectare,True,Santo Antônio da Alegria,SP
3548005,Santo Antônio de Posse (SP),,Quilogramas por Hectare,True,Santo Antônio de Posse,SP
3548054,Santo Antônio do Aracanguá (SP),,Quilogramas por Hectare,True,Santo Antônio do Aracanguá,SP
3548104,Santo Antônio do Jardim (SP),,Quilogramas por Hectare,True,Santo Antônio do Jardim,SP
3548203,Santo Antônio do Pinhal (SP),,Quilogramas por Hectare,True,Santo Antônio do Pinhal,SP
3548302,Santo Expedito (SP),,Quilogramas por Hectare,True,Santo Expedito,SP
3548401,Santópolis do Aguapeí (SP),,Quilogramas por Hectare,True,Santópolis do Aguapeí,SP
3548500,Santos (SP),,Quilogramas por Hectare,True,Santos,SP
3548609,São Bento do Sapucaí (SP),,Quilogramas por Hectare,True,São Bento do Sapucaí,SP
3548708,São Bernardo do Campo (SP),,Quilogramas por Hectare,True,São Bernardo do Campo,SP
3548906,São Carlos (SP),,Quilogramas por Hectare,True,São Carlos,SP
3549003,São Francisco (SP),,Quilogramas por Hectare,True,São Francisco,SP
3549102,São João da Boa Vista (SP),,Quilogramas por Hectare,True,São João da Boa Vista,SP
3549201,São João das Duas Pontes (SP),,Quilogramas por Hectare,True,São João das Duas Pontes,SP
3549250,São João de Iracema (SP),,Quilogramas por Hectare,True,São João de Iracema,SP
3549300,São João do Pau d'Alho (SP),,Quilogramas por Hectare,True,São João do Pau d'Alho,SP
3549409,São Joaquim da Barra (SP),,Quilogramas por Hectare,True,São Joaquim da Barra,SP
3549508,São José da Bela Vista (SP),,Quilogramas por Hectare,True,São José da Bela Vista,SP
3549607,São José do Barreiro (SP),,Quilogramas por Hectare,True,São José do Barreiro,SP
3549706,São José do Rio Pardo (SP),,Quilogramas por Hectare,True,São José do Rio Pardo,SP
3549805,São José do Rio Preto (SP),,Quilogramas por Hectare,True,São José do Rio Preto,SP
3549904,São José dos Campos (SP),,Quilogramas por Hectare,True,São José dos Campos,SP
3549953,São Lourenço da Serra (SP),,Quilogramas por Hectare,True,São Lourenço da Serra,SP
3550001,São Luiz do Paraitinga (SP),,Quilogramas por Hectare,True,São Luiz do Paraitinga,SP
3550100,São Manuel (SP),,Quilogramas por Hectare,True,São Manuel,SP
3550209,São Miguel Arcanjo (SP),,Quilogramas por Hectare,True,São Miguel Arcanjo,SP
3550308,São Paulo (SP),,Quilogramas por Hectare,True,São Paulo,SP
3550407,São Pedro (SP),,Quilogramas por Hectare,True,São Pedro,SP
3550506,São Pedro do Turvo (SP),,Quilogramas por Hectare,True,São Pedro do Turvo,SP
3550605,São Roque (SP),,Quilogramas por Hectare,True,São Roque,SP
3550704,São Sebastião (SP),,Quilogramas por Hectare,True,São Sebastião,SP
3550803,São Sebastião da Grama (SP),,Quilogramas por Hectare,True,São Sebastião da Grama,SP
3550902,São Simão (SP),,Quilogramas por Hectare,True,São Simão,SP
3551009,São Vicente (SP),,Quilogramas por Hectare,True,São Vicente,SP
3551108,Sarapuí (SP),,Quilogramas por Hectare,True,Sarapuí,SP
3551207,Sarutaiá (SP),,Quilogramas por Hectare,True,Sarutaiá,SP
3551306,Sebastianópolis do Sul (SP),,Quilogramas por Hectare,True,Sebastianópolis do Sul,SP
3551405,Serra Azul (SP),,Quilogramas por Hectare,True,Serra Azul,SP
3551504,Serrana (SP),,Quilogramas por Hectare,True,Serrana,SP
3551603,Serra Negra (SP),,Quilogramas por Hectare,True,Serra Negra,SP
3551702,Sertãozinho (SP),,Quilogramas por Hectare,True,Sertãozinho,SP
3551801,Sete Barras (SP),,Quilogramas por Hectare,True,Sete Barras,SP
3551900,Severínia (SP),,Quilogramas por Hectare,True,Severínia,SP
3552007,Silveiras (SP),,Quilogramas por Hectare,True,Silveiras,SP
3552106,Socorro (SP),,Quilogramas por Hectare,True,Socorro,SP
3552205,Sorocaba (SP),,Quilogramas por Hectare,True,Sorocaba,SP
3552304,Sud Mennucci (SP),,Quilogramas por Hectare,True,Sud Mennucci,SP
3552403,Sumaré (SP),,Quilogramas por Hectare,True,Sumaré,SP
3552502,Suzano (SP),,Quilogramas por Hectare,True,Suzano,SP
3552551,Suzanápolis (SP),,Quilogramas por Hectare,True,Suzanápolis,SP
3552601,Tabapuã (SP),,Quilogramas por Hectare,True,Tabapuã,SP
3552700,Tabatinga (SP),,Quilogramas por Hectare,True,Tabatinga,SP
3552809,Taboão da Serra (SP),,Quilogramas por Hectare,True,Taboão da Serra,SP
3552908,Taciba (SP),,Quilogramas por Hectare,True,Taciba,SP
3553005,Taguaí (SP),,Quilogramas por Hectare,True,Taguaí,SP
3553104,Taiaçu (SP),,Quilogramas por Hectare,True,Taiaçu,SP
3553203,Taiúva (SP),,Quilogramas por Hectare,True,Taiúva,SP
3553302,Tambaú (SP),,Quilogramas por Hectare,True,Tambaú,SP
3553401,Tanabi (SP),,Quilogramas por Hectare,True,Tanabi,SP
3553500,Tapiraí (SP),,Quilogramas por Hectare,True,Tapiraí,SP
3553609,Tapiratiba (SP),,Quilogramas por Hectare,True,Tapiratiba,SP
3553658,Taquaral (SP),,Quilogramas por Hectare,True,Taquaral,SP
3553708,Taquaritinga (SP),,Quilogramas por Hectare,True,Taquaritinga,SP
3553807,Taquarituba (SP),,Quilogramas por Hectare,True,Taquarituba,SP
3553856,Taquarivaí (SP),,Quilogramas por Hectare,True,Taquarivaí,SP
3553906,Tarabai (SP),,Quilogramas por Hectare,True,Tarabai,SP
3553955,Tarumã (SP),,Quilogramas por Hectare,True,Tarumã,SP
3554003,Tatuí (SP),,Quilogramas por Hectare,True,Tatuí,SP
3554102,Taubaté (SP),,Quilogramas por Hectare,True,Taubaté,SP
3554201,Tejupá (SP),,Quilogramas por Hectare,True,Tejupá,SP
3554300,Teodoro Sampaio (SP),,Quilogramas por Hectare,True,Teodoro Sampaio,SP
3554409,Terra Roxa (SP),,Quilogramas por Hectare,True,Terra Roxa,SP
3554508,Tietê (SP),,Quilogramas por Hectare,True,Tietê,SP
3554607,Timburi (SP),,Quilogramas por Hectare,True,Timburi,SP
3554656,Torre de Pedra (SP),,Quilogramas por Hectare,True,Torre de Pedra,SP
3554706,Torrinha (SP),,Quilogramas por Hectare,True,Torrinha,SP
3554755,Trabiju (SP),,Quilogramas por Hectare,True,Trabiju,SP
3554805,Tremembé (SP),,Quilogramas por Hectare,True,Tremembé,SP
3554904,Três Fronteiras (SP),,Quilogramas por Hectare,True,Três Fronteiras,SP
3554953,Tuiuti (SP),,Quilogramas por Hectare,True,Tuiuti,SP
3555000,Tupã (SP),,Quilogramas por Hectare,True,Tupã,SP
3555109,Tupi Paulista (SP),,Quilogramas por Hectare,True,Tupi Paulista,SP
3555208,Turiúba (SP),,Quilogramas por Hectare,True,Turiúba,SP
3555307,Turmalina (SP),,Quilogramas por Hectare,True,Turmalina,SP
3555356,Ubarana (SP),,Quilogramas por Hectare,True,Ubarana,SP
3555406,Ubatuba (SP),,Quilogramas por Hectare,True,Ubatuba,SP
3555505,Ubirajara (SP),,Quilogramas por Hectare,True,Ubirajara,SP
3555604,Uchoa (SP),,Quilogramas por Hectare,True,Uchoa,SP
3555703,União Paulista (SP),,Quilogramas por Hectare,True,União Paulista,SP
3555802,Urânia (SP),,Quilogramas por Hectare,True,Urânia,SP
3555901,Uru (SP),,Quilogramas por Hectare,True,Uru,SP
3556008,Urupês (SP),,Quilogramas por Hectare,True,Urupês,SP
3556107,Valentim Gentil (SP),,Quilogramas por Hectare,True,Valentim Gentil,SP
3556206,Valinhos (SP),,Quilogramas por Hectare,True,Valinhos,SP
3556305,Valparaíso (SP),,Quilogramas por Hectare,True,Valparaíso,SP
3556354,Vargem (SP),,Quilogramas por Hectare,True,Vargem,SP
3556404,Vargem Grande do Sul (SP),,Quilogramas por Hectare,True,Vargem Grande do Sul,SP
3556453,Vargem Grande Paulista (SP),,Quilogramas por Hectare,True,Vargem Grande Paulista,SP
3556503,Várzea Paulista (SP),,Quilogramas por Hectare,True,Várzea Paulista,SP
3556602,Vera Cruz (SP),,Quilogramas por Hectare,True,Vera Cruz,SP
3556701,Vinhedo (SP),,Quilogramas por Hectare,True,Vinhedo,SP
3556800,Viradouro (SP),,Quilogramas por Hectare,True,Viradouro,SP
3556909,Vista Alegre do Alto (SP),,Quilogramas por Hectare,True,Vista Alegre do Alto,SP
3556958,Vitória Brasil (SP),,Quilogramas por Hectare,True,Vitória Brasil,SP
3557006,Votorantim (SP),,Quilogramas por Hectare,True,Votorantim,SP
3557105,Votuporanga (SP),,Quilogramas por Hectare,True,Votuporanga,SP
3557154,Zacarias (SP),,Quilogramas por Hectare,True,Zacarias,SP
3557204,Chavantes (SP),,Quilogramas por Hectare,True,Chavantes,SP
3557303,Estiva Gerbi (SP),,Quilogramas por Hectare,True,Estiva Gerbi,SP
4100103,Abatiá (PR),,Quilogramas por Hectare,True,Abatiá,PR
4100202,Adrianópolis (PR),,Quilogramas por Hectare,True,Adrianópolis,PR
4100301,Agudos do Sul (PR),,Quilogramas por Hectare,True,Agudos do Sul,PR
4100400,Almirante Tamandaré (PR),,Quilogramas por Hectare,True,Almirante Tamandaré,PR
4100459,Altamira do Paraná (PR),,Quilogramas por Hectare,True,Altamira do Paraná,PR
4100509,Altônia (PR),,Quilogramas por Hectare,True,Altônia,PR
4100608,Alto Paraná (PR),,Quilogramas por Hectare,True,Alto Paraná,PR
4100707,Alto Piquiri (PR),,Quilogramas por Hectare,True,Alto Piquiri,PR
4100806,Alvorada do Sul (PR),,Quilogramas por Hectare,True,Alvorada do Sul,PR
4100905,Amaporã (PR),,Quilogramas por Hectare,True,Amaporã,PR
4101002,Ampére (PR),,Quilogramas por Hectare,True,Ampére,PR
4101051,Anahy (PR),,Quilogramas por Hectare,True,Anahy,PR
4101101,Andirá (PR),,Quilogramas por Hectare,True,Andirá,PR
4101150,Ângulo (PR),,Quilogramas por Hectare,True,Ângulo,PR
4101200,Antonina (PR),,Quilogramas por Hectare,True,Antonina,PR
4101309,Antônio Olinto (PR),,Quilogramas por Hectare,True,Antônio Olinto,PR
4101408,Apucarana (PR),,Quilogramas por Hectare,True,Apucarana,PR
4101507,Arapongas (PR),,Quilogramas por Hectare,True,Arapongas,PR
4101606,Arapoti (PR),,Quilogramas por Hectare,True,Arapoti,PR
4101655,Arapuã (PR),,Quilogramas por Hectare,True,Arapuã,PR
4101705,Araruna (PR),,Quilogramas por Hectare,True,Araruna,PR
4101804,Araucária (PR),,Quilogramas por Hectare,True,Araucária,PR
4101853,Ariranha do Ivaí (PR),,Quilogramas por Hectare,True,Ariranha do Ivaí,PR
4101903,Assaí (PR),,Quilogramas por Hectare,True,Assaí,PR
4102000,Assis Chateaubriand (PR),,Quilogramas por Hectare,True,Assis Chateaubriand,PR
4102109,Astorga (PR),,Quilogramas por Hectare,True,Astorga,PR
4102208,Atalaia (PR),,Quilogramas por Hectare,True,Atalaia,PR
4102307,Balsa Nova (PR),,Quilogramas por Hectare,True,Balsa Nova,PR
4102406,Bandeirantes (PR),,Quilogramas por Hectare,True,Bandeirantes,PR
4102505,Barbosa Ferraz (PR),,Quilogramas por Hectare,True,Barbosa Ferraz,PR
4102604,Barracão (PR),,Quilogramas por Hectare,True,Barracão,PR
4102703,Barra do Jacaré (PR),,Quilogramas por Hectare,True,Barra do Jacaré,PR
4102752,Bela Vista da Caroba (PR),,Quilogramas por Hectare,True,Bela Vista da Caroba,PR
4102802,Bela Vista do Paraíso (PR),,Quilogramas por Hectare,True,Bela Vista do Paraíso,PR
4102901,Bituruna (PR),,Quilogramas por Hectare,True,Bituruna,PR
4103008,Boa Esperança (PR),,Quilogramas por Hectare,True,Boa Esperança,PR
4103024,Boa Esperança do Iguaçu (PR),,Quilogramas por Hectare,True,Boa Esperança do Iguaçu,PR
4103040,Boa Ventura de São Roque (PR),,Quilogramas por Hectare,True,Boa Ventura de São Roque,PR
4103057,Boa Vista da Aparecida (PR),,Quilogramas por Hectare,True,Boa Vista da Aparecida,PR
4103107,Bocaiúva do Sul (PR),,Quilogramas por Hectare,True,Bocaiúva do Sul,PR
4103156,Bom Jesus do Sul (PR),,Quilogramas por Hectare,True,Bom Jesus do Sul,PR
4103206,Bom Sucesso (PR),,Quilogramas por Hectare,True,Bom Sucesso,PR
4103222,Bom Sucesso do Sul (PR),,Quilogramas por Hectare,True,Bom Sucesso do Sul,PR
4103305,Borrazópolis (PR),,Quilogramas por Hectare,True,Borrazópolis,PR
4103354,Braganey (PR),,Quilogramas por Hectare,True,Braganey,PR
4103370,Brasilândia do Sul (PR),,Quilogramas por Hectare,True,Brasilândia do Sul,PR
4103404,Cafeara (PR),,Quilogramas por Hectare,True,Cafeara,PR
4103453,Cafelândia (PR),,Quilogramas por Hectare,True,Cafelândia,PR
4103479,Cafezal do Sul (PR),,Quilogramas por Hectare,True,Cafezal do Sul,PR
4103503,Califórnia (PR),,Quilogramas por Hectare,True,Califórnia,PR
4103602,Cambará (PR),,Quilogramas por Hectare,True,Cambará,PR
4103701,Cambé (PR),,Quilogramas por Hectare,True,Cambé,PR
4103800,Cambira (PR),,Quilogramas por Hectare,True,Cambira,PR
4103909,Campina da Lagoa (PR),,Quilogramas por Hectare,True,Campina da Lagoa,PR
4103958,Campina do Simão (PR),,Quilogramas por Hectare,True,Campina do Simão,PR
4104006,Campina Grande do Sul (PR),,Quilogramas por Hectare,True,Campina Grande do Sul,PR
4104055,Campo Bonito (PR),,Quilogramas por Hectare,True,Campo Bonito,PR
4104105,Campo do Tenente (PR),,Quilogramas por Hectare,True,Campo do Tenente,PR
4104204,Campo Largo (PR),,Quilogramas por Hectare,True,Campo Largo,PR
4104253,Campo Magro (PR),,Quilogramas por Hectare,True,Campo Magro,PR
4104303,Campo Mourão (PR),,Quilogramas por Hectare,True,Campo Mourão,PR
4104402,Cândido de Abreu (PR),,Quilogramas por Hectare,True,Cândido de Abreu,PR
4104428,Candói (PR),,Quilogramas por Hectare,True,Candói,PR
4104451,Cantagalo (PR),,Quilogramas por Hectare,True,Cantagalo,PR
4104501,Capanema (PR),,Quilogramas por Hectare,True,Capanema,PR
4104600,Capitão Leônidas Marques (PR),,Quilogramas por Hectare,True,Capitão Leônidas Marques,PR
4104659,Carambeí (PR),,Quilogramas por Hectare,True,Carambeí,PR
4104709,Carlópolis (PR),,Quilogramas por Hectare,True,Carlópolis,PR
4104808,Cascavel (PR),,Quilogramas por Hectare,True,Cascavel,PR
4104907,Castro (PR),,Quilogramas por Hectare,True,Castro,PR
4105003,Catanduvas (PR),,Quilogramas por Hectare,True,Catanduvas,PR
4105102,Centenário do Sul (PR),,Quilogramas por Hectare,True,Centenário do Sul,PR
4105201,Cerro Azul (PR),,Quilogramas por Hectare,True,Cerro Azul,PR
4105300,Céu Azul (PR),,Quilogramas por Hectare,True,Céu Azul,PR
4105409,Chopinzinho (PR),,Quilogramas por Hectare,True,Chopinzinho,PR
4105508,Cianorte (PR),,Quilogramas por Hectare,True,Cianorte,PR
4105607,Cidade Gaúcha (PR),,Quilogramas por Hectare,True,Cidade Gaúcha,PR
4105706,Clevelândia (PR),,Quilogramas por Hectare,True,Clevelândia,PR
4105805,Colombo (PR),,Quilogramas por Hectare,True,Colombo,PR
4105904,Colorado (PR),,Quilogramas por Hectare,True,Colorado,PR
4106001,Congonhinhas (PR),,Quilogramas por Hectare,True,Congonhinhas,PR
4106100,Conselheiro Mairinck (PR),,Quilogramas por Hectare,True,Conselheiro Mairinck,PR
4106209,Contenda (PR),,Quilogramas por Hectare,True,Contenda,PR
4106308,Corbélia (PR),,Quilogramas por Hectare,True,Corbélia,PR
4106407,Cornélio Procópio (PR),,Quilogramas por Hectare,True,Cornélio Procópio,PR
4106456,Coronel Domingos Soares (PR),,Quilogramas por Hectare,True,Coronel Domingos Soares,PR
4106506,Coronel Vivida (PR),,Quilogramas por Hectare,True,Coronel Vivida,PR
4106555,Corumbataí do Sul (PR),,Quilogramas por Hectare,True,Corumbataí do Sul,PR
4106571,Cruzeiro do Iguaçu (PR),,Quilogramas por Hectare,True,Cruzeiro do Iguaçu,PR
4106605,Cruzeiro do Oeste (PR),,Quilogramas por Hectare,True,Cruzeiro do Oeste,PR
4106704,Cruzeiro do Sul (PR),,Quilogramas por Hectare,True,Cruzeiro do Sul,PR
4106803,Cruz Machado (PR),,Quilogramas por Hectare,True,Cruz Machado,PR
4106852,Cruzmaltina (PR),,Quilogramas por Hectare,True,Cruzmaltina,PR
4106902,Curitiba (PR),,Quilogramas por Hectare,True,Curitiba,PR
4107009,Curiúva (PR),,Quilogramas por Hectare,True,Curiúva,PR
4107108,Diamante do Norte (PR),,Quilogramas por Hectare,True,Diamante do Norte,PR
4107124,Diamante do Sul (PR),,Quilogramas por Hectare,True,Diamante do Sul,PR
4107157,Diamante D'Oeste (PR),,Quilogramas por Hectare,True,Diamante D'Oeste,PR
4107207,Dois Vizinhos (PR),,Quilogramas por Hectare,True,Dois Vizinhos,PR
4107256,Douradina (PR),,Quilogramas por Hectare,True,Douradina,PR
4107306,Doutor Camargo (PR),,Quilogramas por Hectare,True,Doutor Camargo,PR
4107405,Enéas Marques (PR),,Quilogramas por Hectare,True,Enéas Marques,PR
4107504,Engenheiro Beltrão (PR),,Quilogramas por Hectare,True,Engenheiro Beltrão,PR
4107520,Esperança Nova (PR),,Quilogramas por Hectare,True,Esperança Nova,PR
4107538,Entre Rios do Oeste (PR),,Quilogramas por Hectare,True,Entre Rios do Oeste,PR
4107546,Espigão Alto do Iguaçu (PR),,Quilogramas por Hectare,True,Espigão Alto do Iguaçu,PR
4107553,Farol (PR),,Quilogramas por Hectare,True,Farol,PR
4107603,Faxinal (PR),,Quilogramas por Hectare,True,Faxinal,PR
4107652,Fazenda Rio Grande (PR),,Quilogramas por Hectare,True,Fazenda Rio Grande,PR
4107702,Fênix (PR),,Quilogramas por Hectare,True,Fênix,PR
4107736,Fernandes Pinheiro (PR),,Quilogramas por Hectare,True,Fernandes Pinheiro,PR
4107751,Figueira (PR),,Quilogramas por Hectare,True,Figueira,PR
4107801,Floraí (PR),,Quilogramas por Hectare,True,Floraí,PR
4107850,Flor da Serra do Sul (PR),,Quilogramas por Hectare,True,Flor da Serra do Sul,PR
4107900,Floresta (PR),,Quilogramas por Hectare,True,Floresta,PR
4108007,Florestópolis (PR),,Quilogramas por Hectare,True,Florestópolis,PR
4108106,Flórida (PR),,Quilogramas por Hectare,True,Flórida,PR
4108205,Formosa do Oeste (PR),,Quilogramas por Hectare,True,Formosa do Oeste,PR
4108304,Foz do Iguaçu (PR),,Quilogramas por Hectare,True,Foz do Iguaçu,PR
4108320,Francisco Alves (PR),,Quilogramas por Hectare,True,Francisco Alves,PR
4108403,Francisco Beltrão (PR),,Quilogramas por Hectare,True,Francisco Beltrão,PR
4108452,Foz do Jordão (PR),,Quilogramas por Hectare,True,Foz do Jordão,PR
4108502,General Carneiro (PR),,Quilogramas por Hectare,True,General Carneiro,PR
4108551,Godoy Moreira (PR),,Quilogramas por Hectare,True,Godoy Moreira,PR
4108601,Goioerê (PR),,Quilogramas por Hectare,True,Goioerê,PR
4108650,Goioxim (PR),,Quilogramas por Hectare,True,Goioxim,PR
4108700,Grandes Rios (PR),,Quilogramas por Hectare,True,Grandes Rios,PR
4108809,Guaíra (PR),,Quilogramas por Hectare,True,Guaíra,PR
4108908,Guairaçá (PR),,Quilogramas por Hectare,True,Guairaçá,PR
4108957,Guamiranga (PR),,Quilogramas por Hectare,True,Guamiranga,PR
4109005,Guapirama (PR),,Quilogramas por Hectare,True,Guapirama,PR
4109104,Guaporema (PR),,Quilogramas por Hectare,True,Guaporema,PR
4109203,Guaraci (PR),,Quilogramas por Hectare,True,Guaraci,PR
4109302,Guaraniaçu (PR),,Quilogramas por Hectare,True,Guaraniaçu,PR
4109401,Guarapuava (PR),,Quilogramas por Hectare,True,Guarapuava,PR
4109500,Guaraqueçaba (PR),,Quilogramas por Hectare,True,Guaraqueçaba,PR
4109609,Guaratuba (PR),,Quilogramas por Hectare,True,Guaratuba,PR
4109658,Honório Serpa (PR),,Quilogramas por Hectare,True,Honório Serpa,PR
4109708,Ibaiti (PR),,Quilogramas por Hectare,True,Ibaiti,PR
4109757,Ibema (PR),,Quilogramas por Hectare,True,Ibema,PR
4109807,Ibiporã (PR),,Quilogramas por Hectare,True,Ibiporã,PR
4109906,Icaraíma (PR),,Quilogramas por Hectare,True,Icaraíma,PR
4110003,Iguaraçu (PR),,Quilogramas por Hectare,True,Iguaraçu,PR
4110052,Iguatu (PR),,Quilogramas por Hectare,True,Iguatu,PR
4110078,Imbaú (PR),,Quilogramas por Hectare,True,Imbaú,PR
4110102,Imbituva (PR),,Quilogramas por Hectare,True,Imbituva,PR
4110201,Inácio Martins (PR),,Quilogramas por Hectare,True,Inácio Martins,PR
4110300,Inajá (PR),,Quilogramas por Hectare,True,Inajá,PR
4110409,Indianópolis (PR),,Quilogramas por Hectare,True,Indianópolis,PR
4110508,Ipiranga (PR),,Quilogramas por Hectare,True,Ipiranga,PR
4110607,Iporã (PR),,Quilogramas por Hectare,True,Iporã,PR
4110656,Iracema do Oeste (PR),,Quilogramas por Hectare,True,Iracema do Oeste,PR
4110706,Irati (PR),,Quilogramas por Hectare,True,Irati,PR
4110805,Iretama (PR),,Quilogramas por Hectare,True,Iretama,PR
4110904,Itaguajé (PR),,Quilogramas por Hectare,True,Itaguajé,PR
4110953,Itaipulândia (PR),,Quilogramas por Hectare,True,Itaipulândia,PR
4111001,Itambaracá (PR),,Quilogramas por Hectare,True,Itambaracá,PR
4111100,Itambé (PR),,Quilogramas por Hectare,True,Itambé,PR
4111209,Itapejara d'Oeste (PR),,Quilogramas por Hectare,True,Itapejara d'Oeste,PR
4111258,Itaperuçu (PR),,Quilogramas por Hectare,True,Itaperuçu,PR
4111308,Itaúna do Sul (PR),,Quilogramas por Hectare,True,Itaúna do Sul,PR
4111407,Ivaí (PR),,Quilogramas por Hectare,True,Ivaí,PR
4111506,Ivaiporã (PR),,Quilogramas por Hectare,True,Ivaiporã,PR
4111555,Ivaté (PR),,Quilogramas por Hectare,True,Ivaté,PR
4111605,Ivatuba (PR),,Quilogramas por Hectare,True,Ivatuba,PR
4111704,Jaboti (PR),,Quilogramas por Hectare,True,Jaboti,PR
4111803,Jacarezinho (PR),,Quilogramas por Hectare,True,Jacarezinho,PR
4111902,Jaguapitã (PR),,Quilogramas por Hectare,True,Jaguapitã,PR
4112009,Jaguariaíva (PR),,Quilogramas por Hectare,True,Jaguariaíva,PR
4112108,Jandaia do Sul (PR),,Quilogramas por Hectare,True,Jandaia do Sul,PR
4112207,Janiópolis (PR),,Quilogramas por Hectare,True,Janiópolis,PR
4112306,Japira (PR),,Quilogramas por Hectare,True,Japira,PR
4112405,Japurá (PR),,Quilogramas por Hectare,True,Japurá,PR
4112504,Jardim Alegre (PR),,Quilogramas por Hectare,True,Jardim Alegre,PR
4112603,Jardim Olinda (PR),,Quilogramas por Hectare,True,Jardim Olinda,PR
4112702,Jataizinho (PR),,Quilogramas por Hectare,True,Jataizinho,PR
4112751,Jesuítas (PR),,Quilogramas por Hectare,True,Jesuítas,PR
4112801,Joaquim Távora (PR),,Quilogramas por Hectare,True,Joaquim Távora,PR
4112900,Jundiaí do Sul (PR),,Quilogramas por Hectare,True,Jundiaí do Sul,PR
4112959,Juranda (PR),,Quilogramas por Hectare,True,Juranda,PR
4113007,Jussara (PR),,Quilogramas por Hectare,True,Jussara,PR
4113106,Kaloré (PR),,Quilogramas por Hectare,True,Kaloré,PR
4113205,Lapa (PR),,Quilogramas por Hectare,True,Lapa,PR
4113254,Laranjal (PR),,Quilogramas por Hectare,True,Laranjal,PR
4113304,Laranjeiras do Sul (PR),,Quilogramas por Hectare,True,Laranjeiras do Sul,PR
4113403,Leópolis (PR),,Quilogramas por Hectare,True,Leópolis,PR
4113429,Lidianópolis (PR),,Quilogramas por Hectare,True,Lidianópolis,PR
4113452,Lindoeste (PR),,Quilogramas por Hectare,True,Lindoeste,PR
4113502,Loanda (PR),,Quilogramas por Hectare,True,Loanda,PR
4113601,Lobato (PR),,Quilogramas por Hectare,True,Lobato,PR
4113700,Londrina (PR),,Quilogramas por Hectare,True,Londrina,PR
4113734,Luiziana (PR),,Quilogramas por Hectare,True,Luiziana,PR
4113759,Lunardelli (PR),,Quilogramas por Hectare,True,Lunardelli,PR
4113809,Lupionópolis (PR),,Quilogramas por Hectare,True,Lupionópolis,PR
4113908,Mallet (PR),,Quilogramas por Hectare,True,Mallet,PR
4114005,Mamborê (PR),,Quilogramas por Hectare,True,Mamborê,PR
4114104,Mandaguaçu (PR),,Quilogramas por Hectare,True,Mandaguaçu,PR
4114203,Mandaguari (PR),,Quilogramas por Hectare,True,Mandaguari,PR
4114302,Mandirituba (PR),,Quilogramas por Hectare,True,Mandirituba,PR
4114351,Manfrinópolis (PR),,Quilogramas por Hectare,True,Manfrinópolis,PR
4114401,Mangueirinha (PR),,Quilogramas por Hectare,True,Mangueirinha,PR
4114500,Manoel Ribas (PR),,Quilogramas por Hectare,True,Manoel Ribas,PR
4114609,Marechal Cândido Rondon (PR),,Quilogramas por Hectare,True,Marechal Cândido Rondon,PR
4114708,Maria Helena (PR),,Quilogramas por Hectare,True,Maria Helena,PR
4114807,Marialva (PR),,Quilogramas por Hectare,True,Marialva,PR
4114906,Marilândia do Sul (PR),,Quilogramas por Hectare,True,Marilândia do Sul,PR
4115002,Marilena (PR),,Quilogramas por Hectare,True,Marilena,PR
4115101,Mariluz (PR),,Quilogramas por Hectare,True,Mariluz,PR
4115200,Maringá (PR),,Quilogramas por Hectare,True,Maringá,PR
4115309,Mariópolis (PR),,Quilogramas por Hectare,True,Mariópolis,PR
4115358,Maripá (PR),,Quilogramas por Hectare,True,Maripá,PR
4115408,Marmeleiro (PR),,Quilogramas por Hectare,True,Marmeleiro,PR
4115457,Marquinho (PR),,Quilogramas por Hectare,True,Marquinho,PR
4115507,Marumbi (PR),,Quilogramas por Hectare,True,Marumbi,PR
4115606,Matelândia (PR),,Quilogramas por Hectare,True,Matelândia,PR
4115705,Matinhos (PR),,Quilogramas por Hectare,True,Matinhos,PR
4115739,Mato Rico (PR),,Quilogramas por Hectare,True,Mato Rico,PR
4115754,Mauá da Serra (PR),,Quilogramas por Hectare,True,Mauá da Serra,PR
4115804,Medianeira (PR),,Quilogramas por Hectare,True,Medianeira,PR
4115853,Mercedes (PR),,Quilogramas por Hectare,True,Mercedes,PR
4115903,Mirador (PR),,Quilogramas por Hectare,True,Mirador,PR
4116000,Miraselva (PR),,Quilogramas por Hectare,True,Miraselva,PR
4116059,Missal (PR),,Quilogramas por Hectare,True,Missal,PR
4116109,Moreira Sales (PR),,Quilogramas por Hectare,True,Moreira Sales,PR
4116208,Morretes (PR),,Quilogramas por Hectare,True,Morretes,PR
4116307,Munhoz de Melo (PR),,Quilogramas por Hectare,True,Munhoz de Melo,PR
4116406,Nossa Senhora das Graças (PR),,Quilogramas por Hectare,True,Nossa Senhora das Graças,PR
4116505,Nova Aliança do Ivaí (PR),,Quilogramas por Hectare,True,Nova Aliança do Ivaí,PR
4116604,Nova América da Colina (PR),,Quilogramas por Hectare,True,Nova América da Colina,PR
4116703,Nova Aurora (PR),,Quilogramas por Hectare,True,Nova Aurora,PR
4116802,Nova Cantu (PR),,Quilogramas por Hectare,True,Nova Cantu,PR
4116901,Nova Esperança (PR),,Quilogramas por Hectare,True,Nova Esperança,PR
4116950,Nova Esperança do Sudoeste (PR),,Quilogramas por Hectare,True,Nova Esperança do Sudoeste,PR
4117008,Nova Fátima (PR),,Quilogramas por Hectare,True,Nova Fátima,PR
4117057,Nova Laranjeiras (PR),,Quilogramas por Hectare,True,Nova Laranjeiras,PR
4117107,Nova Londrina (PR),,Quilogramas por Hectare,True,Nova Londrina,PR
4117206,Nova Olímpia (PR),,Quilogramas por Hectare,True,Nova Olímpia,PR
4117214,Nova Santa Bárbara (PR),,Quilogramas por Hectare,True,Nova Santa Bárbara,PR
4117222,Nova Santa Rosa (PR),,Quilogramas por Hectare,True,Nova Santa Rosa,PR
4117255,Nova Prata do Iguaçu (PR),,Quilogramas por Hectare,True,Nova Prata do Iguaçu,PR
4117271,Nova Tebas (PR),,Quilogramas por Hectare,True,Nova Tebas,PR
4117297,Novo Itacolomi (PR),,Quilogramas por Hectare,True,Novo Itacolomi,PR
4117305,Ortigueira (PR),,Quilogramas por Hectare,True,Ortigueira,PR
4117404,Ourizona (PR),,Quilogramas por Hectare,True,Ourizona,PR
4117453,Ouro Verde do Oeste (PR),,Quilogramas por Hectare,True,Ouro Verde do Oeste,PR
4117503,Paiçandu (PR),,Quilogramas por Hectare,True,Paiçandu,PR
4117602,Palmas (PR),,Quilogramas por Hectare,True,Palmas,PR
4117701,Palmeira (PR),,Quilogramas por Hectare,True,Palmeira,PR
4117800,Palmital (PR),,Quilogramas por Hectare,True,Palmital,PR
4117909,Palotina (PR),,Quilogramas por Hectare,True,Palotina,PR
4118006,Paraíso do Norte (PR),,Quilogramas por Hectare,True,Paraíso do Norte,PR
4118105,Paranacity (PR),,Quilogramas por Hectare,True,Paranacity,PR
4118204,Paranaguá (PR),,Quilogramas por Hectare,True,Paranaguá,PR
4118303,Paranapoema (PR),,Quilogramas por Hectare,True,Paranapoema,PR
4118402,Paranavaí (PR),,Quilogramas por Hectare,True,Paranavaí,PR
4118451,Pato Bragado (PR),,Quilogramas por Hectare,True,Pato Bragado,PR
4118501,Pato Branco (PR),,Quilogramas por Hectare,True,Pato Branco,PR
4118600,Paula Freitas (PR),,Quilogramas por Hectare,True,Paula Freitas,PR
4118709,Paulo Frontin (PR),,Quilogramas por Hectare,True,Paulo Frontin,PR
4118808,Peabiru (PR),,Quilogramas por Hectare,True,Peabiru,PR
4118857,Perobal (PR),,Quilogramas por Hectare,True,Perobal,PR
4118907,Pérola (PR),,Quilogramas por Hectare,True,Pérola,PR
4119004,Pérola d'Oeste (PR),,Quilogramas por Hectare,True,Pérola d'Oeste,PR
4119103,Piên (PR),,Quilogramas por Hectare,True,Piên,PR
4119152,Pinhais (PR),,Quilogramas por Hectare,True,Pinhais,PR
4119202,Pinhalão (PR),,Quilogramas por Hectare,True,Pinhalão,PR
4119251,Pinhal de São Bento (PR),,Quilogramas por Hectare,True,Pinhal de São Bento,PR
4119301,Pinhão (PR),,Quilogramas por Hectare,True,Pinhão,PR
4119400,Piraí do Sul (PR),,Quilogramas por Hectare,True,Piraí do Sul,PR
4119509,Piraquara (PR),,Quilogramas por Hectare,True,Piraquara,PR
4119608,Pitanga (PR),,Quilogramas por Hectare,True,Pitanga,PR
4119657,Pitangueiras (PR),,Quilogramas por Hectare,True,Pitangueiras,PR
4119707,Planaltina do Paraná (PR),,Quilogramas por Hectare,True,Planaltina do Paraná,PR
4119806,Planalto (PR),,Quilogramas por Hectare,True,Planalto,PR
4119905,Ponta Grossa (PR),,Quilogramas por Hectare,True,Ponta Grossa,PR
4119954,Pontal do Paraná (PR),,Quilogramas por Hectare,True,Pontal do Paraná,PR
4120002,Porecatu (PR),,Quilogramas por Hectare,True,Porecatu,PR
4120101,Porto Amazonas (PR),,Quilogramas por Hectare,True,Porto Amazonas,PR
4120150,Porto Barreiro (PR),,Quilogramas por Hectare,True,Porto Barreiro,PR
4120200,Porto Rico (PR),,Quilogramas por Hectare,True,Porto Rico,PR
4120309,Porto Vitória (PR),,Quilogramas por Hectare,True,Porto Vitória,PR
4120333,Prado Ferreira (PR),,Quilogramas por Hectare,True,Prado Ferreira,PR
4120358,Pranchita (PR),,Quilogramas por Hectare,True,Pranchita,PR
4120408,Presidente Castelo Branco (PR),,Quilogramas por Hectare,True,Presidente Castelo Branco,PR
4120507,Primeiro de Maio (PR),,Quilogramas por Hectare,True,Primeiro de Maio,PR
4120606,Prudentópolis (PR),,Quilogramas por Hectare,True,Prudentópolis,PR
4120655,Quarto Centenário (PR),,Quilogramas por Hectare,True,Quarto Centenário,PR
4120705,Quatiguá (PR),,Quilogramas por Hectare,True,Quatiguá,PR
4120804,Quatro Barras (PR),,Quilogramas por Hectare,True,Quatro Barras,PR
4120853,Quatro Pontes (PR),,Quilogramas por Hectare,True,Quatro Pontes,PR
4120903,Quedas do Iguaçu (PR),,Quilogramas por Hectare,True,Quedas do Iguaçu,PR
4121000,Querência do Norte (PR),,Quilogramas por Hectare,True,Querência do Norte,PR
4121109,Quinta do Sol (PR),,Quilogramas por Hectare,True,Quinta do Sol,PR
4121208,Quitandinha (PR),,Quilogramas por Hectare,True,Quitandinha,PR
4121257,Ramilândia (PR),,Quilogramas por Hectare,True,Ramilândia,PR
4121307,Rancho Alegre (PR),,Quilogramas por Hectare,True,Rancho Alegre,PR
4121356,Rancho Alegre D'Oeste (PR),,Quilogramas por Hectare,True,Rancho Alegre D'Oeste,PR
4121406,Realeza (PR),,Quilogramas por Hectare,True,Realeza,PR
4121505,Rebouças (PR),,Quilogramas por Hectare,True,Rebouças,PR
4121604,Renascença (PR),,Quilogramas por Hectare,True,Renascença,PR
4121703,Reserva (PR),,Quilogramas por Hectare,True,Reserva,PR
4121752,Reserva do Iguaçu (PR),,Quilogramas por Hectare,True,Reserva do Iguaçu,PR
4121802,Ribeirão Claro (PR),,Quilogramas por Hectare,True,Ribeirão Claro,PR
4121901,Ribeirão do Pinhal (PR),,Quilogramas por Hectare,True,Ribeirão do Pinhal,PR
4122008,Rio Azul (PR),,Quilogramas por Hectare,True,Rio Azul,PR
4122107,Rio Bom (PR),,Quilogramas por Hectare,True,Rio Bom,PR
4122156,Rio Bonito do Iguaçu (PR),,Quilogramas por Hectare,True,Rio Bonito do Iguaçu,PR
4122172,Rio Branco do Ivaí (PR),,Quilogramas por Hectare,True,Rio Branco do Ivaí,PR
4122206,Rio Branco do Sul (PR),,Quilogramas por Hectare,True,Rio Branco do Sul,PR
4122305,Rio Negro (PR),,Quilogramas por Hectare,True,Rio Negro,PR
4122404,Rolândia (PR),,Quilogramas por Hectare,True,Rolândia,PR
4122503,Roncador (PR),,Quilogramas por Hectare,True,Roncador,PR
4122602,Rondon (PR),,Quilogramas por Hectare,True,Rondon,PR
4122651,Rosário do Ivaí (PR),,Quilogramas por Hectare,True,Rosário do Ivaí,PR
4122701,Sabáudia (PR),,Quilogramas por Hectare,True,Sabáudia,PR
4122800,Salgado Filho (PR),,Quilogramas por Hectare,True,Salgado Filho,PR
4122909,Salto do Itararé (PR),,Quilogramas por Hectare,True,Salto do Itararé,PR
4123006,Salto do Lontra (PR),,Quilogramas por Hectare,True,Salto do Lontra,PR
4123105,Santa Amélia (PR),,Quilogramas por Hectare,True,Santa Amélia,PR
4123204,Santa Cecília do Pavão (PR),,Quilogramas por Hectare,True,Santa Cecília do Pavão,PR
4123303,Santa Cruz de Monte Castelo (PR),,Quilogramas por Hectare,True,Santa Cruz de Monte Castelo,PR
4123402,Santa Fé (PR),,Quilogramas por Hectare,True,Santa Fé,PR
4123501,Santa Helena (PR),,Quilogramas por Hectare,True,Santa Helena,PR
4123600,Santa Inês (PR),,Quilogramas por Hectare,True,Santa Inês,PR
4123709,Santa Isabel do Ivaí (PR),,Quilogramas por Hectare,True,Santa Isabel do Ivaí,PR
4123808,Santa Izabel do Oeste (PR),,Quilogramas por Hectare,True,Santa Izabel do Oeste,PR
4123824,Santa Lúcia (PR),,Quilogramas por Hectare,True,Santa Lúcia,PR
4123857,Santa Maria do Oeste (PR),,Quilogramas por Hectare,True,Santa Maria do Oeste,PR
4123907,Santa Mariana (PR),,Quilogramas por Hectare,True,Santa Mariana,PR
4123956,Santa Mônica (PR),,Quilogramas por Hectare,True,Santa Mônica,PR
4124004,Santana do Itararé (PR),,Quilogramas por Hectare,True,Santana do Itararé,PR
4124020,Santa Tereza do Oeste (PR),,Quilogramas por Hectare,True,Santa Tereza do Oeste,PR
4124053,Santa Terezinha de Itaipu (PR),,Quilogramas por Hectare,True,Santa Terezinha de Itaipu,PR
4124103,Santo Antônio da Platina (PR),,Quilogramas por Hectare,True,Santo Antônio da Platina,PR
4124202,Santo Antônio do Caiuá (PR),,Quilogramas por Hectare,True,Santo Antônio do Caiuá,PR
4124301,Santo Antônio do Paraíso (PR),,Quilogramas por Hectare,True,Santo Antônio do Paraíso,PR
4124400,Santo Antônio do Sudoeste (PR),,Quilogramas por Hectare,True,Santo Antônio do Sudoeste,PR
4124509,Santo Inácio (PR),,Quilogramas por Hectare,True,Santo Inácio,PR
4124608,São Carlos do Ivaí (PR),,Quilogramas por Hectare,True,São Carlos do Ivaí,PR
4124707,São Jerônimo da Serra (PR),,Quilogramas por Hectare,True,São Jerônimo da Serra,PR
4124806,São João (PR),,Quilogramas por Hectare,True,São João,PR
4124905,São João do Caiuá (PR),,Quilogramas por Hectare,True,São João do Caiuá,PR
4125001,São João do Ivaí (PR),,Quilogramas por Hectare,True,São João do Ivaí,PR
4125100,São João do Triunfo (PR),,Quilogramas por Hectare,True,São João do Triunfo,PR
4125209,São Jorge d'Oeste (PR),,Quilogramas por Hectare,True,São Jorge d'Oeste,PR
4125308,São Jorge do Ivaí (PR),,Quilogramas por Hectare,True,São Jorge do Ivaí,PR
4125357,São Jorge do Patrocínio (PR),,Quilogramas por Hectare,True,São Jorge do Patrocínio,PR
4125407,São José da Boa Vista (PR),,Quilogramas por Hectare,True,São José da Boa Vista,PR
4125456,São José das Palmeiras (PR),,Quilogramas por Hectare,True,São José das Palmeiras,PR
4125506,São José dos Pinhais (PR),,Quilogramas por Hectare,True,São José dos Pinhais,PR
4125555,São Manoel do Paraná (PR),,Quilogramas por Hectare,True,São Manoel do Paraná,PR
4125605,São Mateus do Sul (PR),,Quilogramas por Hectare,True,São Mateus do Sul,PR
4125704,São Miguel do Iguaçu (PR),,Quilogramas por Hectare,True,São Miguel do Iguaçu,PR
4125753,São Pedro do Iguaçu (PR),,Quilogramas por Hectare,True,São Pedro do Iguaçu,PR
4125803,São Pedro do Ivaí (PR),,Quilogramas por Hectare,True,São Pedro do Ivaí,PR
4125902,São Pedro do Paraná (PR),,Quilogramas por Hectare,True,São Pedro do Paraná,PR
4126009,São Sebastião da Amoreira (PR),,Quilogramas por Hectare,True,São Sebastião da Amoreira,PR
4126108,São Tomé (PR),,Quilogramas por Hectare,True,São Tomé,PR
4126207,Sapopema (PR),,Quilogramas por Hectare,True,Sapopema,PR
4126256,Sarandi (PR),,Quilogramas por Hectare,True,Sarandi,PR
4126272,Saudade do Iguaçu (PR),,Quilogramas por Hectare,True,Saudade do Iguaçu,PR
4126306,Sengés (PR),,Quilogramas por Hectare,True,Sengés,PR
4126355,Serranópolis do Iguaçu (PR),,Quilogramas por Hectare,True,Serranópolis do Iguaçu,PR
4126405,Sertaneja (PR),,Quilogramas por Hectare,True,Sertaneja,PR
4126504,Sertanópolis (PR),,Quilogramas por Hectare,True,Sertanópolis,PR
4126603,Siqueira Campos (PR),,Quilogramas por Hectare,True,Siqueira Campos,PR
4126652,Sulina (PR),,Quilogramas por Hectare,True,Sulina,PR
4126678,Tamarana (PR),,Quilogramas por Hectare,True,Tamarana,PR
4126702,Tamboara (PR),,Quilogramas por Hectare,True,Tamboara,PR
4126801,Tapejara (PR),,Quilogramas por Hectare,True,Tapejara,PR
4126900,Tapira (PR),,Quilogramas por Hectare,True,Tapira,PR
4127007,Teixeira Soares (PR),,Quilogramas por Hectare,True,Teixeira Soares,PR
4127106,Telêmaco Borba (PR),,Quilogramas por Hectare,True,Telêmaco Borba,PR
4127205,Terra Boa (PR),,Quilogramas por Hectare,True,Terra Boa,PR
4127304,Terra Rica (PR),,Quilogramas por Hectare,True,Terra Rica,PR
4127403,Terra Roxa (PR),,Quilogramas por Hectare,True,Terra Roxa,PR
4127502,Tibagi (PR),,Quilogramas por Hectare,True,Tibagi,PR
4127601,Tijucas do Sul (PR),,Quilogramas por Hectare,True,Tijucas do Sul,PR
4127700,Toledo (PR),,Quilogramas por Hectare,True,Toledo,PR
4127809,Tomazina (PR),,Quilogramas por Hectare,True,Tomazina,PR
4127858,Três Barras do Paraná (PR),,Quilogramas por Hectare,True,Três Barras do Paraná,PR
4127882,Tunas do Paraná (PR),,Quilogramas por Hectare,True,Tunas do Paraná,PR
4127908,Tuneiras do Oeste (PR),,Quilogramas por Hectare,True,Tuneiras do Oeste,PR
4127957,Tupãssi (PR),,Quilogramas por Hectare,True,Tupãssi,PR
4127965,Turvo (PR),,Quilogramas por Hectare,True,Turvo,PR
4128005,Ubiratã (PR),,Quilogramas por Hectare,True,Ubiratã,PR
4128104,Umuarama (PR),,Quilogramas por Hectare,True,Umuarama,PR
4128203,União da Vitória (PR),,Quilogramas por Hectare,True,União da Vitória,PR
4128302,Uniflor (PR),,Quilogramas por Hectare,True,Uniflor,PR
4128401,Uraí (PR),,Quilogramas por Hectare,True,Uraí,PR
4128500,Wenceslau Braz (PR),,Quilogramas por Hectare,True,Wenceslau Braz,PR
4128534,Ventania (PR),,Quilogramas por Hectare,True,Ventania,PR
4128559,Vera Cruz do Oeste (PR),,Quilogramas por Hectare,True,Vera Cruz do Oeste,PR
4128609,Verê (PR),,Quilogramas por Hectare,True,Verê,PR
4128625,Alto Paraíso (PR),,Quilogramas por Hectare,True,Alto Paraíso,PR
4128633,Doutor Ulysses (PR),,Quilogramas por Hectare,True,Doutor Ulysses,PR
4128658,Virmond (PR),,Quilogramas por Hectare,True,Virmond,PR
4128708,Vitorino (PR),,Quilogramas por Hectare,True,Vitorino,PR
4128807,Xambrê (PR),,Quilogramas por Hectare,True,Xambrê,PR
4200051,Abdon Batista (SC),,Quilogramas por Hectare,True,Abdon Batista,SC
4200101,Abelardo Luz (SC),,Quilogramas por Hectare,True,Abelardo Luz,SC
4200200,Agrolândia (SC),,Quilogramas por Hectare,True,Agrolândia,SC
4200309,Agronômica (SC),,Quilogramas por Hectare,True,Agronômica,SC
4200408,Água Doce (SC),,Quilogramas por Hectare,True,Água Doce,SC
4200507,Águas de Chapecó (SC),,Quilogramas por Hectare,True,Águas de Chapecó,SC
4200556,Águas Frias (SC),,Quilogramas por Hectare,True,Águas Frias,SC
4200606,Águas Mornas (SC),,Quilogramas por Hectare,True,Águas Mornas,SC
4200705,Alfredo Wagner (SC),,Quilogramas por Hectare,True,Alfredo Wagner,SC
4200754,Alto Bela Vista (SC),,Quilogramas por Hectare,True,Alto Bela Vista,SC
4200804,Anchieta (SC),,Quilogramas por Hectare,True,Anchieta,SC
4200903,Angelina (SC),,Quilogramas por Hectare,True,Angelina,SC
4201000,Anita Garibaldi (SC),,Quilogramas por Hectare,True,Anita Garibaldi,SC
4201109,Anitápolis (SC),,Quilogramas por Hectare,True,Anitápolis,SC
4201208,Antônio Carlos (SC),,Quilogramas por Hectare,True,Antônio Carlos,SC
4201257,Apiúna (SC),,Quilogramas por Hectare,True,Apiúna,SC
4201273,Arabutã (SC),,Quilogramas por Hectare,True,Arabutã,SC
4201307,Araquari (SC),,Quilogramas por Hectare,True,Araquari,SC
4201406,Araranguá (SC),,Quilogramas por Hectare,True,Araranguá,SC
4201505,Armazém (SC),,Quilogramas por Hectare,True,Armazém,SC
4201604,Arroio Trinta (SC),,Quilogramas por Hectare,True,Arroio Trinta,SC
4201653,Arvoredo (SC),,Quilogramas por Hectare,True,Arvoredo,SC
4201703,Ascurra (SC),,Quilogramas por Hectare,True,Ascurra,SC
4201802,Atalanta (SC),,Quilogramas por Hectare,True,Atalanta,SC
4201901,Aurora (SC),,Quilogramas por Hectare,True,Aurora,SC
4201950,Balneário Arroio do Silva (SC),,Quilogramas por Hectare,True,Balneário Arroio do Silva,SC
4202008,Balneário Camboriú (SC),,Quilogramas por Hectare,True,Balneário Camboriú,SC
4202057,Balneário Barra do Sul (SC),,Quilogramas por Hectare,True,Balneário Barra do Sul,SC
4202073,Balneário Gaivota (SC),,Quilogramas por Hectare,True,Balneário Gaivota,SC
4202081,Bandeirante (SC),,Quilogramas por Hectare,True,Bandeirante,SC
4202099,Barra Bonita (SC),,Quilogramas por Hectare,True,Barra Bonita,SC
4202107,Barra Velha (SC),,Quilogramas por Hectare,True,Barra Velha,SC
4202131,Bela Vista do Toldo (SC),,Quilogramas por Hectare,True,Bela Vista do Toldo,SC
4202156,Belmonte (SC),,Quilogramas por Hectare,True,Belmonte,SC
4202206,Benedito Novo (SC),,Quilogramas por Hectare,True,Benedito Novo,SC
4202305,Biguaçu (SC),,Quilogramas por Hectare,True,Biguaçu,SC
4202404,Blumenau (SC),,Quilogramas por Hectare,True,Blumenau,SC
4202438,Bocaina do Sul (SC),,Quilogramas por Hectare,True,Bocaina do Sul,SC
4202453,Bombinhas (SC),,Quilogramas por Hectare,True,Bombinhas,SC
4202503,Bom Jardim da Serra (SC),,Quilogramas por Hectare,True,Bom Jardim da Serra,SC
4202537,Bom Jesus (SC),,Quilogramas por Hectare,True,Bom Jesus,SC
4202578,Bom Jesus do Oeste (SC),,Quilogramas por Hectare,True,Bom Jesus do Oeste,SC
4202602,Bom Retiro (SC),,Quilogramas por Hectare,True,Bom Retiro,SC
4202701,Botuverá (SC),,Quilogramas por Hectare,True,Botuverá,SC
4202800,Braço do Norte (SC),,Quilogramas por Hectare,True,Braço do Norte,SC
4202859,Braço do Trombudo (SC),,Quilogramas por Hectare,True,Braço do Trombudo,SC
4202875,Brunópolis (SC),,Quilogramas por Hectare,True,Brunópolis,SC
4202909,Brusque (SC),,Quilogramas por Hectare,True,Brusque,SC
4203006,Caçador (SC),,Quilogramas por Hectare,True,Caçador,SC
4203105,Caibi (SC),,Quilogramas por Hectare,True,Caibi,SC
4203154,Calmon (SC),,Quilogramas por Hectare,True,Calmon,SC
4203204,Camboriú (SC),,Quilogramas por Hectare,True,Camboriú,SC
4203253,Capão Alto (SC),,Quilogramas por Hectare,True,Capão Alto,SC
4203303,Campo Alegre (SC),,Quilogramas por Hectare,True,Campo Alegre,SC
4203402,Campo Belo do Sul (SC),,Quilogramas por Hectare,True,Campo Belo do Sul,SC
4203501,Campo Erê (SC),,Quilogramas por Hectare,True,Campo Erê,SC
4203600,Campos Novos (SC),,Quilogramas por Hectare,True,Campos Novos,SC
4203709,Canelinha (SC),,Quilogramas por Hectare,True,Canelinha,SC
4203808,Canoinhas (SC),,Quilogramas por Hectare,True,Canoinhas,SC
4203907,Capinzal (SC),,Quilogramas por Hectare,True,Capinzal,SC
4203956,Capivari de Baixo (SC),,Quilogramas por Hectare,True,Capivari de Baixo,SC
4204004,Catanduvas (SC),,Quilogramas por Hectare,True,Catanduvas,SC
4204103,Caxambu do Sul (SC),,Quilogramas por Hectare,True,Caxambu do Sul,SC
4204152,Celso Ramos (SC),,Quilogramas por Hectare,True,Celso Ramos,SC
4204178,Cerro Negro (SC),,Quilogramas por Hectare,True,Cerro Negro,SC
4204194,Chapadão do Lageado (SC),,Quilogramas por Hectare,True,Chapadão do Lageado,SC
4204202,Chapecó (SC),,Quilogramas por Hectare,True,Chapecó,SC
4204251,Cocal do Sul (SC),,Quilogramas por Hectare,True,Cocal do Sul,SC
4204301,Concórdia (SC),,Quilogramas por Hectare,True,Concórdia,SC
4204350,Cordilheira Alta (SC),,Quilogramas por Hectare,True,Cordilheira Alta,SC
4204400,Coronel Freitas (SC),,Quilogramas por Hectare,True,Coronel Freitas,SC
4204459,Coronel Martins (SC),,Quilogramas por Hectare,True,Coronel Martins,SC
4204509,Corupá (SC),,Quilogramas por Hectare,True,Corupá,SC
4204558,Correia Pinto (SC),,Quilogramas por Hectare,True,Correia Pinto,SC
4204608,Criciúma (SC),,Quilogramas por Hectare,True,Criciúma,SC
4204707,Cunha Porã (SC),,Quilogramas por Hectare,True,Cunha Porã,SC
4204756,Cunhataí (SC),,Quilogramas por Hectare,True,Cunhataí,SC
4204806,Curitibanos (SC),,Quilogramas por Hectare,True,Curitibanos,SC
4204905,Descanso (SC),,Quilogramas por Hectare,True,Descanso,SC
4205001,Dionísio Cerqueira (SC),,Quilogramas por Hectare,True,Dionísio Cerqueira,SC
4205100,Dona Emma (SC),,Quilogramas por Hectare,True,Dona Emma,SC
4205159,Doutor Pedrinho (SC),,Quilogramas por Hectare,True,Doutor Pedrinho,SC
4205175,Entre Rios (SC),,Quilogramas por Hectare,True,Entre Rios,SC
4205191,Ermo (SC),,Quilogramas por Hectare,True,Ermo,SC
4205209,Erval Velho (SC),,Quilogramas por Hectare,True,Erval Velho,SC
4205308,Faxinal dos Guedes (SC),,Quilogramas por Hectare,True,Faxinal dos Guedes,SC
4205357,Flor do Sertão (SC),,Quilogramas por Hectare,True,Flor do Sertão,SC
4205407,Florianópolis (SC),,Quilogramas por Hectare,True,Florianópolis,SC
4205431,Formosa do Sul (SC),,Quilogramas por Hectare,True,Formosa do Sul,SC
4205456,Forquilhinha (SC),,Quilogramas por Hectare,True,Forquilhinha,SC
4205506,Fraiburgo (SC),,Quilogramas por Hectare,True,Fraiburgo,SC
4205555,Frei Rogério (SC),,Quilogramas por Hectare,True,Frei Rogério,SC
4205605,Galvão (SC),,Quilogramas por Hectare,True,Galvão,SC
4205704,Garopaba (SC),,Quilogramas por Hectare,True,Garopaba,SC
4205803,Garuva (SC),,Quilogramas por Hectare,True,Garuva,SC
4205902,Gaspar (SC),,Quilogramas por Hectare,True,Gaspar,SC
4206009,Governador Celso Ramos (SC),,Quilogramas por Hectare,True,Governador Celso Ramos,SC
4206108,Grão-Pará (SC),,Quilogramas por Hectare,True,Grão-Pará,SC
4206207,Gravatal (SC),,Quilogramas por Hectare,True,Gravatal,SC
4206306,Guabiruba (SC),,Quilogramas por Hectare,True,Guabiruba,SC
4206405,Guaraciaba (SC),,Quilogramas por Hectare,True,Guaraciaba,SC
4206504,Guaramirim (SC),,Quilogramas por Hectare,True,Guaramirim,SC
4206603,Guarujá do Sul (SC),,Quilogramas por Hectare,True,Guarujá do Sul,SC
4206652,Guatambú (SC),,Quilogramas por Hectare,True,Guatambú,SC
4206702,Herval d'Oeste (SC),,Quilogramas por Hectare,True,Herval d'Oeste,SC
4206751,Ibiam (SC),,Quilogramas por Hectare,True,Ibiam,SC
4206801,Ibicaré (SC),,Quilogramas por Hectare,True,Ibicaré,SC
4206900,Ibirama (SC),,Quilogramas por Hectare,True,Ibirama,SC
4207007,Içara (SC),,Quilogramas por Hectare,True,Içara,SC
4207106,Ilhota (SC),,Quilogramas por Hectare,True,Ilhota,SC
4207205,Imaruí (SC),,Quilogramas por Hectare,True,Imaruí,SC
4207304,Imbituba (SC),,Quilogramas por Hectare,True,Imbituba,SC
4207403,Imbuia (SC),,Quilogramas por Hectare,True,Imbuia,SC
4207502,Indaial (SC),,Quilogramas por Hectare,True,Indaial,SC
4207577,Iomerê (SC),,Quilogramas por Hectare,True,Iomerê,SC
4207601,Ipira (SC),,Quilogramas por Hectare,True,Ipira,SC
4207650,Iporã do Oeste (SC),,Quilogramas por Hectare,True,Iporã do Oeste,SC
4207684,Ipuaçu (SC),,Quilogramas por Hectare,True,Ipuaçu,SC
4207700,Ipumirim (SC),,Quilogramas por Hectare,True,Ipumirim,SC
4207759,Iraceminha (SC),,Quilogramas por Hectare,True,Iraceminha,SC
4207809,Irani (SC),,Quilogramas por Hectare,True,Irani,SC
4207858,Irati (SC),,Quilogramas por Hectare,True,Irati,SC
4207908,Irineópolis (SC),,Quilogramas por Hectare,True,Irineópolis,SC
4208005,Itá (SC),,Quilogramas por Hectare,True,Itá,SC
4208104,Itaiópolis (SC),,Quilogramas por Hectare,True,Itaiópolis,SC
4208203,Itajaí (SC),,Quilogramas por Hectare,True,Itajaí,SC
4208302,Itapema (SC),,Quilogramas por Hectare,True,Itapema,SC
4208401,Itapiranga (SC),,Quilogramas por Hectare,True,Itapiranga,SC
4208450,Itapoá (SC),,Quilogramas por Hectare,True,Itapoá,SC
4208500,Ituporanga (SC),,Quilogramas por Hectare,True,Ituporanga,SC
4208609,Jaborá (SC),,Quilogramas por Hectare,True,Jaborá,SC
4208708,Jacinto Machado (SC),,Quilogramas por Hectare,True,Jacinto Machado,SC
4208807,Jaguaruna (SC),,Quilogramas por Hectare,True,Jaguaruna,SC
4208906,Jaraguá do Sul (SC),,Quilogramas por Hectare,True,Jaraguá do Sul,SC
4208955,Jardinópolis (SC),,Quilogramas por Hectare,True,Jardinópolis,SC
4209003,Joaçaba (SC),,Quilogramas por Hectare,True,Joaçaba,SC
4209102,Joinville (SC),,Quilogramas por Hectare,True,Joinville,SC
4209151,José Boiteux (SC),,Quilogramas por Hectare,True,José Boiteux,SC
4209177,Jupiá (SC),,Quilogramas por Hectare,True,Jupiá,SC
4209201,Lacerdópolis (SC),,Quilogramas por Hectare,True,Lacerdópolis,SC
4209300,Lages (SC),,Quilogramas por Hectare,True,Lages,SC
4209409,Laguna (SC),,Quilogramas por Hectare,True,Laguna,SC
4209458,Lajeado Grande (SC),,Quilogramas por Hectare,True,Lajeado Grande,SC
4209508,Laurentino (SC),,Quilogramas por Hectare,True,Laurentino,SC
4209607,Lauro Müller (SC),,Quilogramas por Hectare,True,Lauro Müller,SC
4209706,Lebon Régis (SC),,Quilogramas por Hectare,True,Lebon Régis,SC
4209805,Leoberto Leal (SC),,Quilogramas por Hectare,True,Leoberto Leal,SC
4209854,Lindóia do Sul (SC),,Quilogramas por Hectare,True,Lindóia do Sul,SC
4209904,Lontras (SC),,Quilogramas por Hectare,True,Lontras,SC
4210001,Luiz Alves (SC),,Quilogramas por Hectare,True,Luiz Alves,SC
4210035,Luzerna (SC),,Quilogramas por Hectare,True,Luzerna,SC
4210050,Macieira (SC),,Quilogramas por Hectare,True,Macieira,SC
4210100,Mafra (SC),,Quilogramas por Hectare,True,Mafra,SC
4210209,Major Gercino (SC),,Quilogramas por Hectare,True,Major Gercino,SC
4210308,Major Vieira (SC),,Quilogramas por Hectare,True,Major Vieira,SC
4210407,Maracajá (SC),,Quilogramas por Hectare,True,Maracajá,SC
4210506,Maravilha (SC),,Quilogramas por Hectare,True,Maravilha,SC
4210555,Marema (SC),,Quilogramas por Hectare,True,Marema,SC
4210605,Massaranduba (SC),,Quilogramas por Hectare,True,Massaranduba,SC
4210704,Matos Costa (SC),,Quilogramas por Hectare,True,Matos Costa,SC
4210803,Meleiro (SC),,Quilogramas por Hectare,True,Meleiro,SC
4210852,Mirim Doce (SC),,Quilogramas por Hectare,True,Mirim Doce,SC
4210902,Modelo (SC),,Quilogramas por Hectare,True,Modelo,SC
4211009,Mondaí (SC),,Quilogramas por Hectare,True,Mondaí,SC
4211058,Monte Carlo (SC),,Quilogramas por Hectare,True,Monte Carlo,SC
4211108,Monte Castelo (SC),,Quilogramas por Hectare,True,Monte Castelo,SC
4211207,Morro da Fumaça (SC),,Quilogramas por Hectare,True,Morro da Fumaça,SC
4211256,Morro Grande (SC),,Quilogramas por Hectare,True,Morro Grande,SC
4211306,Navegantes (SC),,Quilogramas por Hectare,True,Navegantes,SC
4211405,Nova Erechim (SC),,Quilogramas por Hectare,True,Nova Erechim,SC
4211454,Nova Itaberaba (SC),,Quilogramas por Hectare,True,Nova Itaberaba,SC
4211504,Nova Trento (SC),,Quilogramas por Hectare,True,Nova Trento,SC
4211603,Nova Veneza (SC),,Quilogramas por Hectare,True,Nova Veneza,SC
4211652,Novo Horizonte (SC),,Quilogramas por Hectare,True,Novo Horizonte,SC
4211702,Orleans (SC),,Quilogramas por Hectare,True,Orleans,SC
4211751,Otacílio Costa (SC),,Quilogramas por Hectare,True,Otacílio Costa,SC
4211801,Ouro (SC),,Quilogramas por Hectare,True,Ouro,SC
4211850,Ouro Verde (SC),,Quilogramas por Hectare,True,Ouro Verde,SC
4211876,Paial (SC),,Quilogramas por Hectare,True,Paial,SC
4211892,Painel (SC),,Quilogramas por Hectare,True,Painel,SC
4211900,Palhoça (SC),,Quilogramas por Hectare,True,Palhoça,SC
4212007,Palma Sola (SC),,Quilogramas por Hectare,True,Palma Sola,SC
4212056,Palmeira (SC),,Quilogramas por Hectare,True,Palmeira,SC
4212106,Palmitos (SC),,Quilogramas por Hectare,True,Palmitos,SC
4212205,Papanduva (SC),,Quilogramas por Hectare,True,Papanduva,SC
4212239,Paraíso (SC),,Quilogramas por Hectare,True,Paraíso,SC
4212254,Passo de Torres (SC),,Quilogramas por Hectare,True,Passo de Torres,SC
4212270,Passos Maia (SC),,Quilogramas por Hectare,True,Passos Maia,SC
4212304,Paulo Lopes (SC),,Quilogramas por Hectare,True,Paulo Lopes,SC
4212403,Pedras Grandes (SC),,Quilogramas por Hectare,True,Pedras Grandes,SC
4212502,Penha (SC),,Quilogramas por Hectare,True,Penha,SC
4212601,Peritiba (SC),,Quilogramas por Hectare,True,Peritiba,SC
4212650,Pescaria Brava (SC),,Quilogramas por Hectare,True,Pescaria Brava,SC
4212700,Petrolândia (SC),,Quilogramas por Hectare,True,Petrolândia,SC
4212809,Balneário Piçarras (SC),,Quilogramas por Hectare,True,Balneário Piçarras,SC
4212908,Pinhalzinho (SC),,Quilogramas por Hectare,True,Pinhalzinho,SC
4213005,Pinheiro Preto (SC),,Quilogramas por Hectare,True,Pinheiro Preto,SC
4213104,Piratuba (SC),,Quilogramas por Hectare,True,Piratuba,SC
4213153,Planalto Alegre (SC),,Quilogramas por Hectare,True,Planalto Alegre,SC
4213203,Pomerode (SC),,Quilogramas por Hectare,True,Pomerode,SC
4213302,Ponte Alta (SC),,Quilogramas por Hectare,True,Ponte Alta,SC
4213351,Ponte Alta do Norte (SC),,Quilogramas por Hectare,True,Ponte Alta do Norte,SC
4213401,Ponte Serrada (SC),,Quilogramas por Hectare,True,Ponte Serrada,SC
4213500,Porto Belo (SC),,Quilogramas por Hectare,True,Porto Belo,SC
4213609,Porto União (SC),,Quilogramas por Hectare,True,Porto União,SC
4213708,Pouso Redondo (SC),,Quilogramas por Hectare,True,Pouso Redondo,SC
4213807,Praia Grande (SC),,Quilogramas por Hectare,True,Praia Grande,SC
4213906,Presidente Castello Branco (SC),,Quilogramas por Hectare,True,Presidente Castello Branco,SC
4214003,Presidente Getúlio (SC),,Quilogramas por Hectare,True,Presidente Getúlio,SC
4214102,Presidente Nereu (SC),,Quilogramas por Hectare,True,Presidente Nereu,SC
4214151,Princesa (SC),,Quilogramas por Hectare,True,Princesa,SC
4214201,Quilombo (SC),,Quilogramas por Hectare,True,Quilombo,SC
4214300,Rancho Queimado (SC),,Quilogramas por Hectare,True,Rancho Queimado,SC
4214409,Rio das Antas (SC),,Quilogramas por Hectare,True,Rio das Antas,SC
4214508,Rio do Campo (SC),,Quilogramas por Hectare,True,Rio do Campo,SC
4214607,Rio do Oeste (SC),,Quilogramas por Hectare,True,Rio do Oeste,SC
4214706,Rio dos Cedros (SC),,Quilogramas por Hectare,True,Rio dos Cedros,SC
4214805,Rio do Sul (SC),,Quilogramas por Hectare,True,Rio do Sul,SC
4214904,Rio Fortuna (SC),,Quilogramas por Hectare,True,Rio Fortuna,SC
4215000,Rio Negrinho (SC),,Quilogramas por Hectare,True,Rio Negrinho,SC
4215059,Rio Rufino (SC),,Quilogramas por Hectare,True,Rio Rufino,SC
4215075,Riqueza (SC),,Quilogramas por Hectare,True,Riqueza,SC
4215109,Rodeio (SC),,Quilogramas por Hectare,True,Rodeio,SC
4215208,Romelândia (SC),,Quilogramas por Hectare,True,Romelândia,SC
4215307,Salete (SC),,Quilogramas por Hectare,True,Salete,SC
4215356,Saltinho (SC),,Quilogramas por Hectare,True,Saltinho,SC
4215406,Salto Veloso (SC),,Quilogramas por Hectare,True,Salto Veloso,SC
4215455,Sangão (SC),,Quilogramas por Hectare,True,Sangão,SC
4215505,Santa Cecília (SC),,Quilogramas por Hectare,True,Santa Cecília,SC
4215554,Santa Helena (SC),,Quilogramas por Hectare,True,Santa Helena,SC
4215604,Santa Rosa de Lima (SC),,Quilogramas por Hectare,True,Santa Rosa de Lima,SC
4215653,Santa Rosa do Sul (SC),,Quilogramas por Hectare,True,Santa Rosa do Sul,SC
4215679,Santa Terezinha (SC),,Quilogramas por Hectare,True,Santa Terezinha,SC
4215687,Santa Terezinha do Progresso (SC),,Quilogramas por Hectare,True,Santa Terezinha do Progresso,SC
4215695,Santiago do Sul (SC),,Quilogramas por Hectare,True,Santiago do Sul,SC
4215703,Santo Amaro da Imperatriz (SC),,Quilogramas por Hectare,True,Santo Amaro da Imperatriz,SC
4215752,São Bernardino (SC),,Quilogramas por Hectare,True,São Bernardino,SC
4215802,São Bento do Sul (SC),,Quilogramas por Hectare,True,São Bento do Sul,SC
4215901,São Bonifácio (SC),,Quilogramas por Hectare,True,São Bonifácio,SC
4216008,São Carlos (SC),,Quilogramas por Hectare,True,São Carlos,SC
4216107,São Domingos (SC),,Quilogramas por Hectare,True,São Domingos,SC
4216206,São Francisco do Sul (SC),,Quilogramas por Hectare,True,São Francisco do Sul,SC
4216255,São João do Oeste (SC),,Quilogramas por Hectare,True,São João do Oeste,SC
4216305,São João Batista (SC),,Quilogramas por Hectare,True,São João Batista,SC
4216354,São João do Itaperiú (SC),,Quilogramas por Hectare,True,São João do Itaperiú,SC
4216404,São João do Sul (SC),,Quilogramas por Hectare,True,São João do Sul,SC
4216503,São Joaquim (SC),,Quilogramas por Hectare,True,São Joaquim,SC
4216602,São José (SC),,Quilogramas por Hectare,True,São José,SC
4216701,São José do Cedro (SC),,Quilogramas por Hectare,True,São José do Cedro,SC
4216800,São José do Cerrito (SC),,Quilogramas por Hectare,True,São José do Cerrito,SC
4216909,São Lourenço do Oeste (SC),,Quilogramas por Hectare,True,São Lourenço do Oeste,SC
4217006,São Ludgero (SC),,Quilogramas por Hectare,True,São Ludgero,SC
4217105,São Martinho (SC),,Quilogramas por Hectare,True,São Martinho,SC
4217154,São Miguel da Boa Vista (SC),,Quilogramas por Hectare,True,São Miguel da Boa Vista,SC
4217204,São Miguel do Oeste (SC),,Quilogramas por Hectare,True,São Miguel do Oeste,SC
4217253,São Pedro de Alcântara (SC),,Quilogramas por Hectare,True,São Pedro de Alcântara,SC
4217303,Saudades (SC),,Quilogramas por Hectare,True,Saudades,SC
4217402,Schroeder (SC),,Quilogramas por Hectare,True,Schroeder,SC
4217501,Seara (SC),,Quilogramas por Hectare,True,Seara,SC
4217550,Serra Alta (SC),,Quilogramas por Hectare,True,Serra Alta,SC
4217600,Siderópolis (SC),,Quilogramas por Hectare,True,Siderópolis,SC
4217709,Sombrio (SC),,Quilogramas por Hectare,True,Sombrio,SC
4217758,Sul Brasil (SC),,Quilogramas por Hectare,True,Sul Brasil,SC
4217808,Taió (SC),,Quilogramas por Hectare,True,Taió,SC
4217907,Tangará (SC),,Quilogramas por Hectare,True,Tangará,SC
4217956,Tigrinhos (SC),,Quilogramas por Hectare,True,Tigrinhos,SC
4218004,Tijucas (SC),,Quilogramas por Hectare,True,Tijucas,SC
4218103,Timbé do Sul (SC),,Quilogramas por Hectare,True,Timbé do Sul,SC
4218202,Timbó (SC),,Quilogramas por Hectare,True,Timbó,SC
4218251,Timbó Grande (SC),,Quilogramas por Hectare,True,Timbó Grande,SC
4218301,Três Barras (SC),,Quilogramas por Hectare,True,Três Barras,SC
4218350,Treviso (SC),,Quilogramas por Hectare,True,Treviso,SC
4218400,Treze de Maio (SC),,Quilogramas por Hectare,True,Treze de Maio,SC
4218509,Treze Tílias (SC),,Quilogramas por Hectare,True,Treze Tílias,SC
4218608,Trombudo Central (SC),,Quilogramas por Hectare,True,Trombudo Central,SC
4218707,Tubarão (SC),,Quilogramas por Hectare,True,Tubarão,SC
4218756,Tunápolis (SC),,Quilogramas por Hectare,True,Tunápolis,SC
4218806,Turvo (SC),,Quilogramas por Hectare,True,Turvo,SC
4218855,União do Oeste (SC),,Quilogramas por Hectare,True,União do Oeste,SC
4218905,Urubici (SC),,Quilogramas por Hectare,True,Urubici,SC
4218954,Urupema (SC),,Quilogramas por Hectare,True,Urupema,SC
4219002,Urussanga (SC),,Quilogramas por Hectare,True,Urussanga,SC
4219101,Vargeão (SC),,Quilogramas por Hectare,True,Vargeão,SC
4219150,Vargem (SC),,Quilogramas por Hectare,True,Vargem,SC
4219176,Vargem Bonita (SC),,Quilogramas por Hectare,True,Vargem Bonita,SC
4219200,Vidal Ramos (SC),,Quilogramas por Hectare,True,Vidal Ramos,SC
4219309,Videira (SC),,Quilogramas por Hectare,True,Videira,SC
4219358,Vitor Meireles (SC),,Quilogramas por Hectare,True,Vitor Meireles,SC
4219408,Witmarsum (SC),,Quilogramas por Hectare,True,Witmarsum,SC
4219507,Xanxerê (SC),,Quilogramas por Hectare,True,Xanxerê,SC
4219606,Xavantina (SC),,Quilogramas por Hectare,True,Xavantina,SC
4219705,Xaxim (SC),,Quilogramas por Hectare,True,Xaxim,SC
4219853,Zortéa (SC),,Quilogramas por Hectare,True,Zortéa,SC
4220000,Balneário Rincão (SC),,Quilogramas por Hectare,True,Balneário Rincão,SC
4300034,Aceguá (RS),,Quilogramas por Hectare,True,Aceguá,RS
4300059,Água Santa (RS),,Quilogramas por Hectare,True,Água Santa,RS
4300109,Agudo (RS),,Quilogramas por Hectare,True,Agudo,RS
4300208,Ajuricaba (RS),,Quilogramas por Hectare,True,Ajuricaba,RS
4300307,Alecrim (RS),,Quilogramas por Hectare,True,Alecrim,RS
4300406,Alegrete (RS),,Quilogramas por Hectare,True,Alegrete,RS
4300455,Alegria (RS),,Quilogramas por Hectare,True,Alegria,RS
4300471,Almirante Tamandaré do Sul (RS),,Quilogramas por Hectare,True,Almirante Tamandaré do Sul,RS
4300505,Alpestre (RS),,Quilogramas por Hectare,True,Alpestre,RS
4300554,Alto Alegre (RS),,Quilogramas por Hectare,True,Alto Alegre,RS
4300570,Alto Feliz (RS),,Quilogramas por Hectare,True,Alto Feliz,RS
4300604,Alvorada (RS),,Quilogramas por Hectare,True,Alvorada,RS
4300638,Amaral Ferrador (RS),,Quilogramas por Hectare,True,Amaral Ferrador,RS
4300646,Ametista do Sul (RS),,Quilogramas por Hectare,True,Ametista do Sul,RS
4300661,André da Rocha (RS),,Quilogramas por Hectare,True,André da Rocha,RS
4300703,Anta Gorda (RS),,Quilogramas por Hectare,True,Anta Gorda,RS
4300802,Antônio Prado (RS),,Quilogramas por Hectare,True,Antônio Prado,RS
4300851,Arambaré (RS),,Quilogramas por Hectare,True,Arambaré,RS
4300877,Araricá (RS),,Quilogramas por Hectare,True,Araricá,RS
4300901,Aratiba (RS),,Quilogramas por Hectare,True,Aratiba,RS
4301008,Arroio do Meio (RS),,Quilogramas por Hectare,True,Arroio do Meio,RS
4301057,Arroio do Sal (RS),,Quilogramas por Hectare,True,Arroio do Sal,RS
4301073,Arroio do Padre (RS),,Quilogramas por Hectare,True,Arroio do Padre,RS
4301107,Arroio dos Ratos (RS),,Quilogramas por Hectare,True,Arroio dos Ratos,RS
4301206,Arroio do Tigre (RS),,Quilogramas por Hectare,True,Arroio do Tigre,RS
4301305,Arroio Grande (RS),,Quilogramas por Hectare,True,Arroio Grande,RS
4301404,Arvorezinha (RS),,Quilogramas por Hectare,True,Arvorezinha,RS
4301503,Augusto Pestana (RS),,Quilogramas por Hectare,True,Augusto Pestana,RS
4301552,Áurea (RS),,Quilogramas por Hectare,True,Áurea,RS
4301602,Bagé (RS),,Quilogramas por Hectare,True,Bagé,RS
4301636,Balneário Pinhal (RS),,Quilogramas por Hectare,True,Balneário Pinhal,RS
4301651,Barão (RS),,Quilogramas por Hectare,True,Barão,RS
4301701,Barão de Cotegipe (RS),,Quilogramas por Hectare,True,Barão de Cotegipe,RS
4301750,Barão do Triunfo (RS),,Quilogramas por Hectare,True,Barão do Triunfo,RS
4301800,Barracão (RS),,Quilogramas por Hectare,True,Barracão,RS
4301859,Barra do Guarita (RS),,Quilogramas por Hectare,True,Barra do Guarita,RS
4301875,Barra do Quaraí (RS),,Quilogramas por Hectare,True,Barra do Quaraí,RS
4301909,Barra do Ribeiro (RS),,Quilogramas por Hectare,True,Barra do Ribeiro,RS
4301925,Barra do Rio Azul (RS),,Quilogramas por Hectare,True,Barra do Rio Azul,RS
4301958,Barra Funda (RS),,Quilogramas por Hectare,True,Barra Funda,RS
4302006,Barros Cassal (RS),,Quilogramas por Hectare,True,Barros Cassal,RS
4302055,Benjamin Constant do Sul (RS),,Quilogramas por Hectare,True,Benjamin Constant do Sul,RS
4302105,Bento Gonçalves (RS),,Quilogramas por Hectare,True,Bento Gonçalves,RS
4302154,Boa Vista das Missões (RS),,Quilogramas por Hectare,True,Boa Vista das Missões,RS
4302204,Boa Vista do Buricá (RS),,Quilogramas por Hectare,True,Boa Vista do Buricá,RS
4302220,Boa Vista do Cadeado (RS),,Quilogramas por Hectare,True,Boa Vista do Cadeado,RS
4302238,Boa Vista do Incra (RS),,Quilogramas por Hectare,True,Boa Vista do Incra,RS
4302253,Boa Vista do Sul (RS),,Quilogramas por Hectare,True,Boa Vista do Sul,RS
4302303,Bom Jesus (RS),,Quilogramas por Hectare,True,Bom Jesus,RS
4302352,Bom Princípio (RS),,Quilogramas por Hectare,True,Bom Princípio,RS
4302378,Bom Progresso (RS),,Quilogramas por Hectare,True,Bom Progresso,RS
4302402,Bom Retiro do Sul (RS),,Quilogramas por Hectare,True,Bom Retiro do Sul,RS
4302451,Boqueirão do Leão (RS),,Quilogramas por Hectare,True,Boqueirão do Leão,RS
4302501,Bossoroca (RS),,Quilogramas por Hectare,True,Bossoroca,RS
4302584,Bozano (RS),,Quilogramas por Hectare,True,Bozano,RS
4302600,Braga (RS),,Quilogramas por Hectare,True,Braga,RS
4302659,Brochier (RS),,Quilogramas por Hectare,True,Brochier,RS
4302709,Butiá (RS),,Quilogramas por Hectare,True,Butiá,RS
4302808,Caçapava do Sul (RS),,Quilogramas por Hectare,True,Caçapava do Sul,RS
4302907,Cacequi (RS),,Quilogramas por Hectare,True,Cacequi,RS
4303004,Cachoeira do Sul (RS),,Quilogramas por Hectare,True,Cachoeira do Sul,RS
4303103,Cachoeirinha (RS),,Quilogramas por Hectare,True,Cachoeirinha,RS
4303202,Cacique Doble (RS),,Quilogramas por Hectare,True,Cacique Doble,RS
4303301,Caibaté (RS),,Quilogramas por Hectare,True,Caibaté,RS
4303400,Caiçara (RS),,Quilogramas por Hectare,True,Caiçara,RS
4303509,Camaquã (RS),,Quilogramas por Hectare,True,Camaquã,RS
4303558,Camargo (RS),,Quilogramas por Hectare,True,Camargo,RS
4303608,Cambará do Sul (RS),,Quilogramas por Hectare,True,Cambará do Sul,RS
4303673,Campestre da Serra (RS),,Quilogramas por Hectare,True,Campestre da Serra,RS
4303707,Campina das Missões (RS),,Quilogramas por Hectare,True,Campina das Missões,RS
4303806,Campinas do Sul (RS),,Quilogramas por Hectare,True,Campinas do Sul,RS
4303905,Campo Bom (RS),,Quilogramas por Hectare,True,Campo Bom,RS
4304002,Campo Novo (RS),,Quilogramas por Hectare,True,Campo Novo,RS
4304101,Campos Borges (RS),,Quilogramas por Hectare,True,Campos Borges,RS
4304200,Candelária (RS),,Quilogramas por Hectare,True,Candelária,RS
4304309,Cândido Godói (RS),,Quilogramas por Hectare,True,Cândido Godói,RS
4304358,Candiota (RS),,Quilogramas por Hectare,True,Candiota,RS
4304408,Canela (RS),,Quilogramas por Hectare,True,Canela,RS
4304507,Canguçu (RS),,Quilogramas por Hectare,True,Canguçu,RS
4304606,Canoas (RS),,Quilogramas por Hectare,True,Canoas,RS
4304614,Canudos do Vale (RS),,Quilogramas por Hectare,True,Canudos do Vale,RS
4304622,Capão Bonito do Sul (RS),,Quilogramas por Hectare,True,Capão Bonito do Sul,RS
4304630,Capão da Canoa (RS),,Quilogramas por Hectare,True,Capão da Canoa,RS
4304655,Capão do Cipó (RS),,Quilogramas por Hectare,True,Capão do Cipó,RS
4304663,Capão do Leão (RS),,Quilogramas por Hectare,True,Capão do Leão,RS
4304671,Capivari do Sul (RS),,Quilogramas por Hectare,True,Capivari do Sul,RS
4304689,Capela de Santana (RS),,Quilogramas por Hectare,True,Capela de Santana,RS
4304697,Capitão (RS),,Quilogramas por Hectare,True,Capitão,RS
4304705,Carazinho (RS),,Quilogramas por Hectare,True,Carazinho,RS
4304713,Caraá (RS),,Quilogramas por Hectare,True,Caraá,RS
4304804,Carlos Barbosa (RS),,Quilogramas por Hectare,True,Carlos Barbosa,RS
4304853,Carlos Gomes (RS),,Quilogramas por Hectare,True,Carlos Gomes,RS
4304903,Casca (RS),,Quilogramas por Hectare,True,Casca,RS
4304952,Caseiros (RS),,Quilogramas por Hectare,True,Caseiros,RS
4305009,Catuípe (RS),,Quilogramas por Hectare,True,Catuípe,RS
4305108,Caxias do Sul (RS),,Quilogramas por Hectare,True,Caxias do Sul,RS
4305116,Centenário (RS),,Quilogramas por Hectare,True,Centenário,RS
4305124,Cerrito (RS),,Quilogramas por Hectare,True,Cerrito,RS
4305132,Cerro Branco (RS),,Quilogramas por Hectare,True,Cerro Branco,RS
4305157,Cerro Grande (RS),,Quilogramas por Hectare,True,Cerro Grande,RS
4305173,Cerro Grande do Sul (RS),,Quilogramas por Hectare,True,Cerro Grande do Sul,RS
4305207,Cerro Largo (RS),,Quilogramas por Hectare,True,Cerro Largo,RS
4305306,Chapada (RS),,Quilogramas por Hectare,True,Chapada,RS
4305355,Charqueadas (RS),,Quilogramas por Hectare,True,Charqueadas,RS
4305371,Charrua (RS),,Quilogramas por Hectare,True,Charrua,RS
4305405,Chiapetta (RS),,Quilogramas por Hectare,True,Chiapetta,RS
4305447,Chuvisca (RS),,Quilogramas por Hectare,True,Chuvisca,RS
4305454,Cidreira (RS),,Quilogramas por Hectare,True,Cidreira,RS
4305504,Ciríaco (RS),,Quilogramas por Hectare,True,Ciríaco,RS
4305587,Colinas (RS),,Quilogramas por Hectare,True,Colinas,RS
4305603,Colorado (RS),,Quilogramas por Hectare,True,Colorado,RS
4305702,Condor (RS),,Quilogramas por Hectare,True,Condor,RS
4305801,Constantina (RS),,Quilogramas por Hectare,True,Constantina,RS
4305835,Coqueiro Baixo (RS),,Quilogramas por Hectare,True,Coqueiro Baixo,RS
4305850,Coqueiros do Sul (RS),,Quilogramas por Hectare,True,Coqueiros do Sul,RS
4305871,Coronel Barros (RS),,Quilogramas por Hectare,True,Coronel Barros,RS
4305900,Coronel Bicaco (RS),,Quilogramas por Hectare,True,Coronel Bicaco,RS
4305934,Coronel Pilar (RS),,Quilogramas por Hectare,True,Coronel Pilar,RS
4305959,Cotiporã (RS),,Quilogramas por Hectare,True,Cotiporã,RS
4305975,Coxilha (RS),,Quilogramas por Hectare,True,Coxilha,RS
4306007,Crissiumal (RS),,Quilogramas por Hectare,True,Crissiumal,RS
4306056,Cristal (RS),,Quilogramas por Hectare,True,Cristal,RS
4306072,Cristal do Sul (RS),,Quilogramas por Hectare,True,Cristal do Sul,RS
4306106,Cruz Alta (RS),,Quilogramas por Hectare,True,Cruz Alta,RS
4306130,Cruzaltense (RS),,Quilogramas por Hectare,True,Cruzaltense,RS
4306205,Cruzeiro do Sul (RS),,Quilogramas por Hectare,True,Cruzeiro do Sul,RS
4306304,David Canabarro (RS),,Quilogramas por Hectare,True,David Canabarro,RS
4306320,Derrubadas (RS),,Quilogramas por Hectare,True,Derrubadas,RS
4306353,Dezesseis de Novembro (RS),,Quilogramas por Hectare,True,Dezesseis de Novembro,RS
4306379,Dilermando de Aguiar (RS),,Quilogramas por Hectare,True,Dilermando de Aguiar,RS
4306403,Dois Irmãos (RS),,Quilogramas por Hectare,True,Dois Irmãos,RS
4306429,Dois Irmãos das Missões (RS),,Quilogramas por Hectare,True,Dois Irmãos das Missões,RS
4306452,Dois Lajeados (RS),,Quilogramas por Hectare,True,Dois Lajeados,RS
4306502,Dom Feliciano (RS),,Quilogramas por Hectare,True,Dom Feliciano,RS
4306551,Dom Pedro de Alcântara (RS),,Quilogramas por Hectare,True,Dom Pedro de Alcântara,RS
4306601,Dom Pedrito (RS),,Quilogramas por Hectare,True,Dom Pedrito,RS
4306700,Dona Francisca (RS),,Quilogramas por Hectare,True,Dona Francisca,RS
4306734,Doutor Maurício Cardoso (RS),,Quilogramas por Hectare,True,Doutor Maurício Cardoso,RS
4306759,Doutor Ricardo (RS),,Quilogramas por Hectare,True,Doutor Ricardo,RS
4306767,Eldorado do Sul (RS),,Quilogramas por Hectare,True,Eldorado do Sul,RS
4306809,Encantado (RS),,Quilogramas por Hectare,True,Encantado,RS
4306908,Encruzilhada do Sul (RS),,Quilogramas por Hectare,True,Encruzilhada do Sul,RS
4306924,Engenho Velho (RS),,Quilogramas por Hectare,True,Engenho Velho,RS
4306932,Entre-Ijuís (RS),,Quilogramas por Hectare,True,Entre-Ijuís,RS
4306957,Entre Rios do Sul (RS),,Quilogramas por Hectare,True,Entre Rios do Sul,RS
4306973,Erebango (RS),,Quilogramas por Hectare,True,Erebango,RS
4307005,Erechim (RS),,Quilogramas por Hectare,True,Erechim,RS
4307054,Ernestina (RS),,Quilogramas por Hectare,True,Ernestina,RS
4307104,Herval (RS),,Quilogramas por Hectare,True,Herval,RS
4307203,Erval Grande (RS),,Quilogramas por Hectare,True,Erval Grande,RS
4307302,Erval Seco (RS),,Quilogramas por Hectare,True,Erval Seco,RS
4307401,Esmeralda (RS),,Quilogramas por Hectare,True,Esmeralda,RS
4307450,Esperança do Sul (RS),,Quilogramas por Hectare,True,Esperança do Sul,RS
4307500,Espumoso (RS),,Quilogramas por Hectare,True,Espumoso,RS
4307559,Estação (RS),,Quilogramas por Hectare,True,Estação,RS
4307609,Estância Velha (RS),,Quilogramas por Hectare,True,Estância Velha,RS
4307708,Esteio (RS),,Quilogramas por Hectare,True,Esteio,RS
4307807,Estrela (RS),,Quilogramas por Hectare,True,Estrela,RS
4307815,Estrela Velha (RS),,Quilogramas por Hectare,True,Estrela Velha,RS
4307831,Eugênio de Castro (RS),,Quilogramas por Hectare,True,Eugênio de Castro,RS
4307864,Fagundes Varela (RS),,Quilogramas por Hectare,True,Fagundes Varela,RS
4307906,Farroupilha (RS),,Quilogramas por Hectare,True,Farroupilha,RS
4308003,Faxinal do Soturno (RS),,Quilogramas por Hectare,True,Faxinal do Soturno,RS
4308052,Faxinalzinho (RS),,Quilogramas por Hectare,True,Faxinalzinho,RS
4308078,Fazenda Vilanova (RS),,Quilogramas por Hectare,True,Fazenda Vilanova,RS
4308102,Feliz (RS),,Quilogramas por Hectare,True,Feliz,RS
4308201,Flores da Cunha (RS),,Quilogramas por Hectare,True,Flores da Cunha,RS
4308250,Floriano Peixoto (RS),,Quilogramas por Hectare,True,Floriano Peixoto,RS
4308300,Fontoura Xavier (RS),,Quilogramas por Hectare,True,Fontoura Xavier,RS
4308409,Formigueiro (RS),,Quilogramas por Hectare,True,Formigueiro,RS
4308433,Forquetinha (RS),,Quilogramas por Hectare,True,Forquetinha,RS
4308458,Fortaleza dos Valos (RS),,Quilogramas por Hectare,True,Fortaleza dos Valos,RS
4308508,Frederico Westphalen (RS),,Quilogramas por Hectare,True,Frederico Westphalen,RS
4308607,Garibaldi (RS),,Quilogramas por Hectare,True,Garibaldi,RS
4308656,Garruchos (RS),,Quilogramas por Hectare,True,Garruchos,RS
4308706,Gaurama (RS),,Quilogramas por Hectare,True,Gaurama,RS
4308805,General Câmara (RS),,Quilogramas por Hectare,True,General Câmara,RS
4308854,Gentil (RS),,Quilogramas por Hectare,True,Gentil,RS
4308904,Getúlio Vargas (RS),,Quilogramas por Hectare,True,Getúlio Vargas,RS
4309001,Giruá (RS),,Quilogramas por Hectare,True,Giruá,RS
4309050,Glorinha (RS),,Quilogramas por Hectare,True,Glorinha,RS
4309100,Gramado (RS),,Quilogramas por Hectare,True,Gramado,RS
4309126,Gramado dos Loureiros (RS),,Quilogramas por Hectare,True,Gramado dos Loureiros,RS
4309159,Gramado Xavier (RS),,Quilogramas por Hectare,True,Gramado Xavier,RS
4309209,Gravataí (RS),,Quilogramas por Hectare,True,Gravataí,RS
4309258,Guabiju (RS),,Quilogramas por Hectare,True,Guabiju,RS
4309308,Guaíba (RS),,Quilogramas por Hectare,True,Guaíba,RS
4309407,Guaporé (RS),,Quilogramas por Hectare,True,Guaporé,RS
4309506,Guarani das Missões (RS),,Quilogramas por Hectare,True,Guarani das Missões,RS
4309555,Harmonia (RS),,Quilogramas por Hectare,True,Harmonia,RS
4309571,Herveiras (RS),,Quilogramas por Hectare,True,Herveiras,RS
4309605,Horizontina (RS),,Quilogramas por Hectare,True,Horizontina,RS
4309654,Hulha Negra (RS),,Quilogramas por Hectare,True,Hulha Negra,RS
4309704,Humaitá (RS),,Quilogramas por Hectare,True,Humaitá,RS
4309753,Ibarama (RS),,Quilogramas por Hectare,True,Ibarama,RS
4309803,Ibiaçá (RS),,Quilogramas por Hectare,True,Ibiaçá,RS
4309902,Ibiraiaras (RS),,Quilogramas por Hectare,True,Ibiraiaras,RS
4309951,Ibirapuitã (RS),,Quilogramas por Hectare,True,Ibirapuitã,RS
4310009,Ibirubá (RS),,Quilogramas por Hectare,True,Ibirubá,RS
4310108,Igrejinha (RS),,Quilogramas por Hectare,True,Igrejinha,RS
4310207,Ijuí (RS),,Quilogramas por Hectare,True,Ijuí,RS
4310306,Ilópolis (RS),,Quilogramas por Hectare,True,Ilópolis,RS
4310363,Imigrante (RS),,Quilogramas por Hectare,True,Imigrante,RS
4310405,Independência (RS),,Quilogramas por Hectare,True,Independência,RS
4310413,Inhacorá (RS),,Quilogramas por Hectare,True,Inhacorá,RS
4310439,Ipê (RS),,Quilogramas por Hectare,True,Ipê,RS
4310462,Ipiranga do Sul (RS),,Quilogramas por Hectare,True,Ipiranga do Sul,RS
4310504,Iraí (RS),,Quilogramas por Hectare,True,Iraí,RS
4310538,Itaara (RS),,Quilogramas por Hectare,True,Itaara,RS
4310553,Itacurubi (RS),,Quilogramas por Hectare,True,Itacurubi,RS
4310579,Itapuca (RS),,Quilogramas por Hectare,True,Itapuca,RS
4310603,Itaqui (RS),,Quilogramas por Hectare,True,Itaqui,RS
4310652,Itati (RS),,Quilogramas por Hectare,True,Itati,RS
4310702,Itatiba do Sul (RS),,Quilogramas por Hectare,True,Itatiba do Sul,RS
4310751,Ivorá (RS),,Quilogramas por Hectare,True,Ivorá,RS
4310801,Ivoti (RS),,Quilogramas por Hectare,True,Ivoti,RS
4310850,Jaboticaba (RS),,Quilogramas por Hectare,True,Jaboticaba,RS
4310876,Jacuizinho (RS),,Quilogramas por Hectare,True,Jacuizinho,RS
4310900,Jacutinga (RS),,Quilogramas por Hectare,True,Jacutinga,RS
4311007,Jaguarão (RS),,Quilogramas por Hectare,True,Jaguarão,RS
4311106,Jaguari (RS),,Quilogramas por Hectare,True,Jaguari,RS
4311122,Jaquirana (RS),,Quilogramas por Hectare,True,Jaquirana,RS
4311130,Jari (RS),,Quilogramas por Hectare,True,Jari,RS
4311155,Jóia (RS),,Quilogramas por Hectare,True,Jóia,RS
4311205,Júlio de Castilhos (RS),,Quilogramas por Hectare,True,Júlio de Castilhos,RS
4311239,Lagoa Bonita do Sul (RS),,Quilogramas por Hectare,True,Lagoa Bonita do Sul,RS
4311254,Lagoão (RS),,Quilogramas por Hectare,True,Lagoão,RS
4311270,Lagoa dos Três Cantos (RS),,Quilogramas por Hectare,True,Lagoa dos Três Cantos,RS
4311304,Lagoa Vermelha (RS),,Quilogramas por Hectare,True,Lagoa Vermelha,RS
4311403,Lajeado (RS),,Quilogramas por Hectare,True,Lajeado,RS
4311429,Lajeado do Bugre (RS),,Quilogramas por Hectare,True,Lajeado do Bugre,RS
4311502,Lavras do Sul (RS),,Quilogramas por Hectare,True,Lavras do Sul,RS
4311601,Liberato Salzano (RS),,Quilogramas por Hectare,True,Liberato Salzano,RS
4311627,Lindolfo Collor (RS),,Quilogramas por Hectare,True,Lindolfo Collor,RS
4311643,Linha Nova (RS),,Quilogramas por Hectare,True,Linha Nova,RS
4311700,Machadinho (RS),,Quilogramas por Hectare,True,Machadinho,RS
4311718,Maçambará (RS),,Quilogramas por Hectare,True,Maçambará,RS
4311734,Mampituba (RS),,Quilogramas por Hectare,True,Mampituba,RS
4311759,Manoel Viana (RS),,Quilogramas por Hectare,True,Manoel Viana,RS
4311775,Maquiné (RS),,Quilogramas por Hectare,True,Maquiné,RS
4311791,Maratá (RS),,Quilogramas por Hectare,True,Maratá,RS
4311809,Marau (RS),,Quilogramas por Hectare,True,Marau,RS
4311908,Marcelino Ramos (RS),,Quilogramas por Hectare,True,Marcelino Ramos,RS
4311981,Mariana Pimentel (RS),,Quilogramas por Hectare,True,Mariana Pimentel,RS
4312005,Mariano Moro (RS),,Quilogramas por Hectare,True,Mariano Moro,RS
4312054,Marques de Souza (RS),,Quilogramas por Hectare,True,Marques de Souza,RS
4312104,Mata (RS),,Quilogramas por Hectare,True,Mata,RS
4312138,Mato Castelhano (RS),,Quilogramas por Hectare,True,Mato Castelhano,RS
4312153,Mato Leitão (RS),,Quilogramas por Hectare,True,Mato Leitão,RS
4312179,Mato Queimado (RS),,Quilogramas por Hectare,True,Mato Queimado,RS
4312203,Maximiliano de Almeida (RS),,Quilogramas por Hectare,True,Maximiliano de Almeida,RS
4312252,Minas do Leão (RS),,Quilogramas por Hectare,True,Minas do Leão,RS
4312302,Miraguaí (RS),,Quilogramas por Hectare,True,Miraguaí,RS
4312351,Montauri (RS),,Quilogramas por Hectare,True,Montauri,RS
4312377,Monte Alegre dos Campos (RS),,Quilogramas por Hectare,True,Monte Alegre dos Campos,RS
4312385,Monte Belo do Sul (RS),,Quilogramas por Hectare,True,Monte Belo do Sul,RS
4312401,Montenegro (RS),,Quilogramas por Hectare,True,Montenegro,RS
4312427,Mormaço (RS),,Quilogramas por Hectare,True,Mormaço,RS
4312443,Morrinhos do Sul (RS),,Quilogramas por Hectare,True,Morrinhos do Sul,RS
4312450,Morro Redondo (RS),,Quilogramas por Hectare,True,Morro Redondo,RS
4312476,Morro Reuter (RS),,Quilogramas por Hectare,True,Morro Reuter,RS
4312500,Mostardas (RS),,Quilogramas por Hectare,True,Mostardas,RS
4312609,Muçum (RS),,Quilogramas por Hectare,True,Muçum,RS
4312617,Muitos Capões (RS),,Quilogramas por Hectare,True,Muitos Capões,RS
4312625,Muliterno (RS),,Quilogramas por Hectare,True,Muliterno,RS
4312658,Não-Me-Toque (RS),,Quilogramas por Hectare,True,Não-Me-Toque,RS
4312674,Nicolau Vergueiro (RS),,Quilogramas por Hectare,True,Nicolau Vergueiro,RS
4312708,Nonoai (RS),,Quilogramas por Hectare,True,Nonoai,RS
4312757,Nova Alvorada (RS),,Quilogramas por Hectare,True,Nova Alvorada,RS
4312807,Nova Araçá (RS),,Quilogramas por Hectare,True,Nova Araçá,RS
4312906,Nova Bassano (RS),,Quilogramas por Hectare,True,Nova Bassano,RS
4312955,Nova Boa Vista (RS),,Quilogramas por Hectare,True,Nova Boa Vista,RS
4313003,Nova Bréscia (RS),,Quilogramas por Hectare,True,Nova Bréscia,RS
4313011,Nova Candelária (RS),,Quilogramas por Hectare,True,Nova Candelária,RS
4313037,Nova Esperança do Sul (RS),,Quilogramas por Hectare,True,Nova Esperança do Sul,RS
4313060,Nova Hartz (RS),,Quilogramas por Hectare,True,Nova Hartz,RS
4313086,Nova Pádua (RS),,Quilogramas por Hectare,True,Nova Pádua,RS
4313102,Nova Palma (RS),,Quilogramas por Hectare,True,Nova Palma,RS
4313201,Nova Petrópolis (RS),,Quilogramas por Hectare,True,Nova Petrópolis,RS
4313300,Nova Prata (RS),,Quilogramas por Hectare,True,Nova Prata,RS
4313334,Nova Ramada (RS),,Quilogramas por Hectare,True,Nova Ramada,RS
4313359,Nova Roma do Sul (RS),,Quilogramas por Hectare,True,Nova Roma do Sul,RS
4313375,Nova Santa Rita (RS),,Quilogramas por Hectare,True,Nova Santa Rita,RS
4313391,Novo Cabrais (RS),,Quilogramas por Hectare,True,Novo Cabrais,RS
4313409,Novo Hamburgo (RS),,Quilogramas por Hectare,True,Novo Hamburgo,RS
4313425,Novo Machado (RS),,Quilogramas por Hectare,True,Novo Machado,RS
4313441,Novo Tiradentes (RS),,Quilogramas por Hectare,True,Novo Tiradentes,RS
4313466,Novo Xingu (RS),,Quilogramas por Hectare,True,Novo Xingu,RS
4313490,Novo Barreiro (RS),,Quilogramas por Hectare,True,Novo Barreiro,RS
4313508,Osório (RS),,Quilogramas por Hectare,True,Osório,RS
4313607,Paim Filho (RS),,Quilogramas por Hectare,True,Paim Filho,RS
4313656,Palmares do Sul (RS),,Quilogramas por Hectare,True,Palmares do Sul,RS
4313706,Palmeira das Missões (RS),,Quilogramas por Hectare,True,Palmeira das Missões,RS
4313805,Palmitinho (RS),,Quilogramas por Hectare,True,Palmitinho,RS
4313904,Panambi (RS),,Quilogramas por Hectare,True,Panambi,RS
4313953,Pantano Grande (RS),,Quilogramas por Hectare,True,Pantano Grande,RS
4314001,Paraí (RS),,Quilogramas por Hectare,True,Paraí,RS
4314027,Paraíso do Sul (RS),,Quilogramas por Hectare,True,Paraíso do Sul,RS
4314035,Pareci Novo (RS),,Quilogramas por Hectare,True,Pareci Novo,RS
4314050,Parobé (RS),,Quilogramas por Hectare,True,Parobé,RS
4314068,Passa Sete (RS),,Quilogramas por Hectare,True,Passa Sete,RS
4314076,Passo do Sobrado (RS),,Quilogramas por Hectare,True,Passo do Sobrado,RS
4314100,Passo Fundo (RS),,Quilogramas por Hectare,True,Passo Fundo,RS
4314134,Paulo Bento (RS),,Quilogramas por Hectare,True,Paulo Bento,RS
4314159,Paverama (RS),,Quilogramas por Hectare,True,Paverama,RS
4314175,Pedras Altas (RS),,Quilogramas por Hectare,True,Pedras Altas,RS
4314209,Pedro Osório (RS),,Quilogramas por Hectare,True,Pedro Osório,RS
4314308,Pejuçara (RS),,Quilogramas por Hectare,True,Pejuçara,RS
4314407,Pelotas (RS),,Quilogramas por Hectare,True,Pelotas,RS
4314423,Picada Café (RS),,Quilogramas por Hectare,True,Picada Café,RS
4314456,Pinhal (RS),,Quilogramas por Hectare,True,Pinhal,RS
4314464,Pinhal da Serra (RS),,Quilogramas por Hectare,True,Pinhal da Serra,RS
4314472,Pinhal Grande (RS),,Quilogramas por Hectare,True,Pinhal Grande,RS
4314498,Pinheirinho do Vale (RS),,Quilogramas por Hectare,True,Pinheirinho do Vale,RS
4314506,Pinheiro Machado (RS),,Quilogramas por Hectare,True,Pinheiro Machado,RS
4314548,Pinto Bandeira (RS),,Quilogramas por Hectare,True,Pinto Bandeira,RS
4314555,Pirapó (RS),,Quilogramas por Hectare,True,Pirapó,RS
4314605,Piratini (RS),,Quilogramas por Hectare,True,Piratini,RS
4314704,Planalto (RS),,Quilogramas por Hectare,True,Planalto,RS
4314753,Poço das Antas (RS),,Quilogramas por Hectare,True,Poço das Antas,RS
4314779,Pontão (RS),,Quilogramas por Hectare,True,Pontão,RS
4314787,Ponte Preta (RS),,Quilogramas por Hectare,True,Ponte Preta,RS
4314803,Portão (RS),,Quilogramas por Hectare,True,Portão,RS
4314902,Porto Alegre (RS),,Quilogramas por Hectare,True,Porto Alegre,RS
4315008,Porto Lucena (RS),,Quilogramas por Hectare,True,Porto Lucena,RS
4315057,Porto Mauá (RS),,Quilogramas por Hectare,True,Porto Mauá,RS
4315073,Porto Vera Cruz (RS),,Quilogramas por Hectare,True,Porto Vera Cruz,RS
4315107,Porto Xavier (RS),,Quilogramas por Hectare,True,Porto Xavier,RS
4315131,Pouso Novo (RS),,Quilogramas por Hectare,True,Pouso Novo,RS
4315149,Presidente Lucena (RS),,Quilogramas por Hectare,True,Presidente Lucena,RS
4315156,Progresso (RS),,Quilogramas por Hectare,True,Progresso,RS
4315172,Protásio Alves (RS),,Quilogramas por Hectare,True,Protásio Alves,RS
4315206,Putinga (RS),,Quilogramas por Hectare,True,Putinga,RS
4315305,Quaraí (RS),,Quilogramas por Hectare,True,Quaraí,RS
4315313,Quatro Irmãos (RS),,Quilogramas por Hectare,True,Quatro Irmãos,RS
4315321,Quevedos (RS),,Quilogramas por Hectare,True,Quevedos,RS
4315354,Quinze de Novembro (RS),,Quilogramas por Hectare,True,Quinze de Novembro,RS
4315404,Redentora (RS),,Quilogramas por Hectare,True,Redentora,RS
4315453,Relvado (RS),,Quilogramas por Hectare,True,Relvado,RS
4315503,Restinga Sêca (RS),,Quilogramas por Hectare,True,Restinga Sêca,RS
4315552,Rio dos Índios (RS),,Quilogramas por Hectare,True,Rio dos Índios,RS
4315602,Rio Grande (RS),,Quilogramas por Hectare,True,Rio Grande,RS
4315701,Rio Pardo (RS),,Quilogramas por Hectare,True,Rio Pardo,RS
4315750,Riozinho (RS),,Quilogramas por Hectare,True,Riozinho,RS
4315800,Roca Sales (RS),,Quilogramas por Hectare,True,Roca Sales,RS
4315909,Rodeio Bonito (RS),,Quilogramas por Hectare,True,Rodeio Bonito,RS
4315958,Rolador (RS),,Quilogramas por Hectare,True,Rolador,RS
4316006,Rolante (RS),,Quilogramas por Hectare,True,Rolante,RS
4316105,Ronda Alta (RS),,Quilogramas por Hectare,True,Ronda Alta,RS
4316204,Rondinha (RS),,Quilogramas por Hectare,True,Rondinha,RS
4316303,Roque Gonzales (RS),,Quilogramas por Hectare,True,Roque Gonzales,RS
4316402,Rosário do Sul (RS),,Quilogramas por Hectare,True,Rosário do Sul,RS
4316428,Sagrada Família (RS),,Quilogramas por Hectare,True,Sagrada Família,RS
4316436,Saldanha Marinho (RS),,Quilogramas por Hectare,True,Saldanha Marinho,RS
4316451,Salto do Jacuí (RS),,Quilogramas por Hectare,True,Salto do Jacuí,RS
4316477,Salvador das Missões (RS),,Quilogramas por Hectare,True,Salvador das Missões,RS
4316501,Salvador do Sul (RS),,Quilogramas por Hectare,True,Salvador do Sul,RS
4316600,Sananduva (RS),,Quilogramas por Hectare,True,Sananduva,RS
4316709,Santa Bárbara do Sul (RS),,Quilogramas por Hectare,True,Santa Bárbara do Sul,RS
4316733,Santa Cecília do Sul (RS),,Quilogramas por Hectare,True,Santa Cecília do Sul,RS
4316758,Santa Clara do Sul (RS),,Quilogramas por Hectare,True,Santa Clara do Sul,RS
4316808,Santa Cruz do Sul (RS),,Quilogramas por Hectare,True,Santa Cruz do Sul,RS
4316907,Santa Maria (RS),,Quilogramas por Hectare,True,Santa Maria,RS
4316956,Santa Maria do Herval (RS),,Quilogramas por Hectare,True,Santa Maria do Herval,RS
4316972,Santa Margarida do Sul (RS),,Quilogramas por Hectare,True,Santa Margarida do Sul,RS
4317004,Santana da Boa Vista (RS),,Quilogramas por Hectare,True,Santana da Boa Vista,RS
4317103,Sant'Ana do Livramento (RS),,Quilogramas por Hectare,True,Sant'Ana do Livramento,RS
4317202,Santa Rosa (RS),,Quilogramas por Hectare,True,Santa Rosa,RS
4317251,Santa Tereza (RS),,Quilogramas por Hectare,True,Santa Tereza,RS
4317301,Santa Vitória do Palmar (RS),,Quilogramas por Hectare,True,Santa Vitória do Palmar,RS
4317400,Santiago (RS),,Quilogramas por Hectare,True,Santiago,RS
4317509,Santo Ângelo (RS),,Quilogramas por Hectare,True,Santo Ângelo,RS
4317558,Santo Antônio do Palma (RS),,Quilogramas por Hectare,True,Santo Antônio do Palma,RS
4317608,Santo Antônio da Patrulha (RS),,Quilogramas por Hectare,True,Santo Antônio da Patrulha,RS
4317707,Santo Antônio das Missões (RS),,Quilogramas por Hectare,True,Santo Antônio das Missões,RS
4317756,Santo Antônio do Planalto (RS),,Quilogramas por Hectare,True,Santo Antônio do Planalto,RS
4317806,Santo Augusto (RS),,Quilogramas por Hectare,True,Santo Augusto,RS
4317905,Santo Cristo (RS),,Quilogramas por Hectare,True,Santo Cristo,RS
4317954,Santo Expedito do Sul (RS),,Quilogramas por Hectare,True,Santo Expedito do Sul,RS
4318002,São Borja (RS),,Quilogramas por Hectare,True,São Borja,RS
4318051,São Domingos do Sul (RS),,Quilogramas por Hectare,True,São Domingos do Sul,RS
4318101,São Francisco de Assis (RS),,Quilogramas por Hectare,True,São Francisco de Assis,RS
4318200,São Francisco de Paula (RS),,Quilogramas por Hectare,True,São Francisco de Paula,RS
4318309,São Gabriel (RS),,Quilogramas por Hectare,True,São Gabriel,RS
4318408,São Jerônimo (RS),,Quilogramas por Hectare,True,São Jerônimo,RS
4318424,São João da Urtiga (RS),,Quilogramas por Hectare,True,São João da Urtiga,RS
4318432,São João do Polêsine (RS),,Quilogramas por Hectare,True,São João do Polêsine,RS
4318440,São Jorge (RS),,Quilogramas por Hectare,True,São Jorge,RS
4318457,São José das Missões (RS),,Quilogramas por Hectare,True,São José das Missões,RS
4318465,São José do Herval (RS),,Quilogramas por Hectare,True,São José do Herval,RS
4318481,São José do Hortêncio (RS),,Quilogramas por Hectare,True,São José do Hortêncio,RS
4318499,São José do Inhacorá (RS),,Quilogramas por Hectare,True,São José do Inhacorá,RS
4318507,São José do Norte (RS),,Quilogramas por Hectare,True,São José do Norte,RS
4318606,São José do Ouro (RS),,Quilogramas por Hectare,True,São José do Ouro,RS
4318614,São José do Sul (RS),,Quilogramas por Hectare,True,São José do Sul,RS
4318622,São José dos Ausentes (RS),,Quilogramas por Hectare,True,São José dos Ausentes,RS
4318705,São Leopoldo (RS),,Quilogramas por Hectare,True,São Leopoldo,RS
4318804,São Lourenço do Sul (RS),,Quilogramas por Hectare,True,São Lourenço do Sul,RS
4318903,São Luiz Gonzaga (RS),,Quilogramas por Hectare,True,São Luiz Gonzaga,RS
4319000,São Marcos (RS),,Quilogramas por Hectare,True,São Marcos,RS
4319109,São Martinho (RS),,Quilogramas por Hectare,True,São Martinho,RS
4319125,São Martinho da Serra (RS),,Quilogramas por Hectare,True,São Martinho da Serra,RS
4319158,São Miguel das Missões (RS),,Quilogramas por Hectare,True,São Miguel das Missões,RS
4319208,São Nicolau (RS),,Quilogramas por Hectare,True,São Nicolau,RS
4319307,São Paulo das Missões (RS),,Quilogramas por Hectare,True,São Paulo das Missões,RS
4319356,São Pedro da Serra (RS),,Quilogramas por Hectare,True,São Pedro da Serra,RS
4319364,São Pedro das Missões (RS),,Quilogramas por Hectare,True,São Pedro das Missões,RS
4319372,São Pedro do Butiá (RS),,Quilogramas por Hectare,True,São Pedro do Butiá,RS
4319406,São Pedro do Sul (RS),,Quilogramas por Hectare,True,São Pedro do Sul,RS
4319505,São Sebastião do Caí (RS),,Quilogramas por Hectare,True,São Sebastião do Caí,RS
4319604,São Sepé (RS),,Quilogramas por Hectare,True,São Sepé,RS
4319703,São Valentim (RS),,Quilogramas por Hectare,True,São Valentim,RS
4319711,São Valentim do Sul (RS),,Quilogramas por Hectare,True,São Valentim do Sul,RS
4319737,São Valério do Sul (RS),,Quilogramas por Hectare,True,São Valério do Sul,RS
4319752,São Vendelino (RS),,Quilogramas por Hectare,True,São Vendelino,RS
4319802,São Vicente do Sul (RS),,Quilogramas por Hectare,True,São Vicente do Sul,RS
4319901,Sapiranga (RS),,Quilogramas por Hectare,True,Sapiranga,RS
4320008,Sapucaia do Sul (RS),,Quilogramas por Hectare,True,Sapucaia do Sul,RS
4320107,Sarandi (RS),,Quilogramas por Hectare,True,Sarandi,RS
4320206,Seberi (RS),,Quilogramas por Hectare,True,Seberi,RS
4320230,Sede Nova (RS),,Quilogramas por Hectare,True,Sede Nova,RS
4320263,Segredo (RS),,Quilogramas por Hectare,True,Segredo,RS
4320305,Selbach (RS),,Quilogramas por Hectare,True,Selbach,RS
4320321,Senador Salgado Filho (RS),,Quilogramas por Hectare,True,Senador Salgado Filho,RS
4320354,Sentinela do Sul (RS),,Quilogramas por Hectare,True,Sentinela do Sul,RS
4320404,Serafina Corrêa (RS),,Quilogramas por Hectare,True,Serafina Corrêa,RS
4320453,Sério (RS),,Quilogramas por Hectare,True,Sério,RS
4320503,Sertão (RS),,Quilogramas por Hectare,True,Sertão,RS
4320552,Sertão Santana (RS),,Quilogramas por Hectare,True,Sertão Santana,RS
4320578,Sete de Setembro (RS),,Quilogramas por Hectare,True,Sete de Setembro,RS
4320602,Severiano de Almeida (RS),,Quilogramas por Hectare,True,Severiano de Almeida,RS
4320651,Silveira Martins (RS),,Quilogramas por Hectare,True,Silveira Martins,RS
4320677,Sinimbu (RS),,Quilogramas por Hectare,True,Sinimbu,RS
4320701,Sobradinho (RS),,Quilogramas por Hectare,True,Sobradinho,RS
4320800,Soledade (RS),,Quilogramas por Hectare,True,Soledade,RS
4320859,Tabaí (RS),,Quilogramas por Hectare,True,Tabaí,RS
4320909,Tapejara (RS),,Quilogramas por Hectare,True,Tapejara,RS
4321006,Tapera (RS),,Quilogramas por Hectare,True,Tapera,RS
4321105,Tapes (RS),,Quilogramas por Hectare,True,Tapes,RS
4321204,Taquara (RS),,Quilogramas por Hectare,True,Taquara,RS
4321303,Taquari (RS),,Quilogramas por Hectare,True,Taquari,RS
4321329,Taquaruçu do Sul (RS),,Quilogramas por Hectare,True,Taquaruçu do Sul,RS
4321352,Tavares (RS),,Quilogramas por Hectare,True,Tavares,RS
4321402,Tenente Portela (RS),,Quilogramas por Hectare,True,Tenente Portela,RS
4321436,Terra de Areia (RS),,Quilogramas por Hectare,True,Terra de Areia,RS
4321451,Teutônia (RS),,Quilogramas por Hectare,True,Teutônia,RS
4321469,Tio Hugo (RS),,Quilogramas por Hectare,True,Tio Hugo,RS
4321477,Tiradentes do Sul (RS),,Quilogramas por Hectare,True,Tiradentes do Sul,RS
4321493,Toropi (RS),,Quilogramas por Hectare,True,Toropi,RS
4321501,Torres (RS),,Quilogramas por Hectare,True,Torres,RS
4321600,Tramandaí (RS),,Quilogramas por Hectare,True,Tramandaí,RS
4321626,Travesseiro (RS),,Quilogramas por Hectare,True,Travesseiro,RS
4321634,Três Arroios (RS),,Quilogramas por Hectare,True,Três Arroios,RS
4321667,Três Cachoeiras (RS),,Quilogramas por Hectare,True,Três Cachoeiras,RS
4321709,Três Coroas (RS),,Quilogramas por Hectare,True,Três Coroas,RS
4321808,Três de Maio (RS),,Quilogramas por Hectare,True,Três de Maio,RS
4321832,Três Forquilhas (RS),,Quilogramas por Hectare,True,Três Forquilhas,RS
4321857,Três Palmeiras (RS),,Quilogramas por Hectare,True,Três Palmeiras,RS
4321907,Três Passos (RS),,Quilogramas por Hectare,True,Três Passos,RS
4321956,Trindade do Sul (RS),,Quilogramas por Hectare,True,Trindade do Sul,RS
4322004,Triunfo (RS),,Quilogramas por Hectare,True,Triunfo,RS
4322103,Tucunduva (RS),,Quilogramas por Hectare,True,Tucunduva,RS
4322152,Tunas (RS),,Quilogramas por Hectare,True,Tunas,RS
4322186,Tupanci do Sul (RS),,Quilogramas por Hectare,True,Tupanci do Sul,RS
4322202,Tupanciretã (RS),,Quilogramas por Hectare,True,Tupanciretã,RS
4322251,Tupandi (RS),,Quilogramas por Hectare,True,Tupandi,RS
4322301,Tuparendi (RS),,Quilogramas por Hectare,True,Tuparendi,RS
4322327,Turuçu (RS),,Quilogramas por Hectare,True,Turuçu,RS
4322343,Ubiretama (RS),,Quilogramas por Hectare,True,Ubiretama,RS
4322350,União da Serra (RS),,Quilogramas por Hectare,True,União da Serra,RS
4322376,Unistalda (RS),,Quilogramas por Hectare,True,Unistalda,RS
4322400,Uruguaiana (RS),,Quilogramas por Hectare,True,Uruguaiana,RS
4322509,Vacaria (RS),,Quilogramas por Hectare,True,Vacaria,RS
4322525,Vale Verde (RS),,Quilogramas por Hectare,True,Vale Verde,RS
4322533,Vale do Sol (RS),,Quilogramas por Hectare,True,Vale do Sol,RS
4322541,Vale Real (RS),,Quilogramas por Hectare,True,Vale Real,RS
4322558,Vanini (RS),,Quilogramas por Hectare,True,Vanini,RS
4322608,Venâncio Aires (RS),,Quilogramas por Hectare,True,Venâncio Aires,RS
4322707,Vera Cruz (RS),,Quilogramas por Hectare,True,Vera Cruz,RS
4322806,Veranópolis (RS),,Quilogramas por Hectare,True,Veranópolis,RS
4322855,Vespasiano Corrêa (RS),,Quilogramas por Hectare,True,Vespasiano Corrêa,RS
4322905,Viadutos (RS),,Quilogramas por Hectare,True,Viadutos,RS
4323002,Viamão (RS),,Quilogramas por Hectare,True,Viamão,RS
4323101,Vicente Dutra (RS),,Quilogramas por Hectare,True,Vicente Dutra,RS
4323200,Victor Graeff (RS),,Quilogramas por Hectare,True,Victor Graeff,RS
4323309,Vila Flores (RS),,Quilogramas por Hectare,True,Vila Flores,RS
4323358,Vila Lângaro (RS),,Quilogramas por Hectare,True,Vila Lângaro,RS
4323408,Vila Maria (RS),,Quilogramas por Hectare,True,Vila Maria,RS
4323457,Vila Nova do Sul (RS),,Quilogramas por Hectare,True,Vila Nova do Sul,RS
4323507,Vista Alegre (RS),,Quilogramas por Hectare,True,Vista Alegre,RS
4323606,Vista Alegre do Prata (RS),,Quilogramas por Hectare,True,Vista Alegre do Prata,RS
4323705,Vista Gaúcha (RS),,Quilogramas por Hectare,True,Vista Gaúcha,RS
4323754,Vitória das Missões (RS),,Quilogramas por Hectare,True,Vitória das Missões,RS
4323770,Westfália (RS),,Quilogramas por Hectare,True,Westfália,RS
5000203,Água Clara (MS),,Quilogramas por Hectare,True,Água Clara,MS
5000252,Alcinópolis (MS),,Quilogramas por Hectare,True,Alcinópolis,MS
5000609,Amambai (MS),,Quilogramas por Hectare,True,Amambai,MS
5000708,Anastácio (MS),,Quilogramas por Hectare,True,Anastácio,MS
5000807,Anaurilândia (MS),,Quilogramas por Hectare,True,Anaurilândia,MS
5000856,Angélica (MS),,Quilogramas por Hectare,True,Angélica,MS
5000906,Antônio João (MS),,Quilogramas por Hectare,True,Antônio João,MS
5001003,Aparecida do Taboado (MS),,Quilogramas por Hectare,True,Aparecida do Taboado,MS
5001102,Aquidauana (MS),,Quilogramas por Hectare,True,Aquidauana,MS
5001243,Aral Moreira (MS),,Quilogramas por Hectare,True,Aral Moreira,MS
5001508,Bandeirantes (MS),,Quilogramas por Hectare,True,Bandeirantes,MS
5001904,Bataguassu (MS),,Quilogramas por Hectare,True,Bataguassu,MS
5002001,Batayporã (MS),,Quilogramas por Hectare,True,Batayporã,MS
5002100,Bela Vista (MS),,Quilogramas por Hectare,True,Bela Vista,MS
5002159,Bodoquena (MS),,Quilogramas por Hectare,True,Bodoquena,MS
5002209,Bonito (MS),,Quilogramas por Hectare,True,Bonito,MS
5002308,Brasilândia (MS),,Quilogramas por Hectare,True,Brasilândia,MS
5002407,Caarapó (MS),,Quilogramas por Hectare,True,Caarapó,MS
5002605,Camapuã (MS),,Quilogramas por Hectare,True,Camapuã,MS
5002704,Campo Grande (MS),,Quilogramas por Hectare,True,Campo Grande,MS
5002803,Caracol (MS),,Quilogramas por Hectare,True,Caracol,MS
5002902,Cassilândia (MS),,Quilogramas por Hectare,True,Cassilândia,MS
5002951,Chapadão do Sul (MS),,Quilogramas por Hectare,True,Chapadão do Sul,MS
5003108,Corguinho (MS),,Quilogramas por Hectare,True,Corguinho,MS
5003157,Coronel Sapucaia (MS),,Quilogramas por Hectare,True,Coronel Sapucaia,MS
5003207,Corumbá (MS),,Quilogramas por Hectare,True,Corumbá,MS
5003256,Costa Rica (MS),,Quilogramas por Hectare,True,Costa Rica,MS
5003306,Coxim (MS),,Quilogramas por Hectare,True,Coxim,MS
5003454,Deodápolis (MS),,Quilogramas por Hectare,True,Deodápolis,MS
5003488,Dois Irmãos do Buriti (MS),,Quilogramas por Hectare,True,Dois Irmãos do Buriti,MS
5003504,Douradina (MS),,Quilogramas por Hectare,True,Douradina,MS
5003702,Dourados (MS),,Quilogramas por Hectare,True,Dourados,MS
5003751,Eldorado (MS),,Quilogramas por Hectare,True,Eldorado,MS
5003801,Fátima do Sul (MS),,Quilogramas por Hectare,True,Fátima do Sul,MS
5003900,Figueirão (MS),,Quilogramas por Hectare,True,Figueirão,MS
5004007,Glória de Dourados (MS),,Quilogramas por Hectare,True,Glória de Dourados,MS
5004106,Guia Lopes da Laguna (MS),,Quilogramas por Hectare,True,Guia Lopes da Laguna,MS
5004304,Iguatemi (MS),,Quilogramas por Hectare,True,Iguatemi,MS
5004403,Inocência (MS),,Quilogramas por Hectare,True,Inocência,MS
5004502,Itaporã (MS),,Quilogramas por Hectare,True,Itaporã,MS
5004601,Itaquiraí (MS),,Quilogramas por Hectare,True,Itaquiraí,MS
5004700,Ivinhema (MS),,Quilogramas por Hectare,True,Ivinhema,MS
5004809,Japorã (MS),,Quilogramas por Hectare,True,Japorã,MS
5004908,Jaraguari (MS),,Quilogramas por Hectare,True,Jaraguari,MS
5005004,Jardim (MS),,Quilogramas por Hectare,True,Jardim,MS
5005103,Jateí (MS),,Quilogramas por Hectare,True,Jateí,MS
5005152,Juti (MS),,Quilogramas por Hectare,True,Juti,MS
5005202,Ladário (MS),,Quilogramas por Hectare,True,Ladário,MS
5005251,Laguna Carapã (MS),,Quilogramas por Hectare,True,Laguna Carapã,MS
5005400,Maracaju (MS),,Quilogramas por Hectare,True,Maracaju,MS
5005608,Miranda (MS),,Quilogramas por Hectare,True,Miranda,MS
5005681,Mundo Novo (MS),,Quilogramas por Hectare,True,Mundo Novo,MS
5005707,Naviraí (MS),,Quilogramas por Hectare,True,Naviraí,MS
5005806,Nioaque (MS),,Quilogramas por Hectare,True,Nioaque,MS
5006002,Nova Alvorada do Sul (MS),,Quilogramas por Hectare,True,Nova Alvorada do Sul,MS
5006200,Nova Andradina (MS),,Quilogramas por Hectare,True,Nova Andradina,MS
5006259,Novo Horizonte do Sul (MS),,Quilogramas por Hectare,True,Novo Horizonte do Sul,MS
5006275,Paraíso das Águas (MS),,Quilogramas por Hectare,True,Paraíso das Águas,MS
5006309,Paranaíba (MS),,Quilogramas por Hectare,True,Paranaíba,MS
5006358,Paranhos (MS),,Quilogramas por Hectare,True,Paranhos,MS
5006408,Pedro Gomes (MS),,Quilogramas por Hectare,True,Pedro Gomes,MS
5006606,Ponta Porã (MS),,Quilogramas por Hectare,True,Ponta Porã,MS
5006903,Porto Murtinho (MS),,Quilogramas por Hectare,True,Porto Murtinho,MS
5007109,Ribas do Rio Pardo (MS),,Quilogramas por Hectare,True,Ribas do Rio Pardo,MS
5007208,Rio Brilhante (MS),,Quilogramas por Hectare,True,Rio Brilhante,MS
5007307,Rio Negro (MS),,Quilogramas por Hectare,True,Rio Negro,MS
5007406,Rio Verde de Mato Grosso (MS),,Quilogramas por Hectare,True,Rio Verde de Mato Grosso,MS
5007505,Rochedo (MS),,Quilogramas por Hectare,True,Rochedo,MS
5007554,Santa Rita do Pardo (MS),,Quilogramas por Hectare,True,Santa Rita do Pardo,MS
5007695,São Gabriel do Oeste (MS),,Quilogramas por Hectare,True,São Gabriel do Oeste,MS
5007703,Sete Quedas (MS),,Quilogramas por Hectare,True,Sete Quedas,MS
5007802,Selvíria (MS),,Quilogramas por Hectare,True,Selvíria,MS
5007901,Sidrolândia (MS),,Quilogramas por Hectare,True,Sidrolândia,MS
5007935,Sonora (MS),,Quilogramas por Hectare,True,Sonora,MS
5007950,Tacuru (MS),,Quilogramas por Hectare,True,Tacuru,MS
5007976,Taquarussu (MS),,Quilogramas por Hectare,True,Taquarussu,MS
5008008,Terenos (MS),,Quilogramas por Hectare,True,Terenos,MS
5008305,Três Lagoas (MS),,Quilogramas por Hectare,True,Três Lagoas,MS
5008404,Vicentina (MS),,Quilogramas por Hectare,True,Vicentina,MS
5100102,Acorizal (MT),,Quilogramas por Hectare,True,Acorizal,MT
5100201,Água Boa (MT),,Quilogramas por Hectare,True,Água Boa,MT
5100250,Alta Floresta (MT),,Quilogramas por Hectare,True,Alta Floresta,MT
5100300,Alto Araguaia (MT),,Quilogramas por Hectare,True,Alto Araguaia,MT
5100359,Alto Boa Vista (MT),,Quilogramas por Hectare,True,Alto Boa Vista,MT
5100409,Alto Garças (MT),,Quilogramas por Hectare,True,Alto Garças,MT
5100508,Alto Paraguai (MT),,Quilogramas por Hectare,True,Alto Paraguai,MT
5100607,Alto Taquari (MT),,Quilogramas por Hectare,True,Alto Taquari,MT
5100805,Apiacás (MT),,Quilogramas por Hectare,True,Apiacás,MT
5101001,Araguaiana (MT),,Quilogramas por Hectare,True,Araguaiana,MT
5101209,Araguainha (MT),,Quilogramas por Hectare,True,Araguainha,MT
5101258,Araputanga (MT),,Quilogramas por Hectare,True,Araputanga,MT
5101308,Arenápolis (MT),,Quilogramas por Hectare,True,Arenápolis,MT
5101407,Aripuanã (MT),,Quilogramas por Hectare,True,Aripuanã,MT
5101605,Barão de Melgaço (MT),,Quilogramas por Hectare,True,Barão de Melgaço,MT
5101704,Barra do Bugres (MT),,Quilogramas por Hectare,True,Barra do Bugres,MT
5101803,Barra do Garças (MT),,Quilogramas por Hectare,True,Barra do Garças,MT
5101852,Bom Jesus do Araguaia (MT),,Quilogramas por Hectare,True,Bom Jesus do Araguaia,MT
5101902,Brasnorte (MT),,Quilogramas por Hectare,True,Brasnorte,MT
5102504,Cáceres (MT),,Quilogramas por Hectare,True,Cáceres,MT
5102603,Campinápolis (MT),,Quilogramas por Hectare,True,Campinápolis,MT
5102637,Campo Novo do Parecis (MT),,Quilogramas por Hectare,True,Campo Novo do Parecis,MT
5102678,Campo Verde (MT),,Quilogramas por Hectare,True,Campo Verde,MT
5102694,Canabrava do Norte (MT),,Quilogramas por Hectare,True,Canabrava do Norte,MT
5102702,Canarana (MT),,Quilogramas por Hectare,True,Canarana,MT
5102793,Carlinda (MT),,Quilogramas por Hectare,True,Carlinda,MT
5102850,Castanheira (MT),,Quilogramas por Hectare,True,Castanheira,MT
5103007,Chapada dos Guimarães (MT),,Quilogramas por Hectare,True,Chapada dos Guimarães,MT
5103056,Cláudia (MT),,Quilogramas por Hectare,True,Cláudia,MT
5103106,Cocalinho (MT),,Quilogramas por Hectare,True,Cocalinho,MT
5103205,Colíder (MT),6000.0,Quilogramas por Hectare,False,Colíder,MT
5103254,Colniza (MT),,Quilogramas por Hectare,True,Colniza,MT
5103304,Comodoro (MT),,Quilogramas por Hectare,True,Comodoro,MT
5103353,Confresa (MT),,Quilogramas por Hectare,True,Confresa,MT
5103361,Conquista D'Oeste (MT),,Quilogramas por Hectare,True,Conquista D'Oeste,MT
5103379,Cotriguaçu (MT),,Quilogramas por Hectare,True,Cotriguaçu,MT
5103403,Cuiabá (MT),,Quilogramas por Hectare,True,Cuiabá,MT
5103437,Curvelândia (MT),,Quilogramas por Hectare,True,Curvelândia,MT
5103452,Denise (MT),,Quilogramas por Hectare,True,Denise,MT
5103502,Diamantino (MT),,Quilogramas por Hectare,True,Diamantino,MT
5103601,Dom Aquino (MT),,Quilogramas por Hectare,True,Dom Aquino,MT
5103700,Feliz Natal (MT),,Quilogramas por Hectare,True,Feliz Natal,MT
5103809,Figueirópolis D'Oeste (MT),,Quilogramas por Hectare,True,Figueirópolis D'Oeste,MT
5103858,Gaúcha do Norte (MT),,Quilogramas por Hectare,True,Gaúcha do Norte,MT
5103908,General Carneiro (MT),,Quilogramas por Hectare,True,General Carneiro,MT
5103957,Glória D'Oeste (MT),,Quilogramas por Hectare,True,Glória D'Oeste,MT
5104104,Guarantã do Norte (MT),,Quilogramas por Hectare,True,Guarantã do Norte,MT
5104203,Guiratinga (MT),,Quilogramas por Hectare,True,Guiratinga,MT
5104500,Indiavaí (MT),,Quilogramas por Hectare,True,Indiavaí,MT
5104526,Ipiranga do Norte (MT),,Quilogramas por Hectare,True,Ipiranga do Norte,MT
5104542,Itanhangá (MT),,Quilogramas por Hectare,True,Itanhangá,MT
5104559,Itaúba (MT),,Quilogramas por Hectare,True,Itaúba,MT
5104609,Itiquira (MT),,Quilogramas por Hectare,True,Itiquira,MT
5104807,Jaciara (MT),,Quilogramas por Hectare,True,Jaciara,MT
5104906,Jangada (MT),,Quilogramas por Hectare,True,Jangada,MT
5105002,Jauru (MT),,Quilogramas por Hectare,True,Jauru,MT
5105101,Juara (MT),,Quilogramas por Hectare,True,Juara,MT
5105150,Juína (MT),,Quilogramas por Hectare,True,Juína,MT
5105176,Juruena (MT),,Quilogramas por Hectare,True,Juruena,MT
5105200,Juscimeira (MT),,Quilogramas por Hectare,True,Juscimeira,MT
5105234,Lambari D'Oeste (MT),,Quilogramas por Hectare,True,Lambari D'Oeste,MT
5105259,Lucas do Rio Verde (MT),,Quilogramas por Hectare,True,Lucas do Rio Verde,MT
5105309,Luciara (MT),,Quilogramas por Hectare,True,Luciara,MT
5105507,Vila Bela da Santíssima Trindade (MT),,Quilogramas por Hectare,True,Vila Bela da Santíssima Trindade,MT
5105580,Marcelândia (MT),,Quilogramas por Hectare,True,Marcelândia,MT
5105606,Matupá (MT),,Quilogramas por Hectare,True,Matupá,MT
5105622,Mirassol d'Oeste (MT),,Quilogramas por Hectare,True,Mirassol d'Oeste,MT
5105903,Nobres (MT),,Quilogramas por Hectare,True,Nobres,MT
5106000,Nortelândia (MT),,Quilogramas por Hectare,True,Nortelândia,MT
5106109,Nossa Senhora do Livramento (MT),,Quilogramas por Hectare,True,Nossa Senhora do Livramento,MT
5106158,Nova Bandeirantes (MT),,Quilogramas por Hectare,True,Nova Bandeirantes,MT
5106174,Nova Nazaré (MT),,Quilogramas por Hectare,True,Nova Nazaré,MT
5106182,Nova Lacerda (MT),,Quilogramas por Hectare,True,Nova Lacerda,MT
5106190,Nova Santa Helena (MT),,Quilogramas por Hectare,True,Nova Santa Helena,MT
5106208,Nova Brasilândia (MT),,Quilogramas por Hectare,True,Nova Brasilândia,MT
5106216,Nova Canaã do Norte (MT),,Quilogramas por Hectare,True,Nova Canaã do Norte,MT
5106224,Nova Mutum (MT),,Quilogramas por Hectare,True,Nova Mutum,MT
5106232,Nova Olímpia (MT),,Quilogramas por Hectare,True,Nova Olímpia,MT
5106240,Nova Ubiratã (MT),,Quilogramas por Hectare,True,Nova Ubiratã,MT
5106257,Nova Xavantina (MT),,Quilogramas por Hectare,True,Nova Xavantina,MT
5106265,Novo Mundo (MT),,Quilogramas por Hectare,True,Novo Mundo,MT
5106273,Novo Horizonte do Norte (MT),,Quilogramas por Hectare,True,Novo Horizonte do Norte,MT
5106281,Novo São Joaquim (MT),,Quilogramas por Hectare,True,Novo São Joaquim,MT
5106299,Paranaíta (MT),,Quilogramas por Hectare,True,Paranaíta,MT
5106307,Paranatinga (MT),,Quilogramas por Hectare,True,Paranatinga,MT
5106315,Novo Santo Antônio (MT),,Quilogramas por Hectare,True,Novo Santo Antônio,MT
5106372,Pedra Preta (MT),,Quilogramas por Hectare,True,Pedra Preta,MT
5106422,Peixoto de Azevedo (MT),,Quilogramas por Hectare,True,Peixoto de Azevedo,MT
5106455,Planalto da Serra (MT),,Quilogramas por Hectare,True,Planalto da Serra,MT
5106505,Poconé (MT),,Quilogramas por Hectare,True,Poconé,MT
5106653,Pontal do Araguaia (MT),,Quilogramas por Hectare,True,Pontal do Araguaia,MT
5106703,Ponte Branca (MT),,Quilogramas por Hectare,True,Ponte Branca,MT
5106752,Pontes e Lacerda (MT),,Quilogramas por Hectare,True,Pontes e Lacerda,MT
5106778,Porto Alegre do Norte (MT),,Quilogramas por Hectare,True,Porto Alegre do Norte,MT
5106802,Porto dos Gaúchos (MT),,Quilogramas por Hectare,True,Porto dos Gaúchos,MT
5106828,Porto Esperidião (MT),,Quilogramas por Hectare,True,Porto Esperidião,MT
5106851,Porto Estrela (MT),,Quilogramas por Hectare,True,Porto Estrela,MT
5107008,Poxoréu (MT),,Quilogramas por Hectare,True,Poxoréu,MT
5107040,Primavera do Leste (MT),,Quilogramas por Hectare,True,Primavera do Leste,MT
5107065,Querência (MT),,Quilogramas por Hectare,True,Querência,MT
5107107,São José dos Quatro Marcos (MT),,Quilogramas por Hectare,True,São José dos Quatro Marcos,MT
5107156,Reserva do Cabaçal (MT),,Quilogramas por Hectare,True,Reserva do Cabaçal,MT
5107180,Ribeirão Cascalheira (MT),,Quilogramas por Hectare,True,Ribeirão Cascalheira,MT
5107198,Ribeirãozinho (MT),,Quilogramas por Hectare,True,Ribeirãozinho,MT
5107206,Rio Branco (MT),,Quilogramas por Hectare,True,Rio Branco,MT
5107248,Santa Carmem (MT),,Quilogramas por Hectare,True,Santa Carmem,MT
5107263,Santo Afonso (MT),,Quilogramas por Hectare,True,Santo Afonso,MT
5107297,São José do Povo (MT),,Quilogramas por Hectare,True,São José do Povo,MT
5107305,São José do Rio Claro (MT),,Quilogramas por Hectare,True,São José do Rio Claro,MT
5107354,São José do Xingu (MT),,Quilogramas por Hectare,True,São José do Xingu,MT
5107404,São Pedro da Cipa (MT),,Quilogramas por Hectare,True,São Pedro da Cipa,MT
5107578,Rondolândia (MT),,Quilogramas por Hectare,True,Rondolândia,MT
5107602,Rondonópolis (MT),,Quilogramas por Hectare,True,Rondonópolis,MT
5107701,Rosário Oeste (MT),,Quilogramas por Hectare,True,Rosário Oeste,MT
5107743,Santa Cruz do Xingu (MT),,Quilogramas por Hectare,True,Santa Cruz do Xingu,MT
5107750,Salto do Céu (MT),,Quilogramas por Hectare,True,Salto do Céu,MT
5107768,Santa Rita do Trivelato (MT),,Quilogramas por Hectare,True,Santa Rita do Trivelato,MT
5107776,Santa Terezinha (MT),,Quilogramas por Hectare,True,Santa Terezinha,MT
5107792,Santo Antônio do Leste (MT),,Quilogramas por Hectare,True,Santo Antônio do Leste,MT
5107800,Santo Antônio de Leverger (MT),,Quilogramas por Hectare,True,Santo Antônio de Leverger,MT
5107859,São Félix do Araguaia (MT),,Quilogramas por Hectare,True,São Félix do Araguaia,MT
5107875,Sapezal (MT),,Quilogramas por Hectare,True,Sapezal,MT
5107883,Serra Nova Dourada (MT),,Quilogramas por Hectare,True,Serra Nova Dourada,MT
5107909,Sinop (MT),,Quilogramas por Hectare,True,Sinop,MT
5107925,Sorriso (MT),,Quilogramas por Hectare,True,Sorriso,MT
5107941,Tabaporã (MT),,Quilogramas por Hectare,True,Tabaporã,MT
5107958,Tangará da Serra (MT),,Quilogramas por Hectare,True,Tangará da Serra,MT
5108006,Tapurah (MT),,Quilogramas por Hectare,True,Tapurah,MT
5108055,Terra Nova do Norte (MT),,Quilogramas por Hectare,True,Terra Nova do Norte,MT
5108105,Tesouro (MT),,Quilogramas por Hectare,True,Tesouro,MT
5108204,Torixoréu (MT),,Quilogramas por Hectare,True,Torixoréu,MT
5108303,União do Sul (MT),,Quilogramas por Hectare,True,União do Sul,MT
5108352,Vale de São Domingos (MT),,Quilogramas por Hectare,True,Vale de São Domingos,MT
5108402,Várzea Grande (MT),,Quilogramas por Hectare,True,Várzea Grande,MT
5108501,Vera (MT),,Quilogramas por Hectare,True,Vera,MT
5108600,Vila Rica (MT),,Quilogramas por Hectare,True,Vila Rica,MT
5108808,Nova Guarita (MT),,Quilogramas por Hectare,True,Nova Guarita,MT
5108857,Nova Marilândia (MT),,Quilogramas por Hectare,True,Nova Marilândia,MT
5108907,Nova Maringá (MT),,Quilogramas por Hectare,True,Nova Maringá,MT
5108956,Nova Monte Verde (MT),,Quilogramas por Hectare,True,Nova Monte Verde,MT
5200050,Abadia de Goiás (GO),,Quilogramas por Hectare,True,Abadia de Goiás,GO
5200100,Abadiânia (GO),,Quilogramas por Hectare,True,Abadiânia,GO
5200134,Acreúna (GO),,Quilogramas por Hectare,True,Acreúna,GO
5200159,Adelândia (GO),,Quilogramas por Hectare,True,Adelândia,GO
5200175,Água Fria de Goiás (GO),,Quilogramas por Hectare,True,Água Fria de Goiás,GO
5200209,Água Limpa (GO),,Quilogramas por Hectare,True,Água Limpa,GO
5200258,Águas Lindas de Goiás (GO),,Quilogramas por Hectare,True,Águas Lindas de Goiás,GO
5200308,Alexânia (GO),,Quilogramas por Hectare,True,Alexânia,GO
5200506,Aloândia (GO),,Quilogramas por Hectare,True,Aloândia,GO
5200555,Alto Horizonte (GO),,Quilogramas por Hectare,True,Alto Horizonte,GO
5200605,Alto Paraíso de Goiás (GO),,Quilogramas por Hectare,True,Alto Paraíso de Goiás,GO
5200803,Alvorada do Norte (GO),,Quilogramas por Hectare,True,Alvorada do Norte,GO
5200829,Amaralina (GO),,Quilogramas por Hectare,True,Amaralina,GO
5200852,Americano do Brasil (GO),,Quilogramas por Hectare,True,Americano do Brasil,GO
5200902,Amorinópolis (GO),,Quilogramas por Hectare,True,Amorinópolis,GO
5201108,Anápolis (GO),,Quilogramas por Hectare,True,Anápolis,GO
5201207,Anhanguera (GO),,Quilogramas por Hectare,True,Anhanguera,GO
5201306,Anicuns (GO),,Quilogramas por Hectare,True,Anicuns,GO
5201405,Aparecida de Goiânia (GO),,Quilogramas por Hectare,True,Aparecida de Goiânia,GO
5201454,Aparecida do Rio Doce (GO),,Quilogramas por Hectare,True,Aparecida do Rio Doce,GO
5201504,Aporé (GO),,Quilogramas por Hectare,True,Aporé,GO
5201603,Araçu (GO),,Quilogramas por Hectare,True,Araçu,GO
5201702,Aragarças (GO),,Quilogramas por Hectare,True,Aragarças,GO
5201801,Aragoiânia (GO),,Quilogramas por Hectare,True,Aragoiânia,GO
5202155,Araguapaz (GO),,Quilogramas por Hectare,True,Araguapaz,GO
5202353,Arenópolis (GO),,Quilogramas por Hectare,True,Arenópolis,GO
5202502,Aruanã (GO),,Quilogramas por Hectare,True,Aruanã,GO
5202601,Aurilândia (GO),,Quilogramas por Hectare,True,Aurilândia,GO
5202809,Avelinópolis (GO),,Quilogramas por Hectare,True,Avelinópolis,GO
5203104,Baliza (GO),,Quilogramas por Hectare,True,Baliza,GO
5203203,Barro Alto (GO),,Quilogramas por Hectare,True,Barro Alto,GO
5203302,Bela Vista de Goiás (GO),,Quilogramas por Hectare,True,Bela Vista de Goiás,GO
5203401,Bom Jardim de Goiás (GO),,Quilogramas por Hectare,True,Bom Jardim de Goiás,GO
5203500,Bom Jesus de Goiás (GO),,Quilogramas por Hectare,True,Bom Jesus de Goiás,GO
5203559,Bonfinópolis (GO),,Quilogramas por Hectare,True,Bonfinópolis,GO
5203575,Bonópolis (GO),,Quilogramas por Hectare,True,Bonópolis,GO
5203609,Brazabrantes (GO),,Quilogramas por Hectare,True,Brazabrantes,GO
5203807,Britânia (GO),,Quilogramas por Hectare,True,Britânia,GO
5203906,Buriti Alegre (GO),,Quilogramas por Hectare,True,Buriti Alegre,GO
5203939,Buriti de Goiás (GO),,Quilogramas por Hectare,True,Buriti de Goiás,GO
5203962,Buritinópolis (GO),,Quilogramas por Hectare,True,Buritinópolis,GO
5204003,Cabeceiras (GO),,Quilogramas por Hectare,True,Cabeceiras,GO
5204102,Cachoeira Alta (GO),,Quilogramas por Hectare,True,Cachoeira Alta,GO
5204201,Cachoeira de Goiás (GO),,Quilogramas por Hectare,True,Cachoeira de Goiás,GO
5204250,Cachoeira Dourada (GO),,Quilogramas por Hectare,True,Cachoeira Dourada,GO
5204300,Caçu (GO),,Quilogramas por Hectare,True,Caçu,GO
5204409,Caiapônia (GO),,Quilogramas por Hectare,True,Caiapônia,GO
5204508,Caldas Novas (GO),,Quilogramas por Hectare,True,Caldas Novas,GO
5204557,Caldazinha (GO),,Quilogramas por Hectare,True,Caldazinha,GO
5204607,Campestre de Goiás (GO),,Quilogramas por Hectare,True,Campestre de Goiás,GO
5204656,Campinaçu (GO),,Quilogramas por Hectare,True,Campinaçu,GO
5204706,Campinorte (GO),,Quilogramas por Hectare,True,Campinorte,GO
5204805,Campo Alegre de Goiás (GO),,Quilogramas por Hectare,True,Campo Alegre de Goiás,GO
5204854,Campo Limpo de Goiás (GO),,Quilogramas por Hectare,True,Campo Limpo de Goiás,GO
5204904,Campos Belos (GO),,Quilogramas por Hectare,True,Campos Belos,GO
5204953,Campos Verdes (GO),,Quilogramas por Hectare,True,Campos Verdes,GO
5205000,Carmo do Rio Verde (GO),,Quilogramas por Hectare,True,Carmo do Rio Verde,GO
5205109,Catalão (GO),,Quilogramas por Hectare,True,Catalão,GO
5205208,Caturaí (GO),,Quilogramas por Hectare,True,Caturaí,GO
5205307,Cavalcante (GO),,Quilogramas por Hectare,True,Cavalcante,GO
5205406,Ceres (GO),,Quilogramas por Hectare,True,Ceres,GO
5205455,Cezarina (GO),,Quilogramas por Hectare,True,Cezarina,GO
5205471,Chapadão do Céu (GO),,Quilogramas por Hectare,True,Chapadão do Céu,GO
5205497,Cidade Ocidental (GO),,Quilogramas por Hectare,True,Cidade Ocidental,GO
5205513,Cocalzinho de Goiás (GO),,Quilogramas por Hectare,True,Cocalzinho de Goiás,GO
5205521,Colinas do Sul (GO),,Quilogramas por Hectare,True,Colinas do Sul,GO
5205703,Córrego do Ouro (GO),,Quilogramas por Hectare,True,Córrego do Ouro,GO
5205802,Corumbá de Goiás (GO),,Quilogramas por Hectare,True,Corumbá de Goiás,GO
5205901,Corumbaíba (GO),,Quilogramas por Hectare,True,Corumbaíba,GO
5206206,Cristalina (GO),,Quilogramas por Hectare,True,Cristalina,GO
5206305,Cristianópolis (GO),,Quilogramas por Hectare,True,Cristianópolis,GO
5206404,Crixás (GO),,Quilogramas por Hectare,True,Crixás,GO
5206503,Cromínia (GO),,Quilogramas por Hectare,True,Cromínia,GO
5206602,Cumari (GO),,Quilogramas por Hectare,True,Cumari,GO
5206701,Damianópolis (GO),,Quilogramas por Hectare,True,Damianópolis,GO
5206800,Damolândia (GO),,Quilogramas por Hectare,True,Damolândia,GO
5206909,Davinópolis (GO),,Quilogramas por Hectare,True,Davinópolis,GO
5207105,Diorama (GO),,Quilogramas por Hectare,True,Diorama,GO
5207253,Doverlândia (GO),,Quilogramas por Hectare,True,Doverlândia,GO
5207352,Edealina (GO),,Quilogramas por Hectare,True,Edealina,GO
5207402,Edéia (GO),,Quilogramas por Hectare,True,Edéia,GO
5207501,Estrela do Norte (GO),,Quilogramas por Hectare,True,Estrela do Norte,GO
5207535,Faina (GO),,Quilogramas por Hectare,True,Faina,GO
5207600,Fazenda Nova (GO),,Quilogramas por Hectare,True,Fazenda Nova,GO
5207808,Firminópolis (GO),,Quilogramas por Hectare,True,Firminópolis,GO
5207907,Flores de Goiás (GO),,Quilogramas por Hectare,True,Flores de Goiás,GO
5208004,Formosa (GO),,Quilogramas por Hectare,True,Formosa,GO
5208103,Formoso (GO),,Quilogramas por Hectare,True,Formoso,GO
5208152,Gameleira de Goiás (GO),,Quilogramas por Hectare,True,Gameleira de Goiás,GO
5208301,Divinópolis de Goiás (GO),,Quilogramas por Hectare,True,Divinópolis de Goiás,GO
5208400,Goianápolis (GO),,Quilogramas por Hectare,True,Goianápolis,GO
5208509,Goiandira (GO),,Quilogramas por Hectare,True,Goiandira,GO
5208608,Goianésia (GO),,Quilogramas por Hectare,True,Goianésia,GO
5208707,Goiânia (GO),,Quilogramas por Hectare,True,Goiânia,GO
5208806,Goianira (GO),,Quilogramas por Hectare,True,Goianira,GO
5208905,Goiás (GO),,Quilogramas por Hectare,True,Goiás,GO
5209101,Goiatuba (GO),,Quilogramas por Hectare,True,Goiatuba,GO
5209150,Gouvelândia (GO),,Quilogramas por Hectare,True,Gouvelândia,GO
5209200,Guapó (GO),,Quilogramas por Hectare,True,Guapó,GO
5209291,Guaraíta (GO),,Quilogramas por Hectare,True,Guaraíta,GO
5209408,Guarani de Goiás (GO),,Quilogramas por Hectare,True,Guarani de Goiás,GO
5209457,Guarinos (GO),,Quilogramas por Hectare,True,Guarinos,GO
5209606,Heitoraí (GO),,Quilogramas por Hectare,True,Heitoraí,GO
5209705,Hidrolândia (GO),,Quilogramas por Hectare,True,Hidrolândia,GO
5209804,Hidrolina (GO),,Quilogramas por Hectare,True,Hidrolina,GO
5209903,Iaciara (GO),,Quilogramas por Hectare,True,Iaciara,GO
5209937,Inaciolândia (GO),,Quilogramas por Hectare,True,Inaciolândia,GO
5209952,Indiara (GO),,Quilogramas por Hectare,True,Indiara,GO
5210000,Inhumas (GO),,Quilogramas por Hectare,True,Inhumas,GO
5210109,Ipameri (GO),,Quilogramas por Hectare,True,Ipameri,GO
5210158,Ipiranga de Goiás (GO),,Quilogramas por Hectare,True,Ipiranga de Goiás,GO
5210208,Iporá (GO),,Quilogramas por Hectare,True,Iporá,GO
5210307,Israelândia (GO),,Quilogramas por Hectare,True,Israelândia,GO
5210406,Itaberaí (GO),,Quilogramas por Hectare,True,Itaberaí,GO
5210562,Itaguari (GO),,Quilogramas por Hectare,True,Itaguari,GO
5210604,Itaguaru (GO),,Quilogramas por Hectare,True,Itaguaru,GO
5210802,Itajá (GO),,Quilogramas por Hectare,True,Itajá,GO
5210901,Itapaci (GO),,Quilogramas por Hectare,True,Itapaci,GO
5211008,Itapirapuã (GO),,Quilogramas por Hectare,True,Itapirapuã,GO
5211206,Itapuranga (GO),,Quilogramas por Hectare,True,Itapuranga,GO
5211305,Itarumã (GO),,Quilogramas por Hectare,True,Itarumã,GO
5211404,Itauçu (GO),,Quilogramas por Hectare,True,Itauçu,GO
5211503,Itumbiara (GO),,Quilogramas por Hectare,True,Itumbiara,GO
5211602,Ivolândia (GO),,Quilogramas por Hectare,True,Ivolândia,GO
5211701,Jandaia (GO),,Quilogramas por Hectare,True,Jandaia,GO
5211800,Jaraguá (GO),,Quilogramas por Hectare,True,Jaraguá,GO
5211909,Jataí (GO),,Quilogramas por Hectare,True,Jataí,GO
5212006,Jaupaci (GO),,Quilogramas por Hectare,True,Jaupaci,GO
5212055,Jesúpolis (GO),,Quilogramas por Hectare,True,Jesúpolis,GO
5212105,Joviânia (GO),,Quilogramas por Hectare,True,Joviânia,GO
5212204,Jussara (GO),,Quilogramas por Hectare,True,Jussara,GO
5212253,Lagoa Santa (GO),,Quilogramas por Hectare,True,Lagoa Santa,GO
5212303,Leopoldo de Bulhões (GO),,Quilogramas por Hectare,True,Leopoldo de Bulhões,GO
5212501,Luziânia (GO),,Quilogramas por Hectare,True,Luziânia,GO
5212600,Mairipotaba (GO),,Quilogramas por Hectare,True,Mairipotaba,GO
5212709,Mambaí (GO),,Quilogramas por Hectare,True,Mambaí,GO
5212808,Mara Rosa (GO),,Quilogramas por Hectare,True,Mara Rosa,GO
5212907,Marzagão (GO),,Quilogramas por Hectare,True,Marzagão,GO
5212956,Matrinchã (GO),,Quilogramas por Hectare,True,Matrinchã,GO
5213004,Maurilândia (GO),,Quilogramas por Hectare,True,Maurilândia,GO
5213053,Mimoso de Goiás (GO),,Quilogramas por Hectare,True,Mimoso de Goiás,GO
5213087,Minaçu (GO),,Quilogramas por Hectare,True,Minaçu,GO
5213103,Mineiros (GO),,Quilogramas por Hectare,True,Mineiros,GO
5213400,Moiporá (GO),,Quilogramas por Hectare,True,Moiporá,GO
5213509,Monte Alegre de Goiás (GO),,Quilogramas por Hectare,True,Monte Alegre de Goiás,GO
5213707,Montes Claros de Goiás (GO),,Quilogramas por Hectare,True,Montes Claros de Goiás,GO
5213756,Montividiu (GO),,Quilogramas por Hectare,True,Montividiu,GO
5213772,Montividiu do Norte (GO),,Quilogramas por Hectare,True,Montividiu do Norte,GO
5213806,Morrinhos (GO),,Quilogramas por Hectare,True,Morrinhos,GO
5213855,Morro Agudo de Goiás (GO),,Quilogramas por Hectare,True,Morro Agudo de Goiás,GO
5213905,Mossâmedes (GO),,Quilogramas por Hectare,True,Mossâmedes,GO
5214002,Mozarlândia (GO),,Quilogramas por Hectare,True,Mozarlândia,GO
5214051,Mundo Novo (GO),,Quilogramas por Hectare,True,Mundo Novo,GO
5214101,Mutunópolis (GO),,Quilogramas por Hectare,True,Mutunópolis,GO
5214408,Nazário (GO),,Quilogramas por Hectare,True,Nazário,GO
5214507,Nerópolis (GO),,Quilogramas por Hectare,True,Nerópolis,GO
5214606,Niquelândia (GO),,Quilogramas por Hectare,True,Niquelândia,GO
5214705,Nova América (GO),,Quilogramas por Hectare,True,Nova América,GO
5214804,Nova Aurora (GO),,Quilogramas por Hectare,True,Nova Aurora,GO
5214838,Nova Crixás (GO),,Quilogramas por Hectare,True,Nova Crixás,GO
5214861,Nova Glória (GO),,Quilogramas por Hectare,True,Nova Glória,GO
5214879,Nova Iguaçu de Goiás (GO),,Quilogramas por Hectare,True,Nova Iguaçu de Goiás,GO
5214903,Nova Roma (GO),,Quilogramas por Hectare,True,Nova Roma,GO
5215009,Nova Veneza (GO),,Quilogramas por Hectare,True,Nova Veneza,GO
5215207,Novo Brasil (GO),,Quilogramas por Hectare,True,Novo Brasil,GO
5215231,Novo Gama (GO),,Quilogramas por Hectare,True,Novo Gama,GO
5215256,Novo Planalto (GO),,Quilogramas por Hectare,True,Novo Planalto,GO
5215306,Orizona (GO),,Quilogramas por Hectare,True,Orizona,GO
5215405,Ouro Verde de Goiás (GO),,Quilogramas por Hectare,True,Ouro Verde de Goiás,GO
5215504,Ouvidor (GO),,Quilogramas por Hectare,True,Ouvidor,GO
5215603,Padre Bernardo (GO),,Quilogramas por Hectare,True,Padre Bernardo,GO
5215652,Palestina de Goiás (GO),,Quilogramas por Hectare,True,Palestina de Goiás,GO
5215702,Palmeiras de Goiás (GO),,Quilogramas por Hectare,True,Palmeiras de Goiás,GO
5215801,Palmelo (GO),,Quilogramas por Hectare,True,Palmelo,GO
5215900,Palminópolis (GO),,Quilogramas por Hectare,True,Palminópolis,GO
5216007,Panamá (GO),,Quilogramas por Hectare,True,Panamá,GO
5216304,Paranaiguara (GO),,Quilogramas por Hectare,True,Paranaiguara,GO
5216403,Paraúna (GO),,Quilogramas por Hectare,True,Paraúna,GO
5216452,Perolândia (GO),,Quilogramas por Hectare,True,Perolândia,GO
5216809,Petrolina de Goiás (GO),,Quilogramas por Hectare,True,Petrolina de Goiás,GO
5216908,Pilar de Goiás (GO),,Quilogramas por Hectare,True,Pilar de Goiás,GO
5217104,Piracanjuba (GO),,Quilogramas por Hectare,True,Piracanjuba,GO
5217203,Piranhas (GO),,Quilogramas por Hectare,True,Piranhas,GO
5217302,Pirenópolis (GO),,Quilogramas por Hectare,True,Pirenópolis,GO
5217401,Pires do Rio (GO),,Quilogramas por Hectare,True,Pires do Rio,GO
5217609,Planaltina (GO),,Quilogramas por Hectare,True,Planaltina,GO
5217708,Pontalina (GO),,Quilogramas por Hectare,True,Pontalina,GO
5218003,Porangatu (GO),,Quilogramas por Hectare,True,Porangatu,GO
5218102,Portelândia (GO),,Quilogramas por Hectare,True,Portelândia,GO
5218300,Posse (GO),,Quilogramas por Hectare,True,Posse,GO
5218391,Professor Jamil (GO),,Quilogramas por Hectare,True,Professor Jamil,GO
5218508,Quirinópolis (GO),,Quilogramas por Hectare,True,Quirinópolis,GO
5218607,Rialma (GO),,Quilogramas por Hectare,True,Rialma,GO
5218706,Rianápolis (GO),,Quilogramas por Hectare,True,Rianápolis,GO
5218789,Rio Quente (GO),,Quilogramas por Hectare,True,Rio Quente,GO
5218805,Rio Verde (GO),,Quilogramas por Hectare,True,Rio Verde,GO
5218904,Rubiataba (GO),,Quilogramas por Hectare,True,Rubiataba,GO
5219001,Sanclerlândia (GO),,Quilogramas por Hectare,True,Sanclerlândia,GO
5219100,Santa Bárbara de Goiás (GO),,Quilogramas por Hectare,True,Santa Bárbara de Goiás,GO
5219209,Santa Cruz de Goiás (GO),,Quilogramas por Hectare,True,Santa Cruz de Goiás,GO
5219258,Santa Fé de Goiás (GO),,Quilogramas por Hectare,True,Santa Fé de Goiás,GO
5219308,Santa Helena de Goiás (GO),,Quilogramas por Hectare,True,Santa Helena de Goiás,GO
5219357,Santa Isabel (GO),,Quilogramas por Hectare,True,Santa Isabel,GO
5219407,Santa Rita do Araguaia (GO),,Quilogramas por Hectare,True,Santa Rita do Araguaia,GO
5219456,Santa Rita do Novo Destino (GO),,Quilogramas por Hectare,True,Santa Rita do Novo Destino,GO
5219506,Santa Rosa de Goiás (GO),,Quilogramas por Hectare,True,Santa Rosa de Goiás,GO
5219605,Santa Tereza de Goiás (GO),,Quilogramas por Hectare,True,Santa Tereza de Goiás,GO
5219704,Santa Terezinha de Goiás (GO),,Quilogramas por Hectare,True,Santa Terezinha de Goiás,GO
5219712,Santo Antônio da Barra (GO),,Quilogramas por Hectare,True,Santo Antônio da Barra,GO
5219738,Santo Antônio de Goiás (GO),,Quilogramas por Hectare,True,Santo Antônio de Goiás,GO
5219753,Santo Antônio do Descoberto (GO),,Quilogramas por Hectare,True,Santo Antônio do Descoberto,GO
5219803,São Domingos (GO),,Quilogramas por Hectare,True,São Domingos,GO
5219902,São Francisco de Goiás (GO),,Quilogramas por Hectare,True,São Francisco de Goiás,GO
5220009,São João d'Aliança (GO),,Quilogramas por Hectare,True,São João d'Aliança,GO
5220058,São João da Paraúna (GO),,Quilogramas por Hectare,True,São João da Paraúna,GO
5220108,São Luís de Montes Belos (GO),,Quilogramas por Hectare,True,São Luís de Montes Belos,GO
5220157,São Luiz do Norte (GO),,Quilogramas por Hectare,True,São Luiz do Norte,GO
5220207,São Miguel do Araguaia (GO),,Quilogramas por Hectare,True,São Miguel do Araguaia,GO
5220264,São Miguel do Passa Quatro (GO),,Quilogramas por Hectare,True,São Miguel do Passa Quatro,GO
5220280,São Patrício (GO),,Quilogramas por Hectare,True,São Patrício,GO
5220405,São Simão (GO),,Quilogramas por Hectare,True,São Simão,GO
5220454,Senador Canedo (GO),,Quilogramas por Hectare,True,Senador Canedo,GO
5220504,Serranópolis (GO),,Quilogramas por Hectare,True,Serranópolis,GO
5220603,Silvânia (GO),,Quilogramas por Hectare,True,Silvânia,GO
5220686,Simolândia (GO),,Quilogramas por Hectare,True,Simolândia,GO
5220702,Sítio d'Abadia (GO),,Quilogramas por Hectare,True,Sítio d'Abadia,GO
5221007,Taquaral de Goiás (GO),,Quilogramas por Hectare,True,Taquaral de Goiás,GO
5221080,Teresina de Goiás (GO),,Quilogramas por Hectare,True,Teresina de Goiás,GO
5221197,Terezópolis de Goiás (GO),,Quilogramas por Hectare,True,Terezópolis de Goiás,GO
5221304,Três Ranchos (GO),,Quilogramas por Hectare,True,Três Ranchos,GO
5221403,Trindade (GO),,Quilogramas por Hectare,True,Trindade,GO
5221452,Trombas (GO),,Quilogramas por Hectare,True,Trombas,GO
5221502,Turvânia (GO),,Quilogramas por Hectare,True,Turvânia,GO
5221577,Uirapuru (GO),,Quilogramas por Hectare,True,Uirapuru,GO
5221601,Uruaçu (GO),,Quilogramas por Hectare,True,Uruaçu,GO
5221700,Uruana (GO),,Quilogramas por Hectare,True,Uruana,GO
5221809,Urutaí (GO),,Quilogramas por Hectare,True,Urutaí,GO
5221858,Valparaíso de Goiás (GO),,Quilogramas por Hectare,True,Valparaíso de Goiás,GO
5221908,Varjão (GO),,Quilogramas por Hectare,True,Varjão,GO
5222005,Vianópolis (GO),,Quilogramas por Hectare,True,Vianópolis,GO
5222054,Vicentinópolis (GO),,Quilogramas por Hectare,True,Vicentinópolis,GO
5222203,Vila Boa (GO),,Quilogramas por Hectare,True,Vila Boa,GO
5222302,Vila Propício (GO),,Quilogramas por Hectare,True,Vila Propício,GO
5300108,Brasília (DF),,Quilogramas por Hectare,True,Brasília,DF
