"Tabela 1613 - Área destinada à colheita, área colhida, quantidade produzida, rendimento médio e valor da produção das lavouras permanentes",,,,,,
Variável - Rendimento médio da produção,,,,,,
Nível,Cód.,Município,Ano x Produto das lavouras permanentes,,,
Nível,Cód.,Município,2024,,,
Nível,Cód.,Município,Total,,Açaí,
MU,1100015,Alta Floresta D'Oeste (RO),..,Quilogramas por Hectare,6000,Quilogramas por Hectare
MU,1100023,Ariquemes (RO),..,Quilogramas por Hectare,9167,Quilogramas por Hectare
MU,1100031,Cabixi (RO),..,Quilogramas por Hectare,-,Quilogramas por Hectare
MU,1100049,Cacoal (RO),..,Quilogramas por Hectare,-,Quilogramas por Hectare
MU,1100056,Cerejeiras (RO),..,Quilogramas por Hectare,-,Quilogramas por Hectare
MU,1100064,Colorado do Oeste (RO),..,Quilogramas por Hectare,-,Quilogramas por Hectare
MU,1100072,Corumbiara (RO),..,Quilogramas por Hectare,-,Quilogramas por Hectare
MU,1100080,Costa Marques (RO),..,Quilogramas por Hectare,6800,Quilogramas por Hectare
MU,1100098,Espigão D'Oeste (RO),..,Quilogramas por Hectare,-,Quilogramas por Hectare
MU,1100106,Guajará-Mirim (RO),..,Quilogramas por Hectare,3833,Quilogramas por Hectare
MU,1100114,Jaru (RO),..,Quilogramas por Hectare,7500,Quilogramas por Hectare
MU,1100122,Ji-Paraná (RO),..,Quilogramas por Hectare,8000,Quilogramas por Hectare
MU,1100130,Machadinho D'Oeste (RO),..,Quilogramas por Hectare,-,Quilogramas por Hectare
MU,1100148,Nova Brasilândia D'Oeste (RO),..,Quilogramas por Hectare,6000,Quilogramas por Hectare
MU,1100155,Ouro Preto do Oeste (RO),..,Quilogramas por Hectare,8000,Quilogramas por Hectare
MU,1100189,Pimenta Bueno (RO),..,Quilogramas por Hectare,8000,Quilogramas por Hectare
MU,1100205,Porto Velho (RO),..,Quilogramas por Hectare,8240,Quilogramas por Hectare
MU,1100254,Presidente Médici (RO),..,Quilogramas por Hectare,-,Quilogramas por Hectare
MU,1100262,Rio Crespo (RO),..,Quilogramas por Hectare,-,Quilogramas por Hectare
MU,1100288,Rolim de Moura (RO),..,Quilogramas por Hectare,6000,Quilogramas por Hectare
MU,1100296,Santa Luzia D'Oeste (RO),..,Quilogramas por Hectare,-,Quilogramas por Hectare
MU,1100304,Vilhena (RO),..,Quilogramas por Hectare,-,Quilogramas por Hectare
MU,1100320,São Miguel do Guaporé (RO),..,Quilogramas por Hectare,8000,Quilogramas por Hectare
MU,1100338,Nova Mamoré (RO),..,Quilogramas por Hectare,7667,Quilogramas por Hectare
MU,1100346,Alvorada D'Oeste (RO),..,Quilogramas por Hectare,-,Quilogramas por Hectare
MU,1100379,Alto Alegre dos Parecis (RO),..,Quilogramas por Hectare,-,Quilogramas por Hectare
MU,1100403,Alto Paraíso (RO),..,Quilogramas por Hectare,10000,Quilogramas por Hectare
MU,1100452,Buritis (RO),..,Quilogramas por Hectare,6000,Quilogramas por Hectare
MU,1100502,Novo Horizonte do Oeste (RO),..,Quilogramas por Hectare,9000,Quilogramas por Hectare
MU,1100601,Cacaulândia (RO),..,Quilogramas por Hectare,8000,Quilogramas por Hectare
MU,1100700,Campo Novo de Rondônia (RO),..,Quilogramas por Hectare,8000,Quilogramas por Hectare
MU,1100809,Candeias do Jamari (RO),..,Quilogramas por Hectare,7657,Quilogramas por Hectare
MU,1100908,Castanheiras (RO),..,Quilogramas por Hectare,-,Quilogramas por Hectare
MU,1100924,Chupinguaia (RO),..,Quilogramas por Hectare,-,Quilogramas por Hectare
MU,1100940,Cujubim (RO),..,Quilogramas por Hectare,8000,Quilogramas por Hectare
MU,1101005,Governador Jorge Teixeira (RO),..,Quilogramas por Hectare,-,Quilogramas por Hectare
MU,1101104,Itapuã do Oeste (RO),..,Quilogramas por Hectare,7700,Quilogramas por Hectare
MU,1101203,Ministro Andreazza (RO),..,Quilogramas por Hectare,-,Quilogramas por Hectare
MU,1101302,Mirante da Serra (RO),..,Quilogramas por Hectare,8000,Quilogramas por Hectare
MU,1101401,Monte Negro (RO),..,Quilogramas por Hectare,-,Quilogramas por Hectare
MU,1101435,Nova União (RO),..,Quilogramas por Hectare,5600,Quilogramas por Hectare
MU,1101450,Parecis (RO),..,Quilogramas por Hectare,-,Quilogramas por Hectare
MU,1101468,Pimenteiras do Oeste (RO),..,Quilogramas por Hectare,-,Quilogramas por Hectare
MU,1101476,Primavera de Rondônia (RO),..,Quilogramas por Hectare,6000,Quilogramas por Hectare
MU,1101484,São Felipe D'Oeste (RO),..,Quilogramas por Hectare,-,Quilogramas por Hectare
MU,1101492,São Francisco do Guaporé (RO),..,Quilogramas por Hectare,6000,Quilogramas por Hectare
MU,1101500,Seringueiras (RO),..,Quilogramas por Hectare,-,Quilogramas por Hectare
MU,1101559,Teixeirópolis (RO),..,Quilogramas por Hectare,-,Quilogramas por Hectare
MU,1101609,Theobroma (RO),..,Quilogramas por Hectare,-,Quilogramas por Hectare
MU,1101708,Urupá (RO),..,Quilogramas por Hectare,-,Quilogramas por Hectare
MU,1101757,Vale do Anari (RO),..,Quilogramas por Hectare,-,Quilogramas por Hectare
MU,1101807,Vale do Paraíso (RO),..,Quilogramas por Hectare,7000,Quilogramas por Hectare
MU,1200013,Acrelândia (AC),..,Quilogramas por Hectare,3059,Quilogramas por Hectare
MU,1200054,Assis Brasil (AC),..,Quilogramas por Hectare,-,Quilogramas por Hectare
MU,1200104,Brasiléia (AC),..,Quilogramas por Hectare,-,Quilogramas por Hectare
MU,1200138,Bujari (AC),..,Quilogramas por Hectare,-,Quilogramas por Hectare
MU,1200179,Capixaba (AC),..,Quilogramas por Hectare,-,Quilogramas por Hectare
MU,1200203,Cruzeiro do Sul (AC),..,Quilogramas por Hectare,-,Quilogramas por Hectare
MU,1200252,Epitaciolândia (AC),..,Quilogramas por Hectare,1308,Quilogramas por Hectare
MU,1200302,Feijó (AC),..,Quilogramas por Hectare,-,Quilogramas por Hectare
MU,1200328,Jordão (AC),..,Quilogramas por Hectare,-,Quilogramas por Hectare
MU,1200336,Mâncio Lima (AC),..,Quilogramas por Hectare,-,Quilogramas por Hectare
MU,1200344,Manoel Urbano (AC),..,Quilogramas por Hectare,-,Quilogramas por Hectare
MU,1200351,Marechal Thaumaturgo (AC),..,Quilogramas por Hectare,-,Quilogramas por Hectare
MU,1200385,Plácido de Castro (AC),..,Quilogramas por Hectare,2000,Quilogramas por Hectare
MU,1200393,Porto Walter (AC),..,Quilogramas por Hectare,-,Quilogramas por Hectare
MU,1200401,Rio Branco (AC),..,Quilogramas por Hectare,-,Quilogramas por Hectare
MU,1200427,Rodrigues Alves (AC),..,Quilogramas por Hectare,-,Quilogramas por Hectare
MU,1200435,Santa Rosa do Purus (AC),..,Quilogramas por Hectare,-,Quilogramas por Hectare
MU,1200450,Senador Guiomard (AC),..,Quilogramas por Hectare,-,Quilogramas por Hectare
MU,1200500,Sena Madureira (AC),..,Quilogramas por Hectare,-,Quilogramas por Hectare
MU,1200609,Tarauacá (AC),..,Quilogramas por Hectare,-,Quilogramas por Hectare
MU,1200708,Xapuri (AC),..,Quilogramas por Hectare,-,Quilogramas por Hectare
MU,1200807,Porto Acre (AC),..,Quilogramas por Hectare,-,Quilogramas por Hectare
MU,1300029,Alvarães (AM),..,Quilogramas por Hectare,13000,Quilogramas por Hectare
MU,1300060,Amaturá (AM),..,Quilogramas por Hectare,11000,Quilogramas por Hectare
MU,1300086,Anamã (AM),..,Quilogramas por Hectare,11000,Quilogramas por Hectare
MU,1300102,Anori (AM),..,Quilogramas por Hectare,12000,Quilogramas por Hectare
MU,1300144,Apuí (AM),..,Quilogramas por Hectare,-,Quilogramas por Hectare
MU,1300201,Atalaia do Norte (AM),..,Quilogramas por Hectare,11000,Quilogramas por Hectare
MU,1300300,Autazes (AM),..,Quilogramas por Hectare,11200,Quilogramas por Hectare
MU,1300409,Barcelos (AM),..,Quilogramas por Hectare,10514,Quilogramas por Hectare
MU,1300508,Barreirinha (AM),..,Quilogramas por Hectare,11000,Quilogramas por Hectare
MU,1300607,Benjamin Constant (AM),..,Quilogramas por Hectare,12000,Quilogramas por Hectare
MU,1300631,Beruri (AM),..,Quilogramas por Hectare,10000,Quilogramas por Hectare
MU,1300680,Boa Vista do Ramos (AM),..,Quilogramas por Hectare,-,Quilogramas por Hectare
MU,1300706,Boca do Acre (AM),..,Quilogramas por Hectare,-,Quilogramas por Hectare
MU,1300805,Borba (AM),..,Quilogramas por Hectare,10000,Quilogramas por Hectare
MU,1300839,Caapiranga (AM),..,Quilogramas por Hectare,12000,Quilogramas por Hectare
MU,1300904,Canutama (AM),..,Quilogramas por Hectare,10000,Quilogramas por Hectare
MU,1301001,Carauari (AM),..,Quilogramas por Hectare,12000,Quilogramas por Hectare
MU,1301100,Careiro (AM),..,Quilogramas por Hectare,10400,Quilogramas por Hectare
MU,1301159,Careiro da Várzea (AM),..,Quilogramas por Hectare,-,Quilogramas por Hectare
MU,1301209,Coari (AM),..,Quilogramas por Hectare,12000,Quilogramas por Hectare
MU,1301308,Codajás (AM),..,Quilogramas por Hectare,12000,Quilogramas por Hectare
MU,1301407,Eirunepé (AM),..,Quilogramas por Hectare,12000,Quilogramas por Hectare
MU,1301506,Envira (AM),..,Quilogramas por Hectare,11000,Quilogramas por Hectare
MU,1301605,Fonte Boa (AM),..,Quilogramas por Hectare,7600,Quilogramas por Hectare
MU,1301654,Guajará (AM),..,Quilogramas por Hectare,-,Quilogramas por Hectare
MU,1301704,Humaitá (AM),..,Quilogramas por Hectare,10000,Quilogramas por Hectare
MU,1301803,Ipixuna (AM),..,Quilogramas por Hectare,12000,Quilogramas por Hectare
MU,1301852,Iranduba (AM),..,Quilogramas por Hectare,10400,Quilogramas por Hectare
MU,1301902,Itacoatiara (AM),..,Quilogramas por Hectare,12000,Quilogramas por Hectare
MU,1301951,Itamarati (AM),..,Quilogramas por Hectare,10000,Quilogramas por Hectare
MU,1302009,Itapiranga (AM),..,Quilogramas por Hectare,-,Quilogramas por Hectare
MU,1302108,Japurá (AM),..,Quilogramas por Hectare,12000,Quilogramas por Hectare
MU,1302207,Juruá (AM),..,Quilogramas por Hectare,14211,Quilogramas por Hectare
MU,1302306,Jutaí (AM),..,Quilogramas por Hectare,10000,Quilogramas por Hectare
MU,1302405,Lábrea (AM),..,Quilogramas por Hectare,10000,Quilogramas por Hectare
MU,1302504,Manacapuru (AM),..,Quilogramas por Hectare,12000,Quilogramas por Hectare
MU,1302553,Manaquiri (AM),..,Quilogramas por Hectare,10000,Quilogramas por Hectare
MU,1302603,Manaus (AM),..,Quilogramas por Hectare,12000,Quilogramas por Hectare
MU,1302702,Manicoré (AM),..,Quilogramas por Hectare,10000,Quilogramas por Hectare
MU,1302801,Maraã (AM),..,Quilogramas por Hectare,12000,Quilogramas por Hectare
MU,1302900,Maués (AM),..,Quilogramas por Hectare,-,Quilogramas por Hectare
MU,1303007,Nhamundá (AM),..,Quilogramas por Hectare,-,Quilogramas por Hectare
MU,1303106,Nova Olinda do Norte (AM),..,Quilogramas por Hectare,12000,Quilogramas por Hectare
MU,1303205,Novo Airão (AM),..,Quilogramas por Hectare,11000,Quilogramas por Hectare
MU,1303304,Novo Aripuanã (AM),..,Quilogramas por Hectare,10000,Quilogramas por Hectare
MU,1303403,Parintins (AM),..,Quilogramas por Hectare,-,Quilogramas por Hectare
MU,1303502,Pauini (AM),..,Quilogramas por Hectare,-,Quilogramas por Hectare
MU,1303536,Presidente Figueiredo (AM),..,Quilogramas por Hectare,9000,Quilogramas por Hectare
MU,1303569,Rio Preto da Eva (AM),..,Quilogramas por Hectare,10000,Quilogramas por Hectare
MU,1303601,Santa Isabel do Rio Negro (AM),..,Quilogramas por Hectare,12000,Quilogramas por Hectare
MU,1303700,Santo Antônio do Içá (AM),..,Quilogramas por Hectare,13514,Quilogramas por Hectare
MU,1303809,São Gabriel da Cachoeira (AM),..,Quilogramas por Hectare,12000,Quilogramas por Hectare
MU,1303908,São Paulo de Olivença (AM),..,Quilogramas por Hectare,11000,Quilogramas por Hectare
MU,1303957,São Sebastião do Uatumã (AM),..,Quilogramas por Hectare,-,Quilogramas por Hectare
MU,1304005,Silves (AM),..,Quilogramas por Hectare,12000,Quilogramas por Hectare
MU,1304062,Tabatinga (AM),..,Quilogramas por Hectare,12000,Quilogramas por Hectare
MU,1304104,Tapauá (AM),..,Quilogramas por Hectare,10000,Quilogramas por Hectare
MU,1304203,Tefé (AM),..,Quilogramas por Hectare,13000,Quilogramas por Hectare
MU,1304237,Tonantins (AM),..,Quilogramas por Hectare,11000,Quilogramas por Hectare
MU,1304260,Uarini (AM),..,Quilogramas por Hectare,13000,Quilogramas por Hectare
MU,1304302,Urucará (AM),..,Quilogramas por Hectare,12000,Quilogramas por Hectare
MU,1304401,Urucurituba (AM),..,Quilogramas por Hectare,12000,Quilogramas por Hectare
MU,1400027,Amajari (RR),..,Quilogramas por Hectare,7538,Quilogramas por Hectare
MU,1400050,Alto Alegre (RR),..,Quilogramas por Hectare,-,Quilogramas por Hectare
MU,1400100,Boa Vista (RR),..,Quilogramas por Hectare,-,Quilogramas por Hectare
MU,1400159,Bonfim (RR),..,Quilogramas por Hectare,-,Quilogramas por Hectare
MU,1400175,Cantá (RR),..,Quilogramas por Hectare,-,Quilogramas por Hectare
MU,1400209,Caracaraí (RR),..,Quilogramas por Hectare,-,Quilogramas por Hectare
MU,1400233,Caroebe (RR),..,Quilogramas por Hectare,7500,Quilogramas por Hectare
MU,1400282,Iracema (RR),..,Quilogramas por Hectare,4000,Quilogramas por Hectare
MU,1400308,Mucajaí (RR),..,Quilogramas por Hectare,6700,Quilogramas por Hectare
MU,1400407,Normandia (RR),..,Quilogramas por Hectare,-,Quilogramas por Hectare
MU,1400456,Pacaraima (RR),..,Quilogramas por Hectare,6000,Quilogramas por Hectare
MU,1400472,Rorainópolis (RR),..,Quilogramas por Hectare,5500,Quilogramas por Hectare
MU,1400506,São João da Baliza (RR),..,Quilogramas por Hectare,8000,Quilogramas por Hectare
MU,1400605,São Luiz do Anauá (RR),..,Quilogramas por Hectare,12000,Quilogramas por Hectare
MU,1400704,Uiramutã (RR),..,Quilogramas por Hectare,-,Quilogramas por Hectare
MU,1500107,Abaetetuba (PA),..,Quilogramas por Hectare,5600,Quilogramas por Hectare
MU,1500131,Abel Figueiredo (PA),..,Quilogramas por Hectare,8000,Quilogramas por Hectare
MU,1500206,Acará (PA),..,Quilogramas por Hectare,12000,Quilogramas por Hectare
MU,1500305,Afuá (PA),..,Quilogramas por Hectare,-,Quilogramas por Hectare
MU,1500347,Água Azul do Norte (PA),..,Quilogramas por Hectare,10000,Quilogramas por Hectare
MU,1500404,Alenquer (PA),..,Quilogramas por Hectare,4961,Quilogramas por Hectare
MU,1500503,Almeirim (PA),..,Quilogramas por Hectare,8000,Quilogramas por Hectare
MU,1500602,Altamira (PA),..,Quilogramas por Hectare,8000,Quilogramas por Hectare
MU,1500701,Anajás (PA),..,Quilogramas por Hectare,10000,Quilogramas por Hectare
MU,1500800,Ananindeua (PA),..,Quilogramas por Hectare,4185,Quilogramas por Hectare
MU,1500859,Anapu (PA),..,Quilogramas por Hectare,6271,Quilogramas por Hectare
MU,1500909,Augusto Corrêa (PA),..,Quilogramas por Hectare,6444,Quilogramas por Hectare
MU,1500958,Aurora do Pará (PA),..,Quilogramas por Hectare,6000,Quilogramas por Hectare
MU,1501006,Aveiro (PA),..,Quilogramas por Hectare,6000,Quilogramas por Hectare
MU,1501105,Bagre (PA),..,Quilogramas por Hectare,8800,Quilogramas por Hectare
MU,1501204,Baião (PA),..,Quilogramas por Hectare,5750,Quilogramas por Hectare
MU,1501253,Bannach (PA),..,Quilogramas por Hectare,-,Quilogramas por Hectare
MU,1501303,Barcarena (PA),..,Quilogramas por Hectare,7000,Quilogramas por Hectare
MU,1501402,Belém (PA),..,Quilogramas por Hectare,4000,Quilogramas por Hectare
MU,1501451,Belterra (PA),..,Quilogramas por Hectare,5600,Quilogramas por Hectare
MU,1501501,Benevides (PA),..,Quilogramas por Hectare,3125,Quilogramas por Hectare
MU,1501576,Bom Jesus do Tocantins (PA),..,Quilogramas por Hectare,6000,Quilogramas por Hectare
MU,1501600,Bonito (PA),..,Quilogramas por Hectare,11700,Quilogramas por Hectare
MU,1501709,Bragança (PA),..,Quilogramas por Hectare,6000,Quilogramas por Hectare
MU,1501725,Brasil Novo (PA),..,Quilogramas por Hectare,6000,Quilogramas por Hectare
MU,1501758,Brejo Grande do Araguaia (PA),..,Quilogramas por Hectare,6000,Quilogramas por Hectare
MU,1501782,Breu Branco (PA),..,Quilogramas por Hectare,10083,Quilogramas por Hectare
MU,1501808,Breves (PA),..,Quilogramas por Hectare,7715,Quilogramas por Hectare
MU,1501907,Bujaru (PA),..,Quilogramas por Hectare,11379,Quilogramas por Hectare
MU,1501956,Cachoeira do Piriá (PA),..,Quilogramas por Hectare,4500,Quilogramas por Hectare
MU,1502004,Cachoeira do Arari (PA),..,Quilogramas por Hectare,3423,Quilogramas por Hectare
MU,1502103,Cametá (PA),..,Quilogramas por Hectare,5261,Quilogramas por Hectare
MU,1502152,Canaã dos Carajás (PA),..,Quilogramas por Hectare,6000,Quilogramas por Hectare
MU,1502202,Capanema (PA),..,Quilogramas por Hectare,3000,Quilogramas por Hectare
MU,1502301,Capitão Poço (PA),..,Quilogramas por Hectare,11803,Quilogramas por Hectare
MU,1502400,Castanhal (PA),..,Quilogramas por Hectare,8000,Quilogramas por Hectare
MU,1502509,Chaves (PA),..,Quilogramas por Hectare,...,Quilogramas por Hectare
MU,1502608,Colares (PA),..,Quilogramas por Hectare,6000,Quilogramas por Hectare
MU,1502707,Conceição do Araguaia (PA),..,Quilogramas por Hectare,-,Quilogramas por Hectare
MU,1502756,Concórdia do Pará (PA),..,Quilogramas por Hectare,6500,Quilogramas por Hectare
MU,1502764,Cumaru do Norte (PA),..,Quilogramas por Hectare,5000,Quilogramas por Hectare
MU,1502772,Curionópolis (PA),..,Quilogramas por Hectare,6000,Quilogramas por Hectare
MU,1502806,Curralinho (PA),..,Quilogramas por Hectare,9000,Quilogramas por Hectare
MU,1502855,Curuá (PA),..,Quilogramas por Hectare,7000,Quilogramas por Hectare
MU,1502905,Curuçá (PA),..,Quilogramas por Hectare,7000,Quilogramas por Hectare
MU,1502939,Dom Eliseu (PA),..,Quilogramas por Hectare,9283,Quilogramas por Hectare
MU,1502954,Eldorado do Carajás (PA),..,Quilogramas por Hectare,5000,Quilogramas por Hectare
MU,1503002,Faro (PA),..,Quilogramas por Hectare,-,Quilogramas por Hectare
MU,1503044,Floresta do Araguaia (PA),..,Quilogramas por Hectare,-,Quilogramas por Hectare
MU,1503077,Garrafão do Norte (PA),..,Quilogramas por Hectare,3037,Quilogramas por Hectare
MU,1503093,Goianésia do Pará (PA),..,Quilogramas por Hectare,6000,Quilogramas por Hectare
MU,1503101,Gurupá (PA),..,Quilogramas por Hectare,8000,Quilogramas por Hectare
MU,1503200,Igarapé-Açu (PA),..,Quilogramas por Hectare,8401,Quilogramas por Hectare
MU,1503309,Igarapé-Miri (PA),..,Quilogramas por Hectare,5000,Quilogramas por Hectare
MU,1503408,Inhangapi (PA),..,Quilogramas por Hectare,6477,Quilogramas por Hectare
MU,1503457,Ipixuna do Pará (PA),..,Quilogramas por Hectare,8053,Quilogramas por Hectare
MU,1503507,Irituia (PA),..,Quilogramas por Hectare,5993,Quilogramas por Hectare
MU,1503606,Itaituba (PA),..,Quilogramas por Hectare,2000,Quilogramas por Hectare
MU,1503705,Itupiranga (PA),..,Quilogramas por Hectare,6088,Quilogramas por Hectare
MU,1503754,Jacareacanga (PA),..,Quilogramas por Hectare,2000,Quilogramas por Hectare
MU,1503804,Jacundá (PA),..,Quilogramas por Hectare,10000,Quilogramas por Hectare
MU,1503903,Juruti (PA),..,Quilogramas por Hectare,6000,Quilogramas por Hectare
MU,1504000,Limoeiro do Ajuru (PA),..,Quilogramas por Hectare,6000,Quilogramas por Hectare
MU,1504059,Mãe do Rio (PA),..,Quilogramas por Hectare,3000,Quilogramas por Hectare
MU,1504109,Magalhães Barata (PA),..,Quilogramas por Hectare,8000,Quilogramas por Hectare
MU,1504208,Marabá (PA),..,Quilogramas por Hectare,6000,Quilogramas por Hectare
MU,1504307,Maracanã (PA),..,Quilogramas por Hectare,8872,Quilogramas por Hectare
MU,1504406,Marapanim (PA),..,Quilogramas por Hectare,6551,Quilogramas por Hectare
MU,1504422,Marituba (PA),..,Quilogramas por Hectare,...,Quilogramas por Hectare
MU,1504455,Medicilândia (PA),..,Quilogramas por Hectare,15000,Quilogramas por Hectare
MU,1504505,Melgaço (PA),..,Quilogramas por Hectare,6000,Quilogramas por Hectare
MU,1504604,Mocajuba (PA),..,Quilogramas por Hectare,2000,Quilogramas por Hectare
MU,1504703,Moju (PA),..,Quilogramas por Hectare,6500,Quilogramas por Hectare
MU,1504752,Mojuí dos Campos (PA),..,Quilogramas por Hectare,6563,Quilogramas por Hectare
MU,1504802,Monte Alegre (PA),..,Quilogramas por Hectare,3658,Quilogramas por Hectare
MU,1504901,Muaná (PA),..,Quilogramas por Hectare,4394,Quilogramas por Hectare
MU,1504950,Nova Esperança do Piriá (PA),..,Quilogramas por Hectare,10000,Quilogramas por Hectare
MU,1504976,Nova Ipixuna (PA),..,Quilogramas por Hectare,8000,Quilogramas por Hectare
MU,1505007,Nova Timboteua (PA),..,Quilogramas por Hectare,3469,Quilogramas por Hectare
MU,1505031,Novo Progresso (PA),..,Quilogramas por Hectare,5000,Quilogramas por Hectare
MU,1505064,Novo Repartimento (PA),..,Quilogramas por Hectare,3000,Quilogramas por Hectare
MU,1505106,Óbidos (PA),..,Quilogramas por Hectare,8000,Quilogramas por Hectare
MU,1505205,Oeiras do Pará (PA),..,Quilogramas por Hectare,6500,Quilogramas por Hectare
MU,1505304,Oriximiná (PA),..,Quilogramas por Hectare,-,Quilogramas por Hectare
MU,1505403,Ourém (PA),..,Quilogramas por Hectare,10000,Quilogramas por Hectare
MU,1505437,Ourilândia do Norte (PA),..,Quilogramas por Hectare,10800,Quilogramas por Hectare
MU,1505486,Pacajá (PA),..,Quilogramas por Hectare,6000,Quilogramas por Hectare
MU,1505494,Palestina do Pará (PA),..,Quilogramas por Hectare,8000,Quilogramas por Hectare
MU,1505502,Paragominas (PA),..,Quilogramas por Hectare,4817,Quilogramas por Hectare
MU,1505536,Parauapebas (PA),..,Quilogramas por Hectare,6000,Quilogramas por Hectare
MU,1505551,Pau D'Arco (PA),..,Quilogramas por Hectare,-,Quilogramas por Hectare
MU,1505601,Peixe-Boi (PA),..,Quilogramas por Hectare,3950,Quilogramas por Hectare
MU,1505635,Piçarra (PA),..,Quilogramas por Hectare,-,Quilogramas por Hectare
MU,1505650,Placas (PA),..,Quilogramas por Hectare,-,Quilogramas por Hectare
MU,1505700,Ponta de Pedras (PA),..,Quilogramas por Hectare,3867,Quilogramas por Hectare
MU,1505809,Portel (PA),..,Quilogramas por Hectare,10000,Quilogramas por Hectare
MU,1505908,Porto de Moz (PA),..,Quilogramas por Hectare,8000,Quilogramas por Hectare
MU,1506005,Prainha (PA),..,Quilogramas por Hectare,3000,Quilogramas por Hectare
MU,1506104,Primavera (PA),..,Quilogramas por Hectare,-,Quilogramas por Hectare
MU,1506112,Quatipuru (PA),..,Quilogramas por Hectare,10000,Quilogramas por Hectare
MU,1506138,Redenção (PA),..,Quilogramas por Hectare,-,Quilogramas por Hectare
MU,1506161,Rio Maria (PA),..,Quilogramas por Hectare,...,Quilogramas por Hectare
MU,1506187,Rondon do Pará (PA),..,Quilogramas por Hectare,7440,Quilogramas por Hectare
MU,1506195,Rurópolis (PA),..,Quilogramas por Hectare,-,Quilogramas por Hectare
MU,1506203,Salinópolis (PA),..,Quilogramas por Hectare,-,Quilogramas por Hectare
MU,1506302,Salvaterra (PA),..,Quilogramas por Hectare,4000,Quilogramas por Hectare
MU,1506351,Santa Bárbara do Pará (PA),..,Quilogramas por Hectare,4700,Quilogramas por Hectare
MU,1506500,Santa Izabel do Pará (PA),..,Quilogramas por Hectare,10500,Quilogramas por Hectare
MU,1506559,Santa Luzia do Pará (PA),..,Quilogramas por Hectare,-,Quilogramas por Hectare
MU,1506583,Santa Maria das Barreiras (PA),..,Quilogramas por Hectare,2000,Quilogramas por Hectare
MU,1506609,Santa Maria do Pará (PA),..,Quilogramas por Hectare,5123,Quilogramas por Hectare
MU,1506708,Santana do Araguaia (PA),..,Quilogramas por Hectare,...,Quilogramas por Hectare
MU,1506807,Santarém (PA),..,Quilogramas por Hectare,4000,Quilogramas por Hectare
MU,1506906,Santarém Novo (PA),..,Quilogramas por Hectare,-,Quilogramas por Hectare
MU,1507003,Santo Antônio do Tauá (PA),..,Quilogramas por Hectare,7428,Quilogramas por Hectare
MU,1507102,São Caetano de Odivelas (PA),..,Quilogramas por Hectare,8000,Quilogramas por Hectare
MU,1507151,São Domingos do Araguaia (PA),..,Quilogramas por Hectare,5000,Quilogramas por Hectare
MU,1507201,São Domingos do Capim (PA),..,Quilogramas por Hectare,5000,Quilogramas por Hectare
MU,1507300,São Félix do Xingu (PA),..,Quilogramas por Hectare,-,Quilogramas por Hectare
MU,1507409,São Francisco do Pará (PA),..,Quilogramas por Hectare,7000,Quilogramas por Hectare
MU,1507458,São Geraldo do Araguaia (PA),..,Quilogramas por Hectare,13000,Quilogramas por Hectare
MU,1507466,São João da Ponta (PA),..,Quilogramas por Hectare,6000,Quilogramas por Hectare
MU,1507474,São João de Pirabas (PA),..,Quilogramas por Hectare,3000,Quilogramas por Hectare
MU,1507508,São João do Araguaia (PA),..,Quilogramas por Hectare,8640,Quilogramas por Hectare
MU,1507607,São Miguel do Guamá (PA),..,Quilogramas por Hectare,12000,Quilogramas por Hectare
MU,1507706,São Sebastião da Boa Vista (PA),..,Quilogramas por Hectare,3155,Quilogramas por Hectare
MU,1507755,Sapucaia (PA),..,Quilogramas por Hectare,-,Quilogramas por Hectare
MU,1507805,Senador José Porfírio (PA),..,Quilogramas por Hectare,-,Quilogramas por Hectare
MU,1507904,Soure (PA),..,Quilogramas por Hectare,-,Quilogramas por Hectare
MU,1507953,Tailândia (PA),..,Quilogramas por Hectare,10000,Quilogramas por Hectare
MU,1507961,Terra Alta (PA),..,Quilogramas por Hectare,6948,Quilogramas por Hectare
MU,1507979,Terra Santa (PA),..,Quilogramas por Hectare,-,Quilogramas por Hectare
MU,1508001,Tomé-Açu (PA),..,Quilogramas por Hectare,2960,Quilogramas por Hectare
MU,1508035,Tracuateua (PA),..,Quilogramas por Hectare,6000,Quilogramas por Hectare
MU,1508050,Trairão (PA),..,Quilogramas por Hectare,4701,Quilogramas por Hectare
MU,1508084,Tucumã (PA),..,Quilogramas por Hectare,2456,Quilogramas por Hectare
MU,1508100,Tucuruí (PA),..,Quilogramas por Hectare,9000,Quilogramas por Hectare
MU,1508126,Ulianópolis (PA),..,Quilogramas por Hectare,7467,Quilogramas por Hectare
MU,1508159,Uruará (PA),..,Quilogramas por Hectare,6000,Quilogramas por Hectare
MU,1508209,Vigia (PA),..,Quilogramas por Hectare,7140,Quilogramas por Hectare
MU,1508308,Viseu (PA),..,Quilogramas por Hectare,6800,Quilogramas por Hectare
MU,1508357,Vitória do Xingu (PA),..,Quilogramas por Hectare,6000,Quilogramas por Hectare
MU,1508407,Xinguara (PA),..,Quilogramas por Hectare,-,Quilogramas por Hectare
MU,1600055,Serra do Navio (AP),..,Quilogramas por Hectare,-,Quilogramas por Hectare
MU,1600105,Amapá (AP),..,Quilogramas por Hectare,12200,Quilogramas por Hectare
MU,1600154,Pedra Branca do Amapari (AP),..,Quilogramas por Hectare,-,Quilogramas por Hectare
MU,1600204,Calçoene (AP),..,Quilogramas por Hectare,12500,Quilogramas por Hectare
MU,1600212,Cutias (AP),..,Quilogramas por Hectare,-,Quilogramas por Hectare
MU,1600238,Ferreira Gomes (AP),..,Quilogramas por Hectare,10800,Quilogramas por Hectare
MU,1600253,Itaubal (AP),..,Quilogramas por Hectare,-,Quilogramas por Hectare
MU,1600279,Laranjal do Jari (AP),..,Quilogramas por Hectare,12300,Quilogramas por Hectare
MU,1600303,Macapá (AP),..,Quilogramas por Hectare,13654,Quilogramas por Hectare
MU,1600402,Mazagão (AP),..,Quilogramas por Hectare,-,Quilogramas por Hectare
MU,1600501,Oiapoque (AP),..,Quilogramas por Hectare,12286,Quilogramas por Hectare
MU,1600535,Porto Grande (AP),..,Quilogramas por Hectare,11800,Quilogramas por Hectare
MU,1600550,Pracuúba (AP),..,Quilogramas por Hectare,10980,Quilogramas por Hectare
MU,1600600,Santana (AP),..,Quilogramas por Hectare,12625,Quilogramas por Hectare
MU,1600709,Tartarugalzinho (AP),..,Quilogramas por Hectare,11150,Quilogramas por Hectare
MU,1600808,Vitória do Jari (AP),..,Quilogramas por Hectare,-,Quilogramas por Hectare
MU,1700251,Abreulândia (TO),..,Quilogramas por Hectare,-,Quilogramas por Hectare
MU,1700301,Aguiarnópolis (TO),..,Quilogramas por Hectare,-,Quilogramas por Hectare
MU,1700350,Aliança do Tocantins (TO),..,Quilogramas por Hectare,-,Quilogramas por Hectare
MU,1700400,Almas (TO),..,Quilogramas por Hectare,-,Quilogramas por Hectare
MU,1700707,Alvorada (TO),..,Quilogramas por Hectare,-,Quilogramas por Hectare
MU,1701002,Ananás (TO),..,Quilogramas por Hectare,-,Quilogramas por Hectare
MU,1701051,Angico (TO),..,Quilogramas por Hectare,-,Quilogramas por Hectare
MU,1701101,Aparecida do Rio Negro (TO),..,Quilogramas por Hectare,-,Quilogramas por Hectare
MU,1701309,Aragominas (TO),..,Quilogramas por Hectare,-,Quilogramas por Hectare
MU,1701903,Araguacema (TO),..,Quilogramas por Hectare,...,Quilogramas por Hectare
MU,1702000,Araguaçu (TO),..,Quilogramas por Hectare,-,Quilogramas por Hectare
MU,1702109,Araguaína (TO),..,Quilogramas por Hectare,-,Quilogramas por Hectare
MU,1702158,Araguanã (TO),..,Quilogramas por Hectare,...,Quilogramas por Hectare
MU,1702208,Araguatins (TO),..,Quilogramas por Hectare,-,Quilogramas por Hectare
MU,1702307,Arapoema (TO),..,Quilogramas por Hectare,-,Quilogramas por Hectare
MU,1702406,Arraias (TO),..,Quilogramas por Hectare,-,Quilogramas por Hectare
MU,1702554,Augustinópolis (TO),..,Quilogramas por Hectare,-,Quilogramas por Hectare
MU,1702703,Aurora do Tocantins (TO),..,Quilogramas por Hectare,-,Quilogramas por Hectare
MU,1702901,Axixá do Tocantins (TO),..,Quilogramas por Hectare,2500,Quilogramas por Hectare
MU,1703008,Babaçulândia (TO),..,Quilogramas por Hectare,-,Quilogramas por Hectare
MU,1703057,Bandeirantes do Tocantins (TO),..,Quilogramas por Hectare,-,Quilogramas por Hectare
MU,1703073,Barra do Ouro (TO),..,Quilogramas por Hectare,-,Quilogramas por Hectare
MU,1703107,Barrolândia (TO),..,Quilogramas por Hectare,-,Quilogramas por Hectare
MU,1703206,Bernardo Sayão (TO),..,Quilogramas por Hectare,2000,Quilogramas por Hectare
MU,1703305,Bom Jesus do Tocantins (TO),..,Quilogramas por Hectare,-,Quilogramas por Hectare
MU,1703602,Brasilândia do Tocantins (TO),..,Quilogramas por Hectare,-,Quilogramas por Hectare
MU,1703701,Brejinho de Nazaré (TO),..,Quilogramas por Hectare,-,Quilogramas por Hectare
MU,1703800,Buriti do Tocantins (TO),..,Quilogramas por Hectare,2500,Quilogramas por Hectare
MU,1703826,Cachoeirinha (TO),..,Quilogramas por Hectare,-,Quilogramas por Hectare
MU,1703842,Campos Lindos (TO),..,Quilogramas por Hectare,-,Quilogramas por Hectare
MU,1703867,Cariri do Tocantins (TO),..,Quilogramas por Hectare,-,Quilogramas por Hectare
MU,1703883,Carmolândia (TO),..,Quilogramas por Hectare,...,Quilogramas por Hectare
MU,1703891,Carrasco Bonito (TO),..,Quilogramas por Hectare,-,Quilogramas por Hectare
MU,1703909,Caseara (TO),..,Quilogramas por Hectare,-,Quilogramas por Hectare
MU,1704105,Centenário (TO),..,Quilogramas por Hectare,-,Quilogramas por Hectare
MU,1704600,Chapada de Areia (TO),..,Quilogramas por Hectare,-,Quilogramas por Hectare
MU,1705102,Chapada da Natividade (TO),..,Quilogramas por Hectare,-,Quilogramas por Hectare
MU,1705508,Colinas do Tocantins (TO),..,Quilogramas por Hectare,-,Quilogramas por Hectare
MU,1705557,Combinado (TO),..,Quilogramas por Hectare,-,Quilogramas por Hectare
MU,1705607,Conceição do Tocantins (TO),..,Quilogramas por Hectare,-,Quilogramas por Hectare
MU,1706001,Couto Magalhães (TO),..,Quilogramas por Hectare,2000,Quilogramas por Hectare
MU,1706100,Cristalândia (TO),..,Quilogramas por Hectare,-,Quilogramas por Hectare
MU,1706258,Crixás do Tocantins (TO),..,Quilogramas por Hectare,-,Quilogramas por Hectare
MU,1706506,Darcinópolis (TO),..,Quilogramas por Hectare,-,Quilogramas por Hectare
MU,1707009,Dianópolis (TO),..,Quilogramas por Hectare,-,Quilogramas por Hectare
MU,1707108,Divinópolis do Tocantins (TO),..,Quilogramas por Hectare,-,Quilogramas por Hectare
MU,1707207,Dois Irmãos do Tocantins (TO),..,Quilogramas por Hectare,-,Quilogramas por Hectare
MU,1707306,Dueré (TO),..,Quilogramas por Hectare,-,Quilogramas por Hectare
MU,1707405,Esperantina (TO),..,Quilogramas por Hectare,3750,Quilogramas por Hectare
MU,1707553,Fátima (TO),..,Quilogramas por Hectare,-,Quilogramas por Hectare
MU,1707652,Figueirópolis (TO),..,Quilogramas por Hectare,-,Quilogramas por Hectare
MU,1707702,Filadélfia (TO),..,Quilogramas por Hectare,-,Quilogramas por Hectare
MU,1708205,Formoso do Araguaia (TO),..,Quilogramas por Hectare,-,Quilogramas por Hectare
MU,1708254,Tabocão (TO),..,Quilogramas por Hectare,-,Quilogramas por Hectare
MU,1708304,Goianorte (TO),..,Quilogramas por Hectare,2000,Quilogramas por Hectare
MU,1709005,Goiatins (TO),..,Quilogramas por Hectare,-,Quilogramas por Hectare
MU,1709302,Guaraí (TO),..,Quilogramas por Hectare,4000,Quilogramas por Hectare
MU,1709500,Gurupi (TO),..,Quilogramas por Hectare,-,Quilogramas por Hectare
MU,1709807,Ipueiras (TO),..,Quilogramas por Hectare,-,Quilogramas por Hectare
MU,1710508,Itacajá (TO),..,Quilogramas por Hectare,-,Quilogramas por Hectare
MU,1710706,Itaguatins (TO),..,Quilogramas por Hectare,5000,Quilogramas por Hectare
MU,1710904,Itapiratins (TO),..,Quilogramas por Hectare,-,Quilogramas por Hectare
MU,1711100,Itaporã do Tocantins (TO),..,Quilogramas por Hectare,-,Quilogramas por Hectare
MU,1711506,Jaú do Tocantins (TO),..,Quilogramas por Hectare,-,Quilogramas por Hectare
MU,1711803,Juarina (TO),..,Quilogramas por Hectare,-,Quilogramas por Hectare
MU,1711902,Lagoa da Confusão (TO),..,Quilogramas por Hectare,6047,Quilogramas por Hectare
MU,1711951,Lagoa do Tocantins (TO),..,Quilogramas por Hectare,-,Quilogramas por Hectare
MU,1712009,Lajeado (TO),..,Quilogramas por Hectare,-,Quilogramas por Hectare
MU,1712157,Lavandeira (TO),..,Quilogramas por Hectare,-,Quilogramas por Hectare
MU,1712405,Lizarda (TO),..,Quilogramas por Hectare,-,Quilogramas por Hectare
MU,1712454,Luzinópolis (TO),..,Quilogramas por Hectare,-,Quilogramas por Hectare
MU,1712504,Marianópolis do Tocantins (TO),..,Quilogramas por Hectare,-,Quilogramas por Hectare
MU,1712702,Mateiros (TO),..,Quilogramas por Hectare,-,Quilogramas por Hectare
MU,1712801,Maurilândia do Tocantins (TO),..,Quilogramas por Hectare,-,Quilogramas por Hectare
MU,1713205,Miracema do Tocantins (TO),..,Quilogramas por Hectare,-,Quilogramas por Hectare
MU,1713304,Miranorte (TO),..,Quilogramas por Hectare,-,Quilogramas por Hectare
MU,1713601,Monte do Carmo (TO),..,Quilogramas por Hectare,-,Quilogramas por Hectare
MU,1713700,Monte Santo do Tocantins (TO),..,Quilogramas por Hectare,-,Quilogramas por Hectare
MU,1713809,Palmeiras do Tocantins (TO),..,Quilogramas por Hectare,-,Quilogramas por Hectare
MU,1713957,Muricilândia (TO),..,Quilogramas por Hectare,...,Quilogramas por Hectare
MU,1714203,Natividade (TO),..,Quilogramas por Hectare,-,Quilogramas por Hectare
MU,1714302,Nazaré (TO),..,Quilogramas por Hectare,-,Quilogramas por Hectare
MU,1714880,Nova Olinda (TO),..,Quilogramas por Hectare,-,Quilogramas por Hectare
MU,1715002,Nova Rosalândia (TO),..,Quilogramas por Hectare,-,Quilogramas por Hectare
MU,1715101,Novo Acordo (TO),..,Quilogramas por Hectare,-,Quilogramas por Hectare
MU,1715150,Novo Alegre (TO),..,Quilogramas por Hectare,-,Quilogramas por Hectare
MU,1715259,Novo Jardim (TO),..,Quilogramas por Hectare,-,Quilogramas por Hectare
MU,1715507,Oliveira de Fátima (TO),..,Quilogramas por Hectare,-,Quilogramas por Hectare
MU,1715705,Palmeirante (TO),..,Quilogramas por Hectare,-,Quilogramas por Hectare
MU,1715754,Palmeirópolis (TO),..,Quilogramas por Hectare,-,Quilogramas por Hectare
MU,1716109,Paraíso do Tocantins (TO),..,Quilogramas por Hectare,-,Quilogramas por Hectare
MU,1716208,Paranã (TO),..,Quilogramas por Hectare,-,Quilogramas por Hectare
MU,1716307,Pau D'Arco (TO),..,Quilogramas por Hectare,-,Quilogramas por Hectare
MU,1716505,Pedro Afonso (TO),..,Quilogramas por Hectare,-,Quilogramas por Hectare
MU,1716604,Peixe (TO),..,Quilogramas por Hectare,-,Quilogramas por Hectare
MU,1716653,Pequizeiro (TO),..,Quilogramas por Hectare,-,Quilogramas por Hectare
MU,1716703,Colméia (TO),..,Quilogramas por Hectare,-,Quilogramas por Hectare
MU,1717008,Pindorama do Tocantins (TO),..,Quilogramas por Hectare,-,Quilogramas por Hectare
MU,1717206,Piraquê (TO),..,Quilogramas por Hectare,-,Quilogramas por Hectare
MU,1717503,Pium (TO),..,Quilogramas por Hectare,...,Quilogramas por Hectare
MU,1717800,Ponte Alta do Bom Jesus (TO),..,Quilogramas por Hectare,-,Quilogramas por Hectare
MU,1717909,Ponte Alta do Tocantins (TO),..,Quilogramas por Hectare,-,Quilogramas por Hectare
MU,1718006,Porto Alegre do Tocantins (TO),..,Quilogramas por Hectare,-,Quilogramas por Hectare
MU,1718204,Porto Nacional (TO),..,Quilogramas por Hectare,3500,Quilogramas por Hectare
MU,1718303,Praia Norte (TO),..,Quilogramas por Hectare,-,Quilogramas por Hectare
MU,1718402,Presidente Kennedy (TO),..,Quilogramas por Hectare,...,Quilogramas por Hectare
MU,1718451,Pugmil (TO),..,Quilogramas por Hectare,-,Quilogramas por Hectare
MU,1718501,Recursolândia (TO),..,Quilogramas por Hectare,-,Quilogramas por Hectare
MU,1718550,Riachinho (TO),..,Quilogramas por Hectare,-,Quilogramas por Hectare
MU,1718659,Rio da Conceição (TO),..,Quilogramas por Hectare,-,Quilogramas por Hectare
MU,1718709,Rio dos Bois (TO),..,Quilogramas por Hectare,...,Quilogramas por Hectare
MU,1718758,Rio Sono (TO),..,Quilogramas por Hectare,-,Quilogramas por Hectare
MU,1718808,Sampaio (TO),..,Quilogramas por Hectare,1000,Quilogramas por Hectare
MU,1718840,Sandolândia (TO),..,Quilogramas por Hectare,-,Quilogramas por Hectare
MU,1718865,Santa Fé do Araguaia (TO),..,Quilogramas por Hectare,-,Quilogramas por Hectare
MU,1718881,Santa Maria do Tocantins (TO),..,Quilogramas por Hectare,-,Quilogramas por Hectare
MU,1718899,Santa Rita do Tocantins (TO),..,Quilogramas por Hectare,...,Quilogramas por Hectare
MU,1718907,Santa Rosa do Tocantins (TO),..,Quilogramas por Hectare,-,Quilogramas por Hectare
MU,1719004,Santa Tereza do Tocantins (TO),..,Quilogramas por Hectare,-,Quilogramas por Hectare
MU,1720002,Santa Terezinha do Tocantins (TO),..,Quilogramas por Hectare,-,Quilogramas por Hectare
MU,1720101,São Bento do Tocantins (TO),..,Quilogramas por Hectare,-,Quilogramas por Hectare
MU,1720150,São Félix do Tocantins (TO),..,Quilogramas por Hectare,-,Quilogramas por Hectare
MU,1720200,São Miguel do Tocantins (TO),..,Quilogramas por Hectare,-,Quilogramas por Hectare
MU,1720259,São Salvador do Tocantins (TO),..,Quilogramas por Hectare,-,Quilogramas por Hectare
MU,1720309,São Sebastião do Tocantins (TO),..,Quilogramas por Hectare,-,Quilogramas por Hectare
MU,1720499,São Valério (TO),..,Quilogramas por Hectare,-,Quilogramas por Hectare
MU,1720655,Silvanópolis (TO),..,Quilogramas por Hectare,-,Quilogramas por Hectare
MU,1720804,Sítio Novo do Tocantins (TO),..,Quilogramas por Hectare,-,Quilogramas por Hectare
MU,1720853,Sucupira (TO),..,Quilogramas por Hectare,-,Quilogramas por Hectare
MU,1720903,Taguatinga (TO),..,Quilogramas por Hectare,-,Quilogramas por Hectare
MU,1720937,Taipas do Tocantins (TO),..,Quilogramas por Hectare,-,Quilogramas por Hectare
MU,1720978,Talismã (TO),..,Quilogramas por Hectare,-,Quilogramas por Hectare
MU,1721000,Palmas (TO),..,Quilogramas por Hectare,4000,Quilogramas por Hectare
MU,1721109,Tocantínia (TO),..,Quilogramas por Hectare,-,Quilogramas por Hectare
MU,1721208,Tocantinópolis (TO),..,Quilogramas por Hectare,-,Quilogramas por Hectare
MU,1721257,Tupirama (TO),..,Quilogramas por Hectare,...,Quilogramas por Hectare
MU,1721307,Tupiratins (TO),..,Quilogramas por Hectare,-,Quilogramas por Hectare
MU,1722081,Wanderlândia (TO),..,Quilogramas por Hectare,-,Quilogramas por Hectare
MU,1722107,Xambioá (TO),..,Quilogramas por Hectare,1000,Quilogramas por Hectare
MU,2100055,Açailândia (MA),..,Quilogramas por Hectare,-,Quilogramas por Hectare
MU,2100105,Afonso Cunha (MA),..,Quilogramas por Hectare,-,Quilogramas por Hectare
MU,2100154,Água Doce do Maranhão (MA),..,Quilogramas por Hectare,-,Quilogramas por Hectare
MU,2100204,Alcântara (MA),..,Quilogramas por Hectare,-,Quilogramas por Hectare
MU,2100303,Aldeias Altas (MA),..,Quilogramas por Hectare,-,Quilogramas por Hectare
MU,2100402,Altamira do Maranhão (MA),..,Quilogramas por Hectare,-,Quilogramas por Hectare
MU,2100436,Alto Alegre do Maranhão (MA),..,Quilogramas por Hectare,-,Quilogramas por Hectare
MU,2100477,Alto Alegre do Pindaré (MA),..,Quilogramas por Hectare,...,Quilogramas por Hectare
MU,2100501,Alto Parnaíba (MA),..,Quilogramas por Hectare,-,Quilogramas por Hectare
MU,2100550,Amapá do Maranhão (MA),..,Quilogramas por Hectare,4158,Quilogramas por Hectare
MU,2100600,Amarante do Maranhão (MA),..,Quilogramas por Hectare,2125,Quilogramas por Hectare
MU,2100709,Anajatuba (MA),..,Quilogramas por Hectare,-,Quilogramas por Hectare
MU,2100808,Anapurus (MA),..,Quilogramas por Hectare,-,Quilogramas por Hectare
MU,2100832,Apicum-Açu (MA),..,Quilogramas por Hectare,...,Quilogramas por Hectare
MU,2100873,Araguanã (MA),..,Quilogramas por Hectare,-,Quilogramas por Hectare
MU,2100907,Araioses (MA),..,Quilogramas por Hectare,-,Quilogramas por Hectare
MU,2100956,Arame (MA),..,Quilogramas por Hectare,-,Quilogramas por Hectare
MU,2101004,Arari (MA),..,Quilogramas por Hectare,4211,Quilogramas por Hectare
MU,2101103,Axixá (MA),..,Quilogramas por Hectare,-,Quilogramas por Hectare
MU,2101202,Bacabal (MA),..,Quilogramas por Hectare,10000,Quilogramas por Hectare
MU,2101251,Bacabeira (MA),..,Quilogramas por Hectare,-,Quilogramas por Hectare
MU,2101301,Bacuri (MA),..,Quilogramas por Hectare,-,Quilogramas por Hectare
MU,2101350,Bacurituba (MA),..,Quilogramas por Hectare,-,Quilogramas por Hectare
MU,2101400,Balsas (MA),..,Quilogramas por Hectare,-,Quilogramas por Hectare
MU,2101509,Barão de Grajaú (MA),..,Quilogramas por Hectare,-,Quilogramas por Hectare
MU,2101608,Barra do Corda (MA),..,Quilogramas por Hectare,4000,Quilogramas por Hectare
MU,2101707,Barreirinhas (MA),..,Quilogramas por Hectare,3600,Quilogramas por Hectare
MU,2101731,Belágua (MA),..,Quilogramas por Hectare,-,Quilogramas por Hectare
MU,2101772,Bela Vista do Maranhão (MA),..,Quilogramas por Hectare,-,Quilogramas por Hectare
MU,2101806,Benedito Leite (MA),..,Quilogramas por Hectare,-,Quilogramas por Hectare
MU,2101905,Bequimão (MA),..,Quilogramas por Hectare,-,Quilogramas por Hectare
MU,2101939,Bernardo do Mearim (MA),..,Quilogramas por Hectare,-,Quilogramas por Hectare
MU,2101970,Boa Vista do Gurupi (MA),..,Quilogramas por Hectare,6333,Quilogramas por Hectare
MU,2102002,Bom Jardim (MA),..,Quilogramas por Hectare,-,Quilogramas por Hectare
MU,2102036,Bom Jesus das Selvas (MA),..,Quilogramas por Hectare,...,Quilogramas por Hectare
MU,2102077,Bom Lugar (MA),..,Quilogramas por Hectare,...,Quilogramas por Hectare
MU,2102101,Brejo (MA),..,Quilogramas por Hectare,-,Quilogramas por Hectare
MU,2102150,Brejo de Areia (MA),..,Quilogramas por Hectare,...,Quilogramas por Hectare
MU,2102200,Buriti (MA),..,Quilogramas por Hectare,-,Quilogramas por Hectare
MU,2102309,Buriti Bravo (MA),..,Quilogramas por Hectare,-,Quilogramas por Hectare
MU,2102325,Buriticupu (MA),..,Quilogramas por Hectare,...,Quilogramas por Hectare
MU,2102358,Buritirana (MA),..,Quilogramas por Hectare,-,Quilogramas por Hectare
MU,2102374,Cachoeira Grande (MA),..,Quilogramas por Hectare,-,Quilogramas por Hectare
MU,2102408,Cajapió (MA),..,Quilogramas por Hectare,-,Quilogramas por Hectare
MU,2102507,Cajari (MA),..,Quilogramas por Hectare,-,Quilogramas por Hectare
MU,2102556,Campestre do Maranhão (MA),..,Quilogramas por Hectare,-,Quilogramas por Hectare
MU,2102606,Cândido Mendes (MA),..,Quilogramas por Hectare,1625,Quilogramas por Hectare
MU,2102705,Cantanhede (MA),..,Quilogramas por Hectare,-,Quilogramas por Hectare
MU,2102754,Capinzal do Norte (MA),..,Quilogramas por Hectare,-,Quilogramas por Hectare
MU,2102804,Carolina (MA),..,Quilogramas por Hectare,-,Quilogramas por Hectare
MU,2102903,Carutapera (MA),..,Quilogramas por Hectare,2931,Quilogramas por Hectare
MU,2103000,Caxias (MA),..,Quilogramas por Hectare,-,Quilogramas por Hectare
MU,2103109,Cedral (MA),..,Quilogramas por Hectare,-,Quilogramas por Hectare
MU,2103125,Central do Maranhão (MA),..,Quilogramas por Hectare,-,Quilogramas por Hectare
MU,2103158,Centro do Guilherme (MA),..,Quilogramas por Hectare,2308,Quilogramas por Hectare
MU,2103174,Centro Novo do Maranhão (MA),..,Quilogramas por Hectare,-,Quilogramas por Hectare
MU,2103208,Chapadinha (MA),..,Quilogramas por Hectare,-,Quilogramas por Hectare
MU,2103257,Cidelândia (MA),..,Quilogramas por Hectare,-,Quilogramas por Hectare
MU,2103307,Codó (MA),..,Quilogramas por Hectare,-,Quilogramas por Hectare
MU,2103406,Coelho Neto (MA),..,Quilogramas por Hectare,-,Quilogramas por Hectare
MU,2103505,Colinas (MA),..,Quilogramas por Hectare,-,Quilogramas por Hectare
MU,2103554,Conceição do Lago-Açu (MA),..,Quilogramas por Hectare,-,Quilogramas por Hectare
MU,2103604,Coroatá (MA),..,Quilogramas por Hectare,-,Quilogramas por Hectare
MU,2103703,Cururupu (MA),..,Quilogramas por Hectare,-,Quilogramas por Hectare
MU,2103752,Davinópolis (MA),..,Quilogramas por Hectare,-,Quilogramas por Hectare
MU,2103802,Dom Pedro (MA),..,Quilogramas por Hectare,-,Quilogramas por Hectare
MU,2103901,Duque Bacelar (MA),..,Quilogramas por Hectare,-,Quilogramas por Hectare
MU,2104008,Esperantinópolis (MA),..,Quilogramas por Hectare,-,Quilogramas por Hectare
MU,2104057,Estreito (MA),..,Quilogramas por Hectare,-,Quilogramas por Hectare
MU,2104073,Feira Nova do Maranhão (MA),..,Quilogramas por Hectare,-,Quilogramas por Hectare
MU,2104081,Fernando Falcão (MA),..,Quilogramas por Hectare,-,Quilogramas por Hectare
MU,2104099,Formosa da Serra Negra (MA),..,Quilogramas por Hectare,1000,Quilogramas por Hectare
MU,2104107,Fortaleza dos Nogueiras (MA),..,Quilogramas por Hectare,-,Quilogramas por Hectare
MU,2104206,Fortuna (MA),..,Quilogramas por Hectare,-,Quilogramas por Hectare
MU,2104305,Godofredo Viana (MA),..,Quilogramas por Hectare,3500,Quilogramas por Hectare
MU,2104404,Gonçalves Dias (MA),..,Quilogramas por Hectare,-,Quilogramas por Hectare
MU,2104503,Governador Archer (MA),..,Quilogramas por Hectare,-,Quilogramas por Hectare
MU,2104552,Governador Edison Lobão (MA),..,Quilogramas por Hectare,-,Quilogramas por Hectare
MU,2104602,Governador Eugênio Barros (MA),..,Quilogramas por Hectare,-,Quilogramas por Hectare
MU,2104628,Governador Luiz Rocha (MA),..,Quilogramas por Hectare,-,Quilogramas por Hectare
MU,2104651,Governador Newton Bello (MA),..,Quilogramas por Hectare,-,Quilogramas por Hectare
MU,2104677,Governador Nunes Freire (MA),..,Quilogramas por Hectare,2956,Quilogramas por Hectare
MU,2104701,Graça Aranha (MA),..,Quilogramas por Hectare,-,Quilogramas por Hectare
MU,2104800,Grajaú (MA),..,Quilogramas por Hectare,-,Quilogramas por Hectare
MU,2104909,Guimarães (MA),..,Quilogramas por Hectare,-,Quilogramas por Hectare
MU,2105005,Humberto de Campos (MA),..,Quilogramas por Hectare,-,Quilogramas por Hectare
MU,2105104,Icatu (MA),..,Quilogramas por Hectare,-,Quilogramas por Hectare
MU,2105153,Igarapé do Meio (MA),..,Quilogramas por Hectare,-,Quilogramas por Hectare
MU,2105203,Igarapé Grande (MA),..,Quilogramas por Hectare,-,Quilogramas por Hectare
MU,2105302,Imperatriz (MA),..,Quilogramas por Hectare,-,Quilogramas por Hectare
MU,2105351,Itaipava do Grajaú (MA),..,Quilogramas por Hectare,200,Quilogramas por Hectare
MU,2105401,Itapecuru Mirim (MA),..,Quilogramas por Hectare,-,Quilogramas por Hectare
MU,2105427,Itinga do Maranhão (MA),..,Quilogramas por Hectare,-,Quilogramas por Hectare
MU,2105450,Jatobá (MA),..,Quilogramas por Hectare,-,Quilogramas por Hectare
MU,2105476,Jenipapo dos Vieiras (MA),..,Quilogramas por Hectare,-,Quilogramas por Hectare
MU,2105500,João Lisboa (MA),..,Quilogramas por Hectare,...,Quilogramas por Hectare
MU,2105609,Joselândia (MA),..,Quilogramas por Hectare,-,Quilogramas por Hectare
MU,2105658,Junco do Maranhão (MA),..,Quilogramas por Hectare,3300,Quilogramas por Hectare
MU,2105708,Lago da Pedra (MA),..,Quilogramas por Hectare,-,Quilogramas por Hectare
MU,2105807,Lago do Junco (MA),..,Quilogramas por Hectare,-,Quilogramas por Hectare
MU,2105906,Lago Verde (MA),..,Quilogramas por Hectare,-,Quilogramas por Hectare
MU,2105922,Lagoa do Mato (MA),..,Quilogramas por Hectare,-,Quilogramas por Hectare
MU,2105948,Lago dos Rodrigues (MA),..,Quilogramas por Hectare,-,Quilogramas por Hectare
MU,2105963,Lagoa Grande do Maranhão (MA),..,Quilogramas por Hectare,...,Quilogramas por Hectare
MU,2105989,Lajeado Novo (MA),..,Quilogramas por Hectare,-,Quilogramas por Hectare
MU,2106003,Lima Campos (MA),..,Quilogramas por Hectare,-,Quilogramas por Hectare
MU,2106102,Loreto (MA),..,Quilogramas por Hectare,-,Quilogramas por Hectare
MU,2106201,Luís Domingues (MA),..,Quilogramas por Hectare,6905,Quilogramas por Hectare
MU,2106300,Magalhães de Almeida (MA),..,Quilogramas por Hectare,-,Quilogramas por Hectare
MU,2106326,Maracaçumé (MA),..,Quilogramas por Hectare,2350,Quilogramas por Hectare
MU,2106359,Marajá do Sena (MA),..,Quilogramas por Hectare,...,Quilogramas por Hectare
MU,2106375,Maranhãozinho (MA),..,Quilogramas por Hectare,1900,Quilogramas por Hectare
MU,2106409,Mata Roma (MA),..,Quilogramas por Hectare,-,Quilogramas por Hectare
MU,2106508,Matinha (MA),..,Quilogramas por Hectare,4813,Quilogramas por Hectare
MU,2106607,Matões (MA),..,Quilogramas por Hectare,-,Quilogramas por Hectare
MU,2106631,Matões do Norte (MA),..,Quilogramas por Hectare,-,Quilogramas por Hectare
MU,2106672,Milagres do Maranhão (MA),..,Quilogramas por Hectare,-,Quilogramas por Hectare
MU,2106706,Mirador (MA),..,Quilogramas por Hectare,-,Quilogramas por Hectare
MU,2106755,Miranda do Norte (MA),..,Quilogramas por Hectare,-,Quilogramas por Hectare
MU,2106805,Mirinzal (MA),..,Quilogramas por Hectare,-,Quilogramas por Hectare
MU,2106904,Monção (MA),..,Quilogramas por Hectare,-,Quilogramas por Hectare
MU,2107001,Montes Altos (MA),..,Quilogramas por Hectare,-,Quilogramas por Hectare
MU,2107100,Morros (MA),..,Quilogramas por Hectare,-,Quilogramas por Hectare
MU,2107209,Nina Rodrigues (MA),..,Quilogramas por Hectare,-,Quilogramas por Hectare
MU,2107258,Nova Colinas (MA),..,Quilogramas por Hectare,-,Quilogramas por Hectare
MU,2107308,Nova Iorque (MA),..,Quilogramas por Hectare,-,Quilogramas por Hectare
MU,2107357,Nova Olinda do Maranhão (MA),..,Quilogramas por Hectare,-,Quilogramas por Hectare
MU,2107407,Olho d'Água das Cunhãs (MA),..,Quilogramas por Hectare,-,Quilogramas por Hectare
MU,2107456,Olinda Nova do Maranhão (MA),..,Quilogramas por Hectare,-,Quilogramas por Hectare
MU,2107506,Paço do Lumiar (MA),..,Quilogramas por Hectare,-,Quilogramas por Hectare
MU,2107605,Palmeirândia (MA),..,Quilogramas por Hectare,-,Quilogramas por Hectare
MU,2107704,Paraibano (MA),..,Quilogramas por Hectare,-,Quilogramas por Hectare
MU,2107803,Parnarama (MA),..,Quilogramas por Hectare,-,Quilogramas por Hectare
MU,2107902,Passagem Franca (MA),..,Quilogramas por Hectare,-,Quilogramas por Hectare
MU,2108009,Pastos Bons (MA),..,Quilogramas por Hectare,-,Quilogramas por Hectare
MU,2108058,Paulino Neves (MA),..,Quilogramas por Hectare,-,Quilogramas por Hectare
MU,2108108,Paulo Ramos (MA),..,Quilogramas por Hectare,...,Quilogramas por Hectare
MU,2108207,Pedreiras (MA),..,Quilogramas por Hectare,-,Quilogramas por Hectare
MU,2108256,Pedro do Rosário (MA),..,Quilogramas por Hectare,-,Quilogramas por Hectare
MU,2108306,Penalva (MA),..,Quilogramas por Hectare,4500,Quilogramas por Hectare
MU,2108405,Peri Mirim (MA),..,Quilogramas por Hectare,-,Quilogramas por Hectare
MU,2108454,Peritoró (MA),..,Quilogramas por Hectare,-,Quilogramas por Hectare
MU,2108504,Pindaré-Mirim (MA),..,Quilogramas por Hectare,...,Quilogramas por Hectare
MU,2108603,Pinheiro (MA),..,Quilogramas por Hectare,-,Quilogramas por Hectare
MU,2108702,Pio XII (MA),..,Quilogramas por Hectare,6000,Quilogramas por Hectare
MU,2108801,Pirapemas (MA),..,Quilogramas por Hectare,-,Quilogramas por Hectare
MU,2108900,Poção de Pedras (MA),..,Quilogramas por Hectare,-,Quilogramas por Hectare
MU,2109007,Porto Franco (MA),..,Quilogramas por Hectare,-,Quilogramas por Hectare
MU,2109056,Porto Rico do Maranhão (MA),..,Quilogramas por Hectare,-,Quilogramas por Hectare
MU,2109106,Presidente Dutra (MA),..,Quilogramas por Hectare,...,Quilogramas por Hectare
MU,2109205,Presidente Juscelino (MA),..,Quilogramas por Hectare,-,Quilogramas por Hectare
MU,2109239,Presidente Médici (MA),..,Quilogramas por Hectare,-,Quilogramas por Hectare
MU,2109270,Presidente Sarney (MA),..,Quilogramas por Hectare,-,Quilogramas por Hectare
MU,2109304,Presidente Vargas (MA),..,Quilogramas por Hectare,-,Quilogramas por Hectare
MU,2109403,Primeira Cruz (MA),..,Quilogramas por Hectare,-,Quilogramas por Hectare
MU,2109452,Raposa (MA),..,Quilogramas por Hectare,-,Quilogramas por Hectare
MU,2109502,Riachão (MA),..,Quilogramas por Hectare,-,Quilogramas por Hectare
MU,2109551,Ribamar Fiquene (MA),..,Quilogramas por Hectare,-,Quilogramas por Hectare
MU,2109601,Rosário (MA),..,Quilogramas por Hectare,-,Quilogramas por Hectare
MU,2109700,Sambaíba (MA),..,Quilogramas por Hectare,-,Quilogramas por Hectare
MU,2109759,Santa Filomena do Maranhão (MA),..,Quilogramas por Hectare,-,Quilogramas por Hectare
MU,2109809,Santa Helena (MA),..,Quilogramas por Hectare,-,Quilogramas por Hectare
MU,2109908,Santa Inês (MA),..,Quilogramas por Hectare,-,Quilogramas por Hectare
MU,2110005,Santa Luzia (MA),..,Quilogramas por Hectare,-,Quilogramas por Hectare
MU,2110039,Santa Luzia do Paruá (MA),..,Quilogramas por Hectare,3571,Quilogramas por Hectare
MU,2110104,Santa Quitéria do Maranhão (MA),..,Quilogramas por Hectare,-,Quilogramas por Hectare
MU,2110203,Santa Rita (MA),..,Quilogramas por Hectare,-,Quilogramas por Hectare
MU,2110237,Santana do Maranhão (MA),..,Quilogramas por Hectare,-,Quilogramas por Hectare
MU,2110278,Santo Amaro do Maranhão (MA),..,Quilogramas por Hectare,-,Quilogramas por Hectare
MU,2110302,Santo Antônio dos Lopes (MA),..,Quilogramas por Hectare,-,Quilogramas por Hectare
MU,2110401,São Benedito do Rio Preto (MA),..,Quilogramas por Hectare,-,Quilogramas por Hectare
MU,2110500,São Bento (MA),..,Quilogramas por Hectare,-,Quilogramas por Hectare
MU,2110609,São Bernardo (MA),..,Quilogramas por Hectare,-,Quilogramas por Hectare
MU,2110658,São Domingos do Azeitão (MA),..,Quilogramas por Hectare,-,Quilogramas por Hectare
MU,2110708,São Domingos do Maranhão (MA),..,Quilogramas por Hectare,-,Quilogramas por Hectare
MU,2110807,São Félix de Balsas (MA),..,Quilogramas por Hectare,...,Quilogramas por Hectare
MU,2110856,São Francisco do Brejão (MA),..,Quilogramas por Hectare,-,Quilogramas por Hectare
MU,2110906,São Francisco do Maranhão (MA),..,Quilogramas por Hectare,-,Quilogramas por Hectare
MU,2111003,São João Batista (MA),..,Quilogramas por Hectare,-,Quilogramas por Hectare
MU,2111029,São João do Carú (MA),..,Quilogramas por Hectare,-,Quilogramas por Hectare
MU,2111052,São João do Paraíso (MA),..,Quilogramas por Hectare,-,Quilogramas por Hectare
MU,2111078,São João do Soter (MA),..,Quilogramas por Hectare,-,Quilogramas por Hectare
MU,2111102,São João dos Patos (MA),..,Quilogramas por Hectare,-,Quilogramas por Hectare
MU,2111201,São José de Ribamar (MA),..,Quilogramas por Hectare,-,Quilogramas por Hectare
MU,2111250,São José dos Basílios (MA),..,Quilogramas por Hectare,-,Quilogramas por Hectare
MU,2111300,São Luís (MA),..,Quilogramas por Hectare,-,Quilogramas por Hectare
MU,2111409,São Luís Gonzaga do Maranhão (MA),..,Quilogramas por Hectare,-,Quilogramas por Hectare
MU,2111508,São Mateus do Maranhão (MA),..,Quilogramas por Hectare,...,Quilogramas por Hectare
MU,2111532,São Pedro da Água Branca (MA),..,Quilogramas por Hectare,-,Quilogramas por Hectare
MU,2111573,São Pedro dos Crentes (MA),..,Quilogramas por Hectare,-,Quilogramas por Hectare
MU,2111607,São Raimundo das Mangabeiras (MA),..,Quilogramas por Hectare,-,Quilogramas por Hectare
MU,2111631,São Raimundo do Doca Bezerra (MA),..,Quilogramas por Hectare,...,Quilogramas por Hectare
MU,2111672,São Roberto (MA),..,Quilogramas por Hectare,...,Quilogramas por Hectare
MU,2111706,São Vicente Ferrer (MA),..,Quilogramas por Hectare,-,Quilogramas por Hectare
MU,2111722,Satubinha (MA),..,Quilogramas por Hectare,-,Quilogramas por Hectare
MU,2111748,Senador Alexandre Costa (MA),..,Quilogramas por Hectare,-,Quilogramas por Hectare
MU,2111763,Senador La Rocque (MA),..,Quilogramas por Hectare,...,Quilogramas por Hectare
MU,2111789,Serrano do Maranhão (MA),..,Quilogramas por Hectare,-,Quilogramas por Hectare
MU,2111805,Sítio Novo (MA),..,Quilogramas por Hectare,-,Quilogramas por Hectare
MU,2111904,Sucupira do Norte (MA),..,Quilogramas por Hectare,-,Quilogramas por Hectare
MU,2111953,Sucupira do Riachão (MA),..,Quilogramas por Hectare,-,Quilogramas por Hectare
MU,2112001,Tasso Fragoso (MA),..,Quilogramas por Hectare,...,Quilogramas por Hectare
MU,2112100,Timbiras (MA),..,Quilogramas por Hectare,-,Quilogramas por Hectare
MU,2112209,Timon (MA),..,Quilogramas por Hectare,-,Quilogramas por Hectare
MU,2112233,Trizidela do Vale (MA),..,Quilogramas por Hectare,-,Quilogramas por Hectare
MU,2112274,Tufilândia (MA),..,Quilogramas por Hectare,...,Quilogramas por Hectare
MU,2112308,Tuntum (MA),..,Quilogramas por Hectare,-,Quilogramas por Hectare
MU,2112407,Turiaçu (MA),..,Quilogramas por Hectare,-,Quilogramas por Hectare
MU,2112456,Turilândia (MA),..,Quilogramas por Hectare,-,Quilogramas por Hectare
MU,2112506,Tutóia (MA),..,Quilogramas por Hectare,-,Quilogramas por Hectare
MU,2112605,Urbano Santos (MA),..,Quilogramas por Hectare,-,Quilogramas por Hectare
MU,2112704,Vargem Grande (MA),..,Quilogramas por Hectare,-,Quilogramas por Hectare
MU,2112803,Viana (MA),..,Quilogramas por Hectare,4500,Quilogramas por Hectare
MU,2112852,Vila Nova dos Martírios (MA),..,Quilogramas por Hectare,7000,Quilogramas por Hectare
MU,2112902,Vitória do Mearim (MA),..,Quilogramas por Hectare,-,Quilogramas por Hectare
MU,2113009,Vitorino Freire (MA),..,Quilogramas por Hectare,-,Quilogramas por Hectare
MU,2114007,Zé Doca (MA),..,Quilogramas por Hectare,-,Quilogramas por Hectare
MU,2200103,Agricolândia (PI),..,Quilogramas por Hectare,-,Quilogramas por Hectare
MU,2200202,Água Branca (PI),..,Quilogramas por Hectare,-,Quilogramas por Hectare
MU,2200251,Alagoinha do Piauí (PI),..,Quilogramas por Hectare,-,Quilogramas por Hectare
MU,2200277,Alegrete do Piauí (PI),..,Quilogramas por Hectare,-,Quilogramas por Hectare
MU,2200301,Alto Longá (PI),..,Quilogramas por Hectare,-,Quilogramas por Hectare
MU,2200400,Altos (PI),..,Quilogramas por Hectare,-,Quilogramas por Hectare
MU,2200459,Alvorada do Gurguéia (PI),..,Quilogramas por Hectare,-,Quilogramas por Hectare
MU,2200509,Amarante (PI),..,Quilogramas por Hectare,-,Quilogramas por Hectare
MU,2200608,Angical do Piauí (PI),..,Quilogramas por Hectare,-,Quilogramas por Hectare
MU,2200707,Anísio de Abreu (PI),..,Quilogramas por Hectare,-,Quilogramas por Hectare
MU,2200806,Antônio Almeida (PI),..,Quilogramas por Hectare,-,Quilogramas por Hectare
MU,2200905,Aroazes (PI),..,Quilogramas por Hectare,-,Quilogramas por Hectare
MU,2200954,Aroeiras do Itaim (PI),..,Quilogramas por Hectare,-,Quilogramas por Hectare
MU,2201002,Arraial (PI),..,Quilogramas por Hectare,-,Quilogramas por Hectare
MU,2201051,Assunção do Piauí (PI),..,Quilogramas por Hectare,-,Quilogramas por Hectare
MU,2201101,Avelino Lopes (PI),..,Quilogramas por Hectare,...,Quilogramas por Hectare
MU,2201150,Baixa Grande do Ribeiro (PI),..,Quilogramas por Hectare,-,Quilogramas por Hectare
MU,2201176,Barra D'Alcântara (PI),..,Quilogramas por Hectare,-,Quilogramas por Hectare
MU,2201200,Barras (PI),..,Quilogramas por Hectare,-,Quilogramas por Hectare
MU,2201309,Barreiras do Piauí (PI),..,Quilogramas por Hectare,-,Quilogramas por Hectare
MU,2201408,Barro Duro (PI),..,Quilogramas por Hectare,-,Quilogramas por Hectare
MU,2201507,Batalha (PI),..,Quilogramas por Hectare,-,Quilogramas por Hectare
MU,2201556,Bela Vista do Piauí (PI),..,Quilogramas por Hectare,...,Quilogramas por Hectare
MU,2201572,Belém do Piauí (PI),..,Quilogramas por Hectare,-,Quilogramas por Hectare
MU,2201606,Beneditinos (PI),..,Quilogramas por Hectare,-,Quilogramas por Hectare
MU,2201705,Bertolínia (PI),..,Quilogramas por Hectare,-,Quilogramas por Hectare
MU,2201739,Betânia do Piauí (PI),..,Quilogramas por Hectare,...,Quilogramas por Hectare
MU,2201770,Boa Hora (PI),..,Quilogramas por Hectare,-,Quilogramas por Hectare
MU,2201804,Bocaina (PI),..,Quilogramas por Hectare,-,Quilogramas por Hectare
MU,2201903,Bom Jesus (PI),..,Quilogramas por Hectare,-,Quilogramas por Hectare
MU,2201919,Bom Princípio do Piauí (PI),..,Quilogramas por Hectare,-,Quilogramas por Hectare
MU,2201929,Bonfim do Piauí (PI),..,Quilogramas por Hectare,...,Quilogramas por Hectare
MU,2201945,Boqueirão do Piauí (PI),..,Quilogramas por Hectare,-,Quilogramas por Hectare
MU,2201960,Brasileira (PI),..,Quilogramas por Hectare,-,Quilogramas por Hectare
MU,2201988,Brejo do Piauí (PI),..,Quilogramas por Hectare,-,Quilogramas por Hectare
MU,2202000,Buriti dos Lopes (PI),..,Quilogramas por Hectare,-,Quilogramas por Hectare
MU,2202026,Buriti dos Montes (PI),..,Quilogramas por Hectare,-,Quilogramas por Hectare
MU,2202059,Cabeceiras do Piauí (PI),..,Quilogramas por Hectare,-,Quilogramas por Hectare
MU,2202075,Cajazeiras do Piauí (PI),..,Quilogramas por Hectare,-,Quilogramas por Hectare
MU,2202083,Cajueiro da Praia (PI),..,Quilogramas por Hectare,-,Quilogramas por Hectare
MU,2202091,Caldeirão Grande do Piauí (PI),..,Quilogramas por Hectare,...,Quilogramas por Hectare
MU,2202109,Campinas do Piauí (PI),..,Quilogramas por Hectare,-,Quilogramas por Hectare
MU,2202117,Campo Alegre do Fidalgo (PI),..,Quilogramas por Hectare,...,Quilogramas por Hectare
MU,2202133,Campo Grande do Piauí (PI),..,Quilogramas por Hectare,-,Quilogramas por Hectare
MU,2202174,Campo Largo do Piauí (PI),..,Quilogramas por Hectare,-,Quilogramas por Hectare
MU,2202208,Campo Maior (PI),..,Quilogramas por Hectare,-,Quilogramas por Hectare
MU,2202251,Canavieira (PI),..,Quilogramas por Hectare,-,Quilogramas por Hectare
MU,2202307,Canto do Buriti (PI),..,Quilogramas por Hectare,-,Quilogramas por Hectare
MU,2202406,Capitão de Campos (PI),..,Quilogramas por Hectare,-,Quilogramas por Hectare
MU,2202455,Capitão Gervásio Oliveira (PI),..,Quilogramas por Hectare,...,Quilogramas por Hectare
MU,2202505,Caracol (PI),..,Quilogramas por Hectare,-,Quilogramas por Hectare
MU,2202539,Caraúbas do Piauí (PI),..,Quilogramas por Hectare,-,Quilogramas por Hectare
MU,2202554,Caridade do Piauí (PI),..,Quilogramas por Hectare,...,Quilogramas por Hectare
MU,2202604,Castelo do Piauí (PI),..,Quilogramas por Hectare,-,Quilogramas por Hectare
MU,2202653,Caxingó (PI),..,Quilogramas por Hectare,-,Quilogramas por Hectare
MU,2202703,Cocal (PI),..,Quilogramas por Hectare,-,Quilogramas por Hectare
MU,2202711,Cocal de Telha (PI),..,Quilogramas por Hectare,-,Quilogramas por Hectare
MU,2202729,Cocal dos Alves (PI),..,Quilogramas por Hectare,-,Quilogramas por Hectare
MU,2202737,Coivaras (PI),..,Quilogramas por Hectare,-,Quilogramas por Hectare
MU,2202752,Colônia do Gurguéia (PI),..,Quilogramas por Hectare,-,Quilogramas por Hectare
MU,2202778,Colônia do Piauí (PI),..,Quilogramas por Hectare,-,Quilogramas por Hectare
MU,2202802,Conceição do Canindé (PI),..,Quilogramas por Hectare,-,Quilogramas por Hectare
MU,2202851,Coronel José Dias (PI),..,Quilogramas por Hectare,...,Quilogramas por Hectare
MU,2202901,Corrente (PI),..,Quilogramas por Hectare,...,Quilogramas por Hectare
MU,2203008,Cristalândia do Piauí (PI),..,Quilogramas por Hectare,...,Quilogramas por Hectare
MU,2203107,Cristino Castro (PI),..,Quilogramas por Hectare,-,Quilogramas por Hectare
MU,2203206,Curimatá (PI),..,Quilogramas por Hectare,...,Quilogramas por Hectare
MU,2203230,Currais (PI),..,Quilogramas por Hectare,-,Quilogramas por Hectare
MU,2203255,Curralinhos (PI),..,Quilogramas por Hectare,-,Quilogramas por Hectare
MU,2203271,Curral Novo do Piauí (PI),..,Quilogramas por Hectare,...,Quilogramas por Hectare
MU,2203305,Demerval Lobão (PI),..,Quilogramas por Hectare,-,Quilogramas por Hectare
MU,2203354,Dirceu Arcoverde (PI),..,Quilogramas por Hectare,...,Quilogramas por Hectare
MU,2203404,Dom Expedito Lopes (PI),..,Quilogramas por Hectare,-,Quilogramas por Hectare
MU,2203420,Domingos Mourão (PI),..,Quilogramas por Hectare,-,Quilogramas por Hectare
MU,2203503,Elesbão Veloso (PI),..,Quilogramas por Hectare,-,Quilogramas por Hectare
MU,2203602,Eliseu Martins (PI),..,Quilogramas por Hectare,-,Quilogramas por Hectare
MU,2203701,Esperantina (PI),..,Quilogramas por Hectare,-,Quilogramas por Hectare
MU,2203750,Fartura do Piauí (PI),..,Quilogramas por Hectare,...,Quilogramas por Hectare
MU,2203800,Flores do Piauí (PI),..,Quilogramas por Hectare,-,Quilogramas por Hectare
MU,2203859,Floresta do Piauí (PI),..,Quilogramas por Hectare,-,Quilogramas por Hectare
MU,2203909,Floriano (PI),..,Quilogramas por Hectare,-,Quilogramas por Hectare
MU,2204006,Francinópolis (PI),..,Quilogramas por Hectare,-,Quilogramas por Hectare
MU,2204105,Francisco Ayres (PI),..,Quilogramas por Hectare,-,Quilogramas por Hectare
MU,2204154,Francisco Macedo (PI),..,Quilogramas por Hectare,...,Quilogramas por Hectare
MU,2204204,Francisco Santos (PI),..,Quilogramas por Hectare,-,Quilogramas por Hectare
MU,2204303,Fronteiras (PI),..,Quilogramas por Hectare,...,Quilogramas por Hectare
MU,2204352,Geminiano (PI),..,Quilogramas por Hectare,-,Quilogramas por Hectare
MU,2204402,Gilbués (PI),..,Quilogramas por Hectare,-,Quilogramas por Hectare
MU,2204501,Guadalupe (PI),..,Quilogramas por Hectare,-,Quilogramas por Hectare
MU,2204550,Guaribas (PI),..,Quilogramas por Hectare,-,Quilogramas por Hectare
MU,2204600,Hugo Napoleão (PI),..,Quilogramas por Hectare,-,Quilogramas por Hectare
MU,2204659,Ilha Grande (PI),..,Quilogramas por Hectare,-,Quilogramas por Hectare
MU,2204709,Inhuma (PI),..,Quilogramas por Hectare,-,Quilogramas por Hectare
MU,2204808,Ipiranga do Piauí (PI),..,Quilogramas por Hectare,-,Quilogramas por Hectare
MU,2204907,Isaías Coelho (PI),..,Quilogramas por Hectare,-,Quilogramas por Hectare
MU,2205003,Itainópolis (PI),..,Quilogramas por Hectare,-,Quilogramas por Hectare
MU,2205102,Itaueira (PI),..,Quilogramas por Hectare,-,Quilogramas por Hectare
MU,2205151,Jacobina do Piauí (PI),..,Quilogramas por Hectare,...,Quilogramas por Hectare
MU,2205201,Jaicós (PI),..,Quilogramas por Hectare,-,Quilogramas por Hectare
MU,2205250,Jardim do Mulato (PI),..,Quilogramas por Hectare,-,Quilogramas por Hectare
MU,2205276,Jatobá do Piauí (PI),..,Quilogramas por Hectare,-,Quilogramas por Hectare
MU,2205300,Jerumenha (PI),..,Quilogramas por Hectare,-,Quilogramas por Hectare
MU,2205359,João Costa (PI),..,Quilogramas por Hectare,-,Quilogramas por Hectare
MU,2205409,Joaquim Pires (PI),..,Quilogramas por Hectare,-,Quilogramas por Hectare
MU,2205458,Joca Marques (PI),..,Quilogramas por Hectare,-,Quilogramas por Hectare
MU,2205508,José de Freitas (PI),..,Quilogramas por Hectare,-,Quilogramas por Hectare
MU,2205516,Juazeiro do Piauí (PI),..,Quilogramas por Hectare,-,Quilogramas por Hectare
MU,2205524,Júlio Borges (PI),..,Quilogramas por Hectare,...,Quilogramas por Hectare
MU,2205532,Jurema (PI),..,Quilogramas por Hectare,...,Quilogramas por Hectare
MU,2205540,Lagoinha do Piauí (PI),..,Quilogramas por Hectare,-,Quilogramas por Hectare
MU,2205557,Lagoa Alegre (PI),..,Quilogramas por Hectare,-,Quilogramas por Hectare
MU,2205565,Lagoa do Barro do Piauí (PI),..,Quilogramas por Hectare,...,Quilogramas por Hectare
MU,2205573,Lagoa de São Francisco (PI),..,Quilogramas por Hectare,-,Quilogramas por Hectare
MU,2205581,Lagoa do Piauí (PI),..,Quilogramas por Hectare,-,Quilogramas por Hectare
MU,2205599,Lagoa do Sítio (PI),..,Quilogramas por Hectare,-,Quilogramas por Hectare
MU,2205607,Landri Sales (PI),..,Quilogramas por Hectare,-,Quilogramas por Hectare
MU,2205706,Luís Correia (PI),..,Quilogramas por Hectare,-,Quilogramas por Hectare
MU,2205805,Luzilândia (PI),..,Quilogramas por Hectare,-,Quilogramas por Hectare
MU,2205854,Madeiro (PI),..,Quilogramas por Hectare,-,Quilogramas por Hectare
MU,2205904,Manoel Emídio (PI),..,Quilogramas por Hectare,-,Quilogramas por Hectare
MU,2205953,Marcolândia (PI),..,Quilogramas por Hectare,...,Quilogramas por Hectare
MU,2206001,Marcos Parente (PI),..,Quilogramas por Hectare,-,Quilogramas por Hectare
MU,2206050,Massapê do Piauí (PI),..,Quilogramas por Hectare,-,Quilogramas por Hectare
MU,2206100,Matias Olímpio (PI),..,Quilogramas por Hectare,-,Quilogramas por Hectare
MU,2206209,Miguel Alves (PI),..,Quilogramas por Hectare,-,Quilogramas por Hectare
MU,2206308,Miguel Leão (PI),..,Quilogramas por Hectare,...,Quilogramas por Hectare
MU,2206357,Milton Brandão (PI),..,Quilogramas por Hectare,-,Quilogramas por Hectare
MU,2206407,Monsenhor Gil (PI),..,Quilogramas por Hectare,-,Quilogramas por Hectare
MU,2206506,Monsenhor Hipólito (PI),..,Quilogramas por Hectare,-,Quilogramas por Hectare
MU,2206605,Monte Alegre do Piauí (PI),..,Quilogramas por Hectare,...,Quilogramas por Hectare
MU,2206654,Morro Cabeça no Tempo (PI),..,Quilogramas por Hectare,...,Quilogramas por Hectare
MU,2206670,Morro do Chapéu do Piauí (PI),..,Quilogramas por Hectare,-,Quilogramas por Hectare
MU,2206696,Murici dos Portelas (PI),..,Quilogramas por Hectare,-,Quilogramas por Hectare
MU,2206704,Nazaré do Piauí (PI),..,Quilogramas por Hectare,-,Quilogramas por Hectare
MU,2206720,Nazária (PI),..,Quilogramas por Hectare,-,Quilogramas por Hectare
MU,2206753,Nossa Senhora de Nazaré (PI),..,Quilogramas por Hectare,-,Quilogramas por Hectare
MU,2206803,Nossa Senhora dos Remédios (PI),..,Quilogramas por Hectare,-,Quilogramas por Hectare
MU,2206902,Novo Oriente do Piauí (PI),..,Quilogramas por Hectare,-,Quilogramas por Hectare
MU,2206951,Novo Santo Antônio (PI),..,Quilogramas por Hectare,-,Quilogramas por Hectare
MU,2207009,Oeiras (PI),..,Quilogramas por Hectare,-,Quilogramas por Hectare
MU,2207108,Olho D'Água do Piauí (PI),..,Quilogramas por Hectare,-,Quilogramas por Hectare
MU,2207207,Padre Marcos (PI),..,Quilogramas por Hectare,-,Quilogramas por Hectare
MU,2207306,Paes Landim (PI),..,Quilogramas por Hectare,-,Quilogramas por Hectare
MU,2207355,Pajeú do Piauí (PI),..,Quilogramas por Hectare,-,Quilogramas por Hectare
MU,2207405,Palmeira do Piauí (PI),..,Quilogramas por Hectare,-,Quilogramas por Hectare
MU,2207504,Palmeirais (PI),..,Quilogramas por Hectare,-,Quilogramas por Hectare
MU,2207553,Paquetá (PI),..,Quilogramas por Hectare,-,Quilogramas por Hectare
MU,2207603,Parnaguá (PI),..,Quilogramas por Hectare,...,Quilogramas por Hectare
MU,2207702,Parnaíba (PI),..,Quilogramas por Hectare,-,Quilogramas por Hectare
MU,2207751,Passagem Franca do Piauí (PI),..,Quilogramas por Hectare,-,Quilogramas por Hectare
MU,2207777,Patos do Piauí (PI),..,Quilogramas por Hectare,-,Quilogramas por Hectare
MU,2207793,Pau D'Arco do Piauí (PI),..,Quilogramas por Hectare,-,Quilogramas por Hectare
MU,2207801,Paulistana (PI),..,Quilogramas por Hectare,-,Quilogramas por Hectare
MU,2207850,Pavussu (PI),..,Quilogramas por Hectare,-,Quilogramas por Hectare
MU,2207900,Pedro II (PI),..,Quilogramas por Hectare,-,Quilogramas por Hectare
MU,2207934,Pedro Laurentino (PI),..,Quilogramas por Hectare,-,Quilogramas por Hectare
MU,2207959,Nova Santa Rita (PI),..,Quilogramas por Hectare,-,Quilogramas por Hectare
MU,2208007,Picos (PI),..,Quilogramas por Hectare,-,Quilogramas por Hectare
MU,2208106,Pimenteiras (PI),..,Quilogramas por Hectare,-,Quilogramas por Hectare
MU,2208205,Pio IX (PI),..,Quilogramas por Hectare,-,Quilogramas por Hectare
MU,2208304,Piracuruca (PI),..,Quilogramas por Hectare,-,Quilogramas por Hectare
MU,2208403,Piripiri (PI),..,Quilogramas por Hectare,-,Quilogramas por Hectare
MU,2208502,Porto (PI),..,Quilogramas por Hectare,-,Quilogramas por Hectare
MU,2208551,Porto Alegre do Piauí (PI),..,Quilogramas por Hectare,-,Quilogramas por Hectare
MU,2208601,Prata do Piauí (PI),..,Quilogramas por Hectare,-,Quilogramas por Hectare
MU,2208650,Queimada Nova (PI),..,Quilogramas por Hectare,...,Quilogramas por Hectare
MU,2208700,Redenção do Gurguéia (PI),..,Quilogramas por Hectare,-,Quilogramas por Hectare
MU,2208809,Regeneração (PI),..,Quilogramas por Hectare,-,Quilogramas por Hectare
MU,2208858,Riacho Frio (PI),..,Quilogramas por Hectare,...,Quilogramas por Hectare
MU,2208874,Ribeira do Piauí (PI),..,Quilogramas por Hectare,-,Quilogramas por Hectare
MU,2208908,Ribeiro Gonçalves (PI),..,Quilogramas por Hectare,-,Quilogramas por Hectare
MU,2209005,Rio Grande do Piauí (PI),..,Quilogramas por Hectare,-,Quilogramas por Hectare
MU,2209104,Santa Cruz do Piauí (PI),..,Quilogramas por Hectare,-,Quilogramas por Hectare
MU,2209153,Santa Cruz dos Milagres (PI),..,Quilogramas por Hectare,-,Quilogramas por Hectare
MU,2209203,Santa Filomena (PI),..,Quilogramas por Hectare,...,Quilogramas por Hectare
MU,2209302,Santa Luz (PI),..,Quilogramas por Hectare,-,Quilogramas por Hectare
MU,2209351,Santana do Piauí (PI),..,Quilogramas por Hectare,-,Quilogramas por Hectare
MU,2209377,Santa Rosa do Piauí (PI),..,Quilogramas por Hectare,-,Quilogramas por Hectare
MU,2209401,Santo Antônio de Lisboa (PI),..,Quilogramas por Hectare,-,Quilogramas por Hectare
MU,2209450,Santo Antônio dos Milagres (PI),..,Quilogramas por Hectare,-,Quilogramas por Hectare
MU,2209500,Santo Inácio do Piauí (PI),..,Quilogramas por Hectare,-,Quilogramas por Hectare
MU,2209559,São Braz do Piauí (PI),..,Quilogramas por Hectare,-,Quilogramas por Hectare
MU,2209609,São Félix do Piauí (PI),..,Quilogramas por Hectare,-,Quilogramas por Hectare
MU,2209658,São Francisco de Assis do Piauí (PI),..,Quilogramas por Hectare,-,Quilogramas por Hectare
MU,2209708,São Francisco do Piauí (PI),..,Quilogramas por Hectare,-,Quilogramas por Hectare
MU,2209757,São Gonçalo do Gurguéia (PI),..,Quilogramas por Hectare,-,Quilogramas por Hectare
MU,2209807,São Gonçalo do Piauí (PI),..,Quilogramas por Hectare,-,Quilogramas por Hectare
MU,2209856,São João da Canabrava (PI),..,Quilogramas por Hectare,-,Quilogramas por Hectare
MU,2209872,São João da Fronteira (PI),..,Quilogramas por Hectare,-,Quilogramas por Hectare
MU,2209906,São João da Serra (PI),..,Quilogramas por Hectare,-,Quilogramas por Hectare
MU,2209955,São João da Varjota (PI),..,Quilogramas por Hectare,-,Quilogramas por Hectare
MU,2209971,São João do Arraial (PI),..,Quilogramas por Hectare,-,Quilogramas por Hectare
MU,2210003,São João do Piauí (PI),..,Quilogramas por Hectare,-,Quilogramas por Hectare
MU,2210052,São José do Divino (PI),..,Quilogramas por Hectare,-,Quilogramas por Hectare
MU,2210102,São José do Peixe (PI),..,Quilogramas por Hectare,-,Quilogramas por Hectare
MU,2210201,São José do Piauí (PI),..,Quilogramas por Hectare,-,Quilogramas por Hectare
MU,2210300,São Julião (PI),..,Quilogramas por Hectare,-,Quilogramas por Hectare
MU,2210359,São Lourenço do Piauí (PI),..,Quilogramas por Hectare,...,Quilogramas por Hectare
MU,2210375,São Luis do Piauí (PI),..,Quilogramas por Hectare,-,Quilogramas por Hectare
MU,2210383,São Miguel da Baixa Grande (PI),..,Quilogramas por Hectare,-,Quilogramas por Hectare
MU,2210391,São Miguel do Fidalgo (PI),..,Quilogramas por Hectare,...,Quilogramas por Hectare
MU,2210409,São Miguel do Tapuio (PI),..,Quilogramas por Hectare,-,Quilogramas por Hectare
MU,2210508,São Pedro do Piauí (PI),..,Quilogramas por Hectare,-,Quilogramas por Hectare
MU,2210607,São Raimundo Nonato (PI),..,Quilogramas por Hectare,-,Quilogramas por Hectare
MU,2210623,Sebastião Barros (PI),..,Quilogramas por Hectare,...,Quilogramas por Hectare
MU,2210631,Sebastião Leal (PI),..,Quilogramas por Hectare,-,Quilogramas por Hectare
MU,2210656,Sigefredo Pacheco (PI),..,Quilogramas por Hectare,-,Quilogramas por Hectare
MU,2210706,Simões (PI),..,Quilogramas por Hectare,-,Quilogramas por Hectare
MU,2210805,Simplício Mendes (PI),..,Quilogramas por Hectare,-,Quilogramas por Hectare
MU,2210904,Socorro do Piauí (PI),..,Quilogramas por Hectare,-,Quilogramas por Hectare
MU,2210938,Sussuapara (PI),..,Quilogramas por Hectare,-,Quilogramas por Hectare
MU,2210953,Tamboril do Piauí (PI),..,Quilogramas por Hectare,-,Quilogramas por Hectare
MU,2210979,Tanque do Piauí (PI),..,Quilogramas por Hectare,-,Quilogramas por Hectare
MU,2211001,Teresina (PI),..,Quilogramas por Hectare,-,Quilogramas por Hectare
MU,2211100,União (PI),..,Quilogramas por Hectare,-,Quilogramas por Hectare
MU,2211209,Uruçuí (PI),..,Quilogramas por Hectare,-,Quilogramas por Hectare
MU,2211308,Valença do Piauí (PI),..,Quilogramas por Hectare,-,Quilogramas por Hectare
MU,2211357,Várzea Branca (PI),..,Quilogramas por Hectare,...,Quilogramas por Hectare
MU,2211407,Várzea Grande (PI),..,Quilogramas por Hectare,-,Quilogramas por Hectare
MU,2211506,Vera Mendes (PI),..,Quilogramas por Hectare,-,Quilogramas por Hectare
MU,2211605,Vila Nova do Piauí (PI),..,Quilogramas por Hectare,-,Quilogramas por Hectare
MU,2211704,Wall Ferraz (PI),..,Quilogramas por Hectare,-,Quilogramas por Hectare
MU,2300101,Abaiara (CE),..,Quilogramas por Hectare,-,Quilogramas por Hectare
MU,2300150,Acarape (CE),..,Quilogramas por Hectare,-,Quilogramas por Hectare
MU,2300200,Acaraú (CE),..,Quilogramas por Hectare,-,Quilogramas por Hectare
MU,2300309,Acopiara (CE),..,Quilogramas por Hectare,-,Quilogramas por Hectare
MU,2300408,Aiuaba (CE),..,Quilogramas por Hectare,-,Quilogramas por Hectare
MU,2300507,Alcântaras (CE),..,Quilogramas por Hectare,-,Quilogramas por Hectare
MU,2300606,Altaneira (CE),..,Quilogramas por Hectare,-,Quilogramas por Hectare
MU,2300705,Alto Santo (CE),..,Quilogramas por Hectare,-,Quilogramas por Hectare
MU,2300754,Amontada (CE),..,Quilogramas por Hectare,-,Quilogramas por Hectare
MU,2300804,Antonina do Norte (CE),..,Quilogramas por Hectare,-,Quilogramas por Hectare
MU,2300903,Apuiarés (CE),..,Quilogramas por Hectare,-,Quilogramas por Hectare
MU,2301000,Aquiraz (CE),..,Quilogramas por Hectare,-,Quilogramas por Hectare
MU,2301109,Aracati (CE),..,Quilogramas por Hectare,-,Quilogramas por Hectare
MU,2301208,Aracoiaba (CE),..,Quilogramas por Hectare,-,Quilogramas por Hectare
MU,2301257,Ararendá (CE),..,Quilogramas por Hectare,-,Quilogramas por Hectare
MU,2301307,Araripe (CE),..,Quilogramas por Hectare,-,Quilogramas por Hectare
MU,2301406,Aratuba (CE),..,Quilogramas por Hectare,-,Quilogramas por Hectare
MU,2301505,Arneiroz (CE),..,Quilogramas por Hectare,-,Quilogramas por Hectare
MU,2301604,Assaré (CE),..,Quilogramas por Hectare,-,Quilogramas por Hectare
MU,2301703,Aurora (CE),..,Quilogramas por Hectare,-,Quilogramas por Hectare
MU,2301802,Baixio (CE),..,Quilogramas por Hectare,-,Quilogramas por Hectare
MU,2301851,Banabuiú (CE),..,Quilogramas por Hectare,-,Quilogramas por Hectare
MU,2301901,Barbalha (CE),..,Quilogramas por Hectare,-,Quilogramas por Hectare
MU,2301950,Barreira (CE),..,Quilogramas por Hectare,-,Quilogramas por Hectare
MU,2302008,Barro (CE),..,Quilogramas por Hectare,-,Quilogramas por Hectare
MU,2302057,Barroquinha (CE),..,Quilogramas por Hectare,-,Quilogramas por Hectare
MU,2302107,Baturité (CE),..,Quilogramas por Hectare,-,Quilogramas por Hectare
MU,2302206,Beberibe (CE),..,Quilogramas por Hectare,-,Quilogramas por Hectare
MU,2302305,Bela Cruz (CE),..,Quilogramas por Hectare,-,Quilogramas por Hectare
MU,2302404,Boa Viagem (CE),..,Quilogramas por Hectare,-,Quilogramas por Hectare
MU,2302503,Brejo Santo (CE),..,Quilogramas por Hectare,-,Quilogramas por Hectare
MU,2302602,Camocim (CE),..,Quilogramas por Hectare,-,Quilogramas por Hectare
MU,2302701,Campos Sales (CE),..,Quilogramas por Hectare,-,Quilogramas por Hectare
MU,2302800,Canindé (CE),..,Quilogramas por Hectare,-,Quilogramas por Hectare
MU,2302909,Capistrano (CE),..,Quilogramas por Hectare,-,Quilogramas por Hectare
MU,2303006,Caridade (CE),..,Quilogramas por Hectare,-,Quilogramas por Hectare
MU,2303105,Cariré (CE),..,Quilogramas por Hectare,-,Quilogramas por Hectare
MU,2303204,Caririaçu (CE),..,Quilogramas por Hectare,-,Quilogramas por Hectare
MU,2303303,Cariús (CE),..,Quilogramas por Hectare,-,Quilogramas por Hectare
MU,2303402,Carnaubal (CE),..,Quilogramas por Hectare,-,Quilogramas por Hectare
MU,2303501,Cascavel (CE),..,Quilogramas por Hectare,11000,Quilogramas por Hectare
MU,2303600,Catarina (CE),..,Quilogramas por Hectare,-,Quilogramas por Hectare
MU,2303659,Catunda (CE),..,Quilogramas por Hectare,-,Quilogramas por Hectare
MU,2303709,Caucaia (CE),..,Quilogramas por Hectare,-,Quilogramas por Hectare
MU,2303808,Cedro (CE),..,Quilogramas por Hectare,-,Quilogramas por Hectare
MU,2303907,Chaval (CE),..,Quilogramas por Hectare,-,Quilogramas por Hectare
MU,2303931,Choró (CE),..,Quilogramas por Hectare,-,Quilogramas por Hectare
MU,2303956,Chorozinho (CE),..,Quilogramas por Hectare,-,Quilogramas por Hectare
MU,2304004,Coreaú (CE),..,Quilogramas por Hectare,-,Quilogramas por Hectare
MU,2304103,Crateús (CE),..,Quilogramas por Hectare,-,Quilogramas por Hectare
MU,2304202,Crato (CE),..,Quilogramas por Hectare,-,Quilogramas por Hectare
MU,2304236,Croatá (CE),..,Quilogramas por Hectare,-,Quilogramas por Hectare
MU,2304251,Cruz (CE),..,Quilogramas por Hectare,-,Quilogramas por Hectare
MU,2304269,Deputado Irapuan Pinheiro (CE),..,Quilogramas por Hectare,-,Quilogramas por Hectare
MU,2304277,Ereré (CE),..,Quilogramas por Hectare,-,Quilogramas por Hectare
MU,2304285,Eusébio (CE),..,Quilogramas por Hectare,-,Quilogramas por Hectare
MU,2304301,Farias Brito (CE),..,Quilogramas por Hectare,-,Quilogramas por Hectare
MU,2304350,Forquilha (CE),..,Quilogramas por Hectare,-,Quilogramas por Hectare
MU,2304400,Fortaleza (CE),..,Quilogramas por Hectare,-,Quilogramas por Hectare
MU,2304459,Fortim (CE),..,Quilogramas por Hectare,-,Quilogramas por Hectare
MU,2304509,Frecheirinha (CE),..,Quilogramas por Hectare,-,Quilogramas por Hectare
MU,2304608,General Sampaio (CE),..,Quilogramas por Hectare,-,Quilogramas por Hectare
MU,2304657,Graça (CE),..,Quilogramas por Hectare,-,Quilogramas por Hectare
MU,2304707,Granja (CE),..,Quilogramas por Hectare,-,Quilogramas por Hectare
MU,2304806,Granjeiro (CE),..,Quilogramas por Hectare,-,Quilogramas por Hectare
MU,2304905,Groaíras (CE),..,Quilogramas por Hectare,-,Quilogramas por Hectare
MU,2304954,Guaiúba (CE),..,Quilogramas por Hectare,-,Quilogramas por Hectare
MU,2305001,Guaraciaba do Norte (CE),..,Quilogramas por Hectare,-,Quilogramas por Hectare
MU,2305100,Guaramiranga (CE),..,Quilogramas por Hectare,-,Quilogramas por Hectare
MU,2305209,Hidrolândia (CE),..,Quilogramas por Hectare,-,Quilogramas por Hectare
MU,2305233,Horizonte (CE),..,Quilogramas por Hectare,7000,Quilogramas por Hectare
MU,2305266,Ibaretama (CE),..,Quilogramas por Hectare,-,Quilogramas por Hectare
MU,2305308,Ibiapina (CE),..,Quilogramas por Hectare,15000,Quilogramas por Hectare
MU,2305332,Ibicuitinga (CE),..,Quilogramas por Hectare,-,Quilogramas por Hectare
MU,2305357,Icapuí (CE),..,Quilogramas por Hectare,-,Quilogramas por Hectare
MU,2305407,Icó (CE),..,Quilogramas por Hectare,-,Quilogramas por Hectare
MU,2305506,Iguatu (CE),..,Quilogramas por Hectare,-,Quilogramas por Hectare
MU,2305605,Independência (CE),..,Quilogramas por Hectare,-,Quilogramas por Hectare
MU,2305654,Ipaporanga (CE),..,Quilogramas por Hectare,-,Quilogramas por Hectare
MU,2305704,Ipaumirim (CE),..,Quilogramas por Hectare,-,Quilogramas por Hectare
MU,2305803,Ipu (CE),..,Quilogramas por Hectare,-,Quilogramas por Hectare
MU,2305902,Ipueiras (CE),..,Quilogramas por Hectare,-,Quilogramas por Hectare
MU,2306009,Iracema (CE),..,Quilogramas por Hectare,-,Quilogramas por Hectare
MU,2306108,Irauçuba (CE),..,Quilogramas por Hectare,-,Quilogramas por Hectare
MU,2306207,Itaiçaba (CE),..,Quilogramas por Hectare,-,Quilogramas por Hectare
MU,2306256,Itaitinga (CE),..,Quilogramas por Hectare,-,Quilogramas por Hectare
MU,2306306,Itapajé (CE),..,Quilogramas por Hectare,-,Quilogramas por Hectare
MU,2306405,Itapipoca (CE),..,Quilogramas por Hectare,-,Quilogramas por Hectare
MU,2306504,Itapiúna (CE),..,Quilogramas por Hectare,-,Quilogramas por Hectare
MU,2306553,Itarema (CE),..,Quilogramas por Hectare,-,Quilogramas por Hectare
MU,2306603,Itatira (CE),..,Quilogramas por Hectare,-,Quilogramas por Hectare
MU,2306702,Jaguaretama (CE),..,Quilogramas por Hectare,-,Quilogramas por Hectare
MU,2306801,Jaguaribara (CE),..,Quilogramas por Hectare,-,Quilogramas por Hectare
MU,2306900,Jaguaribe (CE),..,Quilogramas por Hectare,-,Quilogramas por Hectare
MU,2307007,Jaguaruana (CE),..,Quilogramas por Hectare,-,Quilogramas por Hectare
MU,2307106,Jardim (CE),..,Quilogramas por Hectare,-,Quilogramas por Hectare
MU,2307205,Jati (CE),..,Quilogramas por Hectare,-,Quilogramas por Hectare
MU,2307254,Jijoca de Jericoacoara (CE),..,Quilogramas por Hectare,-,Quilogramas por Hectare
MU,2307304,Juazeiro do Norte (CE),..,Quilogramas por Hectare,-,Quilogramas por Hectare
MU,2307403,Jucás (CE),..,Quilogramas por Hectare,-,Quilogramas por Hectare
MU,2307502,Lavras da Mangabeira (CE),..,Quilogramas por Hectare,-,Quilogramas por Hectare
MU,2307601,Limoeiro do Norte (CE),..,Quilogramas por Hectare,21250,Quilogramas por Hectare
MU,2307635,Madalena (CE),..,Quilogramas por Hectare,-,Quilogramas por Hectare
MU,2307650,Maracanaú (CE),..,Quilogramas por Hectare,-,Quilogramas por Hectare
MU,2307700,Maranguape (CE),..,Quilogramas por Hectare,-,Quilogramas por Hectare
MU,2307809,Marco (CE),..,Quilogramas por Hectare,-,Quilogramas por Hectare
MU,2307908,Martinópole (CE),..,Quilogramas por Hectare,-,Quilogramas por Hectare
MU,2308005,Massapê (CE),..,Quilogramas por Hectare,-,Quilogramas por Hectare
MU,2308104,Mauriti (CE),..,Quilogramas por Hectare,-,Quilogramas por Hectare
MU,2308203,Meruoca (CE),..,Quilogramas por Hectare,-,Quilogramas por Hectare
MU,2308302,Milagres (CE),..,Quilogramas por Hectare,-,Quilogramas por Hectare
MU,2308351,Milhã (CE),..,Quilogramas por Hectare,-,Quilogramas por Hectare
MU,2308377,Miraíma (CE),..,Quilogramas por Hectare,-,Quilogramas por Hectare
MU,2308401,Missão Velha (CE),..,Quilogramas por Hectare,-,Quilogramas por Hectare
MU,2308500,Mombaça (CE),..,Quilogramas por Hectare,-,Quilogramas por Hectare
MU,2308609,Monsenhor Tabosa (CE),..,Quilogramas por Hectare,-,Quilogramas por Hectare
MU,2308708,Morada Nova (CE),..,Quilogramas por Hectare,-,Quilogramas por Hectare
MU,2308807,Moraújo (CE),..,Quilogramas por Hectare,-,Quilogramas por Hectare
MU,2308906,Morrinhos (CE),..,Quilogramas por Hectare,-,Quilogramas por Hectare
MU,2309003,Mucambo (CE),..,Quilogramas por Hectare,-,Quilogramas por Hectare
MU,2309102,Mulungu (CE),..,Quilogramas por Hectare,-,Quilogramas por Hectare
MU,2309201,Nova Olinda (CE),..,Quilogramas por Hectare,-,Quilogramas por Hectare
MU,2309300,Nova Russas (CE),..,Quilogramas por Hectare,-,Quilogramas por Hectare
MU,2309409,Novo Oriente (CE),..,Quilogramas por Hectare,-,Quilogramas por Hectare
MU,2309458,Ocara (CE),..,Quilogramas por Hectare,-,Quilogramas por Hectare
MU,2309508,Orós (CE),..,Quilogramas por Hectare,-,Quilogramas por Hectare
MU,2309607,Pacajus (CE),..,Quilogramas por Hectare,-,Quilogramas por Hectare
MU,2309706,Pacatuba (CE),..,Quilogramas por Hectare,-,Quilogramas por Hectare
MU,2309805,Pacoti (CE),..,Quilogramas por Hectare,-,Quilogramas por Hectare
MU,2309904,Pacujá (CE),..,Quilogramas por Hectare,-,Quilogramas por Hectare
MU,2310001,Palhano (CE),..,Quilogramas por Hectare,-,Quilogramas por Hectare
MU,2310100,Palmácia (CE),..,Quilogramas por Hectare,-,Quilogramas por Hectare
MU,2310209,Paracuru (CE),..,Quilogramas por Hectare,43200,Quilogramas por Hectare
MU,2310258,Paraipaba (CE),..,Quilogramas por Hectare,-,Quilogramas por Hectare
MU,2310308,Parambu (CE),..,Quilogramas por Hectare,-,Quilogramas por Hectare
MU,2310407,Paramoti (CE),..,Quilogramas por Hectare,-,Quilogramas por Hectare
MU,2310506,Pedra Branca (CE),..,Quilogramas por Hectare,-,Quilogramas por Hectare
MU,2310605,Penaforte (CE),..,Quilogramas por Hectare,-,Quilogramas por Hectare
MU,2310704,Pentecoste (CE),..,Quilogramas por Hectare,-,Quilogramas por Hectare
MU,2310803,Pereiro (CE),..,Quilogramas por Hectare,-,Quilogramas por Hectare
MU,2310852,Pindoretama (CE),..,Quilogramas por Hectare,-,Quilogramas por Hectare
MU,2310902,Piquet Carneiro (CE),..,Quilogramas por Hectare,-,Quilogramas por Hectare
MU,2310951,Pires Ferreira (CE),..,Quilogramas por Hectare,-,Quilogramas por Hectare
MU,2311009,Poranga (CE),..,Quilogramas por Hectare,-,Quilogramas por Hectare
MU,2311108,Porteiras (CE),..,Quilogramas por Hectare,-,Quilogramas por Hectare
MU,2311207,Potengi (CE),..,Quilogramas por Hectare,-,Quilogramas por Hectare
MU,2311231,Potiretama (CE),..,Quilogramas por Hectare,-,Quilogramas por Hectare
MU,2311264,Quiterianópolis (CE),..,Quilogramas por Hectare,-,Quilogramas por Hectare
MU,2311306,Quixadá (CE),..,Quilogramas por Hectare,-,Quilogramas por Hectare
MU,2311355,Quixelô (CE),..,Quilogramas por Hectare,-,Quilogramas por Hectare
MU,2311405,Quixeramobim (CE),..,Quilogramas por Hectare,-,Quilogramas por Hectare
MU,2311504,Quixeré (CE),..,Quilogramas por Hectare,-,Quilogramas por Hectare
MU,2311603,Redenção (CE),..,Quilogramas por Hectare,-,Quilogramas por Hectare
MU,2311702,Reriutaba (CE),..,Quilogramas por Hectare,-,Quilogramas por Hectare
MU,2311801,Russas (CE),..,Quilogramas por Hectare,12000,Quilogramas por Hectare
MU,2311900,Saboeiro (CE),..,Quilogramas por Hectare,-,Quilogramas por Hectare
MU,2311959,Salitre (CE),..,Quilogramas por Hectare,-,Quilogramas por Hectare
MU,2312007,Santana do Acaraú (CE),..,Quilogramas por Hectare,-,Quilogramas por Hectare
MU,2312106,Santana do Cariri (CE),..,Quilogramas por Hectare,-,Quilogramas por Hectare
MU,2312205,Santa Quitéria (CE),..,Quilogramas por Hectare,-,Quilogramas por Hectare
MU,2312304,São Benedito (CE),..,Quilogramas por Hectare,-,Quilogramas por Hectare
MU,2312403,São Gonçalo do Amarante (CE),..,Quilogramas por Hectare,-,Quilogramas por Hectare
MU,2312502,São João do Jaguaribe (CE),..,Quilogramas por Hectare,-,Quilogramas por Hectare
MU,2312601,São Luís do Curu (CE),..,Quilogramas por Hectare,-,Quilogramas por Hectare
MU,2312700,Senador Pompeu (CE),..,Quilogramas por Hectare,-,Quilogramas por Hectare
MU,2312809,Senador Sá (CE),..,Quilogramas por Hectare,-,Quilogramas por Hectare
MU,2312908,Sobral (CE),..,Quilogramas por Hectare,-,Quilogramas por Hectare
MU,2313005,Solonópole (CE),..,Quilogramas por Hectare,-,Quilogramas por Hectare
MU,2313104,Tabuleiro do Norte (CE),..,Quilogramas por Hectare,-,Quilogramas por Hectare
MU,2313203,Tamboril (CE),..,Quilogramas por Hectare,-,Quilogramas por Hectare
MU,2313252,Tarrafas (CE),..,Quilogramas por Hectare,-,Quilogramas por Hectare
MU,2313302,Tauá (CE),..,Quilogramas por Hectare,-,Quilogramas por Hectare
MU,2313351,Tejuçuoca (CE),..,Quilogramas por Hectare,-,Quilogramas por Hectare
MU,2313401,Tianguá (CE),..,Quilogramas por Hectare,15400,Quilogramas por Hectare
MU,2313500,Trairi (CE),..,Quilogramas por Hectare,-,Quilogramas por Hectare
MU,2313559,Tururu (CE),..,Quilogramas por Hectare,-,Quilogramas por Hectare
MU,2313609,Ubajara (CE),..,Quilogramas por Hectare,15333,Quilogramas por Hectare
MU,2313708,Umari (CE),..,Quilogramas por Hectare,-,Quilogramas por Hectare
MU,2313757,Umirim (CE),..,Quilogramas por Hectare,-,Quilogramas por Hectare
MU,2313807,Uruburetama (CE),..,Quilogramas por Hectare,10000,Quilogramas por Hectare
MU,2313906,Uruoca (CE),..,Quilogramas por Hectare,-,Quilogramas por Hectare
MU,2313955,Varjota (CE),..,Quilogramas por Hectare,-,Quilogramas por Hectare
MU,2314003,Várzea Alegre (CE),..,Quilogramas por Hectare,-,Quilogramas por Hectare
MU,2314102,Viçosa do Ceará (CE),..,Quilogramas por Hectare,15000,Quilogramas por Hectare
MU,2400109,Acari (RN),..,Quilogramas por Hectare,-,Quilogramas por Hectare
MU,2400208,Assú (RN),..,Quilogramas por Hectare,-,Quilogramas por Hectare
MU,2400307,Afonso Bezerra (RN),..,Quilogramas por Hectare,-,Quilogramas por Hectare
MU,2400406,Água Nova (RN),..,Quilogramas por Hectare,-,Quilogramas por Hectare
MU,2400505,Alexandria (RN),..,Quilogramas por Hectare,-,Quilogramas por Hectare
MU,2400604,Almino Afonso (RN),..,Quilogramas por Hectare,-,Quilogramas por Hectare
MU,2400703,Alto do Rodrigues (RN),..,Quilogramas por Hectare,-,Quilogramas por Hectare
MU,2400802,Angicos (RN),..,Quilogramas por Hectare,-,Quilogramas por Hectare
MU,2400901,Antônio Martins (RN),..,Quilogramas por Hectare,-,Quilogramas por Hectare
MU,2401008,Apodi (RN),..,Quilogramas por Hectare,-,Quilogramas por Hectare
MU,2401107,Areia Branca (RN),..,Quilogramas por Hectare,-,Quilogramas por Hectare
MU,2401206,Arez (RN),..,Quilogramas por Hectare,-,Quilogramas por Hectare
MU,2401305,Campo Grande (RN),..,Quilogramas por Hectare,-,Quilogramas por Hectare
MU,2401404,Baía Formosa (RN),..,Quilogramas por Hectare,-,Quilogramas por Hectare
MU,2401453,Baraúna (RN),..,Quilogramas por Hectare,-,Quilogramas por Hectare
MU,2401503,Barcelona (RN),..,Quilogramas por Hectare,...,Quilogramas por Hectare
MU,2401602,Bento Fernandes (RN),..,Quilogramas por Hectare,-,Quilogramas por Hectare
MU,2401651,Bodó (RN),..,Quilogramas por Hectare,-,Quilogramas por Hectare
MU,2401701,Bom Jesus (RN),..,Quilogramas por Hectare,-,Quilogramas por Hectare
MU,2401800,Brejinho (RN),..,Quilogramas por Hectare,-,Quilogramas por Hectare
MU,2401859,Caiçara do Norte (RN),..,Quilogramas por Hectare,-,Quilogramas por Hectare
MU,2401909,Caiçara do Rio do Vento (RN),..,Quilogramas por Hectare,-,Quilogramas por Hectare
MU,2402006,Caicó (RN),..,Quilogramas por Hectare,-,Quilogramas por Hectare
MU,2402105,Campo Redondo (RN),..,Quilogramas por Hectare,-,Quilogramas por Hectare
MU,2402204,Canguaretama (RN),..,Quilogramas por Hectare,-,Quilogramas por Hectare
MU,2402303,Caraúbas (RN),..,Quilogramas por Hectare,-,Quilogramas por Hectare
MU,2402402,Carnaúba dos Dantas (RN),..,Quilogramas por Hectare,-,Quilogramas por Hectare
MU,2402501,Carnaubais (RN),..,Quilogramas por Hectare,-,Quilogramas por Hectare
MU,2402600,Ceará-Mirim (RN),..,Quilogramas por Hectare,-,Quilogramas por Hectare
MU,2402709,Cerro Corá (RN),..,Quilogramas por Hectare,-,Quilogramas por Hectare
MU,2402808,Coronel Ezequiel (RN),..,Quilogramas por Hectare,-,Quilogramas por Hectare
MU,2402907,Coronel João Pessoa (RN),..,Quilogramas por Hectare,-,Quilogramas por Hectare
MU,2403004,Cruzeta (RN),..,Quilogramas por Hectare,-,Quilogramas por Hectare
MU,2403103,Currais Novos (RN),..,Quilogramas por Hectare,-,Quilogramas por Hectare
MU,2403202,Doutor Severiano (RN),..,Quilogramas por Hectare,-,Quilogramas por Hectare
MU,2403251,Parnamirim (RN),..,Quilogramas por Hectare,...,Quilogramas por Hectare
MU,2403301,Encanto (RN),..,Quilogramas por Hectare,-,Quilogramas por Hectare
MU,2403400,Equador (RN),..,Quilogramas por Hectare,-,Quilogramas por Hectare
MU,2403509,Espírito Santo (RN),..,Quilogramas por Hectare,-,Quilogramas por Hectare
MU,2403608,Extremoz (RN),..,Quilogramas por Hectare,-,Quilogramas por Hectare
MU,2403707,Felipe Guerra (RN),..,Quilogramas por Hectare,-,Quilogramas por Hectare
MU,2403806,Florânia (RN),..,Quilogramas por Hectare,-,Quilogramas por Hectare
MU,2403905,Francisco Dantas (RN),..,Quilogramas por Hectare,-,Quilogramas por Hectare
MU,2404002,Frutuoso Gomes (RN),..,Quilogramas por Hectare,-,Quilogramas por Hectare
MU,2404101,Galinhos (RN),..,Quilogramas por Hectare,-,Quilogramas por Hectare
MU,2404200,Goianinha (RN),..,Quilogramas por Hectare,-,Quilogramas por Hectare
MU,2404309,Governador Dix-Sept Rosado (RN),..,Quilogramas por Hectare,-,Quilogramas por Hectare
MU,2404408,Grossos (RN),..,Quilogramas por Hectare,-,Quilogramas por Hectare
MU,2404507,Guamaré (RN),..,Quilogramas por Hectare,-,Quilogramas por Hectare
MU,2404606,Ielmo Marinho (RN),..,Quilogramas por Hectare,-,Quilogramas por Hectare
MU,2404705,Ipanguaçu (RN),..,Quilogramas por Hectare,-,Quilogramas por Hectare
MU,2404804,Ipueira (RN),..,Quilogramas por Hectare,-,Quilogramas por Hectare
MU,2404853,Itajá (RN),..,Quilogramas por Hectare,-,Quilogramas por Hectare
MU,2404903,Itaú (RN),..,Quilogramas por Hectare,-,Quilogramas por Hectare
MU,2405009,Jaçanã (RN),..,Quilogramas por Hectare,-,Quilogramas por Hectare
MU,2405108,Jandaíra (RN),..,Quilogramas por Hectare,-,Quilogramas por Hectare
MU,2405207,Janduís (RN),..,Quilogramas por Hectare,...,Quilogramas por Hectare
MU,2405306,Januário Cicco (RN),..,Quilogramas por Hectare,-,Quilogramas por Hectare
MU,2405405,Japi (RN),..,Quilogramas por Hectare,...,Quilogramas por Hectare
MU,2405504,Jardim de Angicos (RN),..,Quilogramas por Hectare,-,Quilogramas por Hectare
MU,2405603,Jardim de Piranhas (RN),..,Quilogramas por Hectare,-,Quilogramas por Hectare
MU,2405702,Jardim do Seridó (RN),..,Quilogramas por Hectare,-,Quilogramas por Hectare
MU,2405801,João Câmara (RN),..,Quilogramas por Hectare,-,Quilogramas por Hectare
MU,2405900,João Dias (RN),..,Quilogramas por Hectare,...,Quilogramas por Hectare
MU,2406007,José da Penha (RN),..,Quilogramas por Hectare,-,Quilogramas por Hectare
MU,2406106,Jucurutu (RN),..,Quilogramas por Hectare,-,Quilogramas por Hectare
MU,2406155,Jundiá (RN),..,Quilogramas por Hectare,-,Quilogramas por Hectare
MU,2406205,Lagoa d'Anta (RN),..,Quilogramas por Hectare,-,Quilogramas por Hectare
MU,2406304,Lagoa de Pedras (RN),..,Quilogramas por Hectare,-,Quilogramas por Hectare
MU,2406403,Lagoa de Velhos (RN),..,Quilogramas por Hectare,...,Quilogramas por Hectare
MU,2406502,Lagoa Nova (RN),..,Quilogramas por Hectare,-,Quilogramas por Hectare
MU,2406601,Lagoa Salgada (RN),..,Quilogramas por Hectare,-,Quilogramas por Hectare
MU,2406700,Lajes (RN),..,Quilogramas por Hectare,-,Quilogramas por Hectare
MU,2406809,Lajes Pintadas (RN),..,Quilogramas por Hectare,-,Quilogramas por Hectare
MU,2406908,Lucrécia (RN),..,Quilogramas por Hectare,-,Quilogramas por Hectare
MU,2407005,Luís Gomes (RN),..,Quilogramas por Hectare,-,Quilogramas por Hectare
MU,2407104,Macaíba (RN),..,Quilogramas por Hectare,-,Quilogramas por Hectare
MU,2407203,Macau (RN),..,Quilogramas por Hectare,...,Quilogramas por Hectare
MU,2407252,Major Sales (RN),..,Quilogramas por Hectare,-,Quilogramas por Hectare
MU,2407302,Marcelino Vieira (RN),..,Quilogramas por Hectare,-,Quilogramas por Hectare
MU,2407401,Martins (RN),..,Quilogramas por Hectare,-,Quilogramas por Hectare
MU,2407500,Maxaranguape (RN),..,Quilogramas por Hectare,-,Quilogramas por Hectare
MU,2407609,Messias Targino (RN),..,Quilogramas por Hectare,...,Quilogramas por Hectare
MU,2407708,Montanhas (RN),..,Quilogramas por Hectare,-,Quilogramas por Hectare
MU,2407807,Monte Alegre (RN),..,Quilogramas por Hectare,-,Quilogramas por Hectare
MU,2407906,Monte das Gameleiras (RN),..,Quilogramas por Hectare,-,Quilogramas por Hectare
MU,2408003,Mossoró (RN),..,Quilogramas por Hectare,-,Quilogramas por Hectare
MU,2408102,Natal (RN),..,Quilogramas por Hectare,...,Quilogramas por Hectare
MU,2408201,Nísia Floresta (RN),..,Quilogramas por Hectare,-,Quilogramas por Hectare
MU,2408300,Nova Cruz (RN),..,Quilogramas por Hectare,-,Quilogramas por Hectare
MU,2408409,Olho d'Água do Borges (RN),..,Quilogramas por Hectare,-,Quilogramas por Hectare
MU,2408508,Ouro Branco (RN),..,Quilogramas por Hectare,-,Quilogramas por Hectare
MU,2408607,Paraná (RN),..,Quilogramas por Hectare,...,Quilogramas por Hectare
MU,2408706,Paraú (RN),..,Quilogramas por Hectare,-,Quilogramas por Hectare
MU,2408805,Parazinho (RN),..,Quilogramas por Hectare,-,Quilogramas por Hectare
MU,2408904,Parelhas (RN),..,Quilogramas por Hectare,-,Quilogramas por Hectare
MU,2408953,Rio do Fogo (RN),..,Quilogramas por Hectare,-,Quilogramas por Hectare
MU,2409100,Passa e Fica (RN),..,Quilogramas por Hectare,-,Quilogramas por Hectare
MU,2409209,Passagem (RN),..,Quilogramas por Hectare,...,Quilogramas por Hectare
MU,2409308,Patu (RN),..,Quilogramas por Hectare,-,Quilogramas por Hectare
MU,2409332,Santa Maria (RN),..,Quilogramas por Hectare,-,Quilogramas por Hectare
MU,2409407,Pau dos Ferros (RN),..,Quilogramas por Hectare,-,Quilogramas por Hectare
MU,2409506,Pedra Grande (RN),..,Quilogramas por Hectare,-,Quilogramas por Hectare
MU,2409605,Pedra Preta (RN),..,Quilogramas por Hectare,-,Quilogramas por Hectare
MU,2409704,Pedro Avelino (RN),..,Quilogramas por Hectare,-,Quilogramas por Hectare
MU,2409803,Pedro Velho (RN),..,Quilogramas por Hectare,-,Quilogramas por Hectare
MU,2409902,Pendências (RN),..,Quilogramas por Hectare,-,Quilogramas por Hectare
MU,2410009,Pilões (RN),..,Quilogramas por Hectare,...,Quilogramas por Hectare
MU,2410108,Poço Branco (RN),..,Quilogramas por Hectare,-,Quilogramas por Hectare
MU,2410207,Portalegre (RN),..,Quilogramas por Hectare,-,Quilogramas por Hectare
MU,2410256,Porto do Mangue (RN),..,Quilogramas por Hectare,-,Quilogramas por Hectare
MU,2410306,Serra Caiada (RN),..,Quilogramas por Hectare,-,Quilogramas por Hectare
MU,2410405,Pureza (RN),..,Quilogramas por Hectare,2222,Quilogramas por Hectare
MU,2410504,Rafael Fernandes (RN),..,Quilogramas por Hectare,-,Quilogramas por Hectare
MU,2410603,Rafael Godeiro (RN),..,Quilogramas por Hectare,-,Quilogramas por Hectare
MU,2410702,Riacho da Cruz (RN),..,Quilogramas por Hectare,...,Quilogramas por Hectare
MU,2410801,Riacho de Santana (RN),..,Quilogramas por Hectare,-,Quilogramas por Hectare
MU,2410900,Riachuelo (RN),..,Quilogramas por Hectare,-,Quilogramas por Hectare
MU,2411007,Rodolfo Fernandes (RN),..,Quilogramas por Hectare,-,Quilogramas por Hectare
MU,2411056,Tibau (RN),..,Quilogramas por Hectare,-,Quilogramas por Hectare
MU,2411106,Ruy Barbosa (RN),..,Quilogramas por Hectare,-,Quilogramas por Hectare
MU,2411205,Santa Cruz (RN),..,Quilogramas por Hectare,-,Quilogramas por Hectare
MU,2411403,Santana do Matos (RN),..,Quilogramas por Hectare,-,Quilogramas por Hectare
MU,2411429,Santana do Seridó (RN),..,Quilogramas por Hectare,-,Quilogramas por Hectare
MU,2411502,Santo Antônio (RN),..,Quilogramas por Hectare,-,Quilogramas por Hectare
MU,2411601,São Bento do Norte (RN),..,Quilogramas por Hectare,-,Quilogramas por Hectare
MU,2411700,São Bento do Trairí (RN),..,Quilogramas por Hectare,-,Quilogramas por Hectare
MU,2411809,São Fernando (RN),..,Quilogramas por Hectare,...,Quilogramas por Hectare
MU,2411908,São Francisco do Oeste (RN),..,Quilogramas por Hectare,-,Quilogramas por Hectare
MU,2412005,São Gonçalo do Amarante (RN),..,Quilogramas por Hectare,-,Quilogramas por Hectare
MU,2412104,São João do Sabugi (RN),..,Quilogramas por Hectare,-,Quilogramas por Hectare
MU,2412203,São José de Mipibu (RN),..,Quilogramas por Hectare,-,Quilogramas por Hectare
MU,2412302,São José do Campestre (RN),..,Quilogramas por Hectare,-,Quilogramas por Hectare
MU,2412401,São José do Seridó (RN),..,Quilogramas por Hectare,-,Quilogramas por Hectare
MU,2412500,São Miguel (RN),..,Quilogramas por Hectare,-,Quilogramas por Hectare
MU,2412559,São Miguel do Gostoso (RN),..,Quilogramas por Hectare,-,Quilogramas por Hectare
MU,2412609,São Paulo do Potengi (RN),..,Quilogramas por Hectare,-,Quilogramas por Hectare
MU,2412708,São Pedro (RN),..,Quilogramas por Hectare,-,Quilogramas por Hectare
MU,2412807,São Rafael (RN),..,Quilogramas por Hectare,...,Quilogramas por Hectare
MU,2412906,São Tomé (RN),..,Quilogramas por Hectare,-,Quilogramas por Hectare
MU,2413003,São Vicente (RN),..,Quilogramas por Hectare,-,Quilogramas por Hectare
MU,2413102,Senador Elói de Souza (RN),..,Quilogramas por Hectare,-,Quilogramas por Hectare
MU,2413201,Senador Georgino Avelino (RN),..,Quilogramas por Hectare,-,Quilogramas por Hectare
MU,2413300,Serra de São Bento (RN),..,Quilogramas por Hectare,-,Quilogramas por Hectare
MU,2413359,Serra do Mel (RN),..,Quilogramas por Hectare,-,Quilogramas por Hectare
MU,2413409,Serra Negra do Norte (RN),..,Quilogramas por Hectare,-,Quilogramas por Hectare
MU,2413508,Serrinha (RN),..,Quilogramas por Hectare,-,Quilogramas por Hectare
MU,2413557,Serrinha dos Pintos (RN),..,Quilogramas por Hectare,-,Quilogramas por Hectare
MU,2413607,Severiano Melo (RN),..,Quilogramas por Hectare,-,Quilogramas por Hectare
MU,2413706,Sítio Novo (RN),..,Quilogramas por Hectare,-,Quilogramas por Hectare
MU,2413805,Taboleiro Grande (RN),..,Quilogramas por Hectare,-,Quilogramas por Hectare
MU,2413904,Taipu (RN),..,Quilogramas por Hectare,-,Quilogramas por Hectare
MU,2414001,Tangará (RN),..,Quilogramas por Hectare,-,Quilogramas por Hectare
MU,2414100,Tenente Ananias (RN),..,Quilogramas por Hectare,-,Quilogramas por Hectare
MU,2414159,Tenente Laurentino Cruz (RN),..,Quilogramas por Hectare,-,Quilogramas por Hectare
MU,2414209,Tibau do Sul (RN),..,Quilogramas por Hectare,-,Quilogramas por Hectare
MU,2414308,Timbaúba dos Batistas (RN),..,Quilogramas por Hectare,-,Quilogramas por Hectare
MU,2414407,Touros (RN),..,Quilogramas por Hectare,-,Quilogramas por Hectare
MU,2414456,Triunfo Potiguar (RN),..,Quilogramas por Hectare,-,Quilogramas por Hectare
MU,2414506,Umarizal (RN),..,Quilogramas por Hectare,-,Quilogramas por Hectare
MU,2414605,Upanema (RN),..,Quilogramas por Hectare,-,Quilogramas por Hectare
MU,2414704,Várzea (RN),..,Quilogramas por Hectare,...,Quilogramas por Hectare
MU,2414753,Venha-Ver (RN),..,Quilogramas por Hectare,-,Quilogramas por Hectare
MU,2414803,Vera Cruz (RN),..,Quilogramas por Hectare,-,Quilogramas por Hectare
MU,2414902,Viçosa (RN),..,Quilogramas por Hectare,-,Quilogramas por Hectare
MU,2415008,Vila Flor (RN),..,Quilogramas por Hectare,...,Quilogramas por Hectare
MU,2500106,Água Branca (PB),..,Quilogramas por Hectare,-,Quilogramas por Hectare
MU,2500205,Aguiar (PB),..,Quilogramas por Hectare,...,Quilogramas por Hectare
MU,2500304,Alagoa Grande (PB),..,Quilogramas por Hectare,-,Quilogramas por Hectare
MU,2500403,Alagoa Nova (PB),..,Quilogramas por Hectare,-,Quilogramas por Hectare
MU,2500502,Alagoinha (PB),..,Quilogramas por Hectare,-,Quilogramas por Hectare
MU,2500536,Alcantil (PB),..,Quilogramas por Hectare,-,Quilogramas por Hectare
MU,2500577,Algodão de Jandaíra (PB),..,Quilogramas por Hectare,-,Quilogramas por Hectare
MU,2500601,Alhandra (PB),..,Quilogramas por Hectare,-,Quilogramas por Hectare
MU,2500700,São João do Rio do Peixe (PB),..,Quilogramas por Hectare,-,Quilogramas por Hectare
MU,2500734,Amparo (PB),..,Quilogramas por Hectare,...,Quilogramas por Hectare
MU,2500775,Aparecida (PB),..,Quilogramas por Hectare,-,Quilogramas por Hectare
MU,2500809,Araçagi (PB),..,Quilogramas por Hectare,-,Quilogramas por Hectare
MU,2500908,Arara (PB),..,Quilogramas por Hectare,-,Quilogramas por Hectare
MU,2501005,Araruna (PB),..,Quilogramas por Hectare,-,Quilogramas por Hectare
MU,2501104,Areia (PB),..,Quilogramas por Hectare,-,Quilogramas por Hectare
MU,2501153,Areia de Baraúnas (PB),..,Quilogramas por Hectare,-,Quilogramas por Hectare
MU,2501203,Areial (PB),..,Quilogramas por Hectare,...,Quilogramas por Hectare
MU,2501302,Aroeiras (PB),..,Quilogramas por Hectare,-,Quilogramas por Hectare
MU,2501351,Assunção (PB),..,Quilogramas por Hectare,-,Quilogramas por Hectare
MU,2501401,Baía da Traição (PB),..,Quilogramas por Hectare,-,Quilogramas por Hectare
MU,2501500,Bananeiras (PB),..,Quilogramas por Hectare,-,Quilogramas por Hectare
MU,2501534,Baraúna (PB),..,Quilogramas por Hectare,-,Quilogramas por Hectare
MU,2501575,Barra de Santana (PB),..,Quilogramas por Hectare,-,Quilogramas por Hectare
MU,2501609,Barra de Santa Rosa (PB),..,Quilogramas por Hectare,-,Quilogramas por Hectare
MU,2501708,Barra de São Miguel (PB),..,Quilogramas por Hectare,-,Quilogramas por Hectare
MU,2501807,Bayeux (PB),..,Quilogramas por Hectare,-,Quilogramas por Hectare
MU,2501906,Belém (PB),..,Quilogramas por Hectare,-,Quilogramas por Hectare
MU,2502003,Belém do Brejo do Cruz (PB),..,Quilogramas por Hectare,...,Quilogramas por Hectare
MU,2502052,Bernardino Batista (PB),..,Quilogramas por Hectare,-,Quilogramas por Hectare
MU,2502102,Boa Ventura (PB),..,Quilogramas por Hectare,-,Quilogramas por Hectare
MU,2502151,Boa Vista (PB),..,Quilogramas por Hectare,...,Quilogramas por Hectare
MU,2502201,Bom Jesus (PB),..,Quilogramas por Hectare,-,Quilogramas por Hectare
MU,2502300,Bom Sucesso (PB),..,Quilogramas por Hectare,...,Quilogramas por Hectare
MU,2502409,Bonito de Santa Fé (PB),..,Quilogramas por Hectare,-,Quilogramas por Hectare
MU,2502508,Boqueirão (PB),..,Quilogramas por Hectare,-,Quilogramas por Hectare
MU,2502607,Igaracy (PB),..,Quilogramas por Hectare,...,Quilogramas por Hectare
MU,2502706,Borborema (PB),..,Quilogramas por Hectare,-,Quilogramas por Hectare
MU,2502805,Brejo do Cruz (PB),..,Quilogramas por Hectare,...,Quilogramas por Hectare
MU,2502904,Brejo dos Santos (PB),..,Quilogramas por Hectare,...,Quilogramas por Hectare
MU,2503001,Caaporã (PB),..,Quilogramas por Hectare,-,Quilogramas por Hectare
MU,2503100,Cabaceiras (PB),..,Quilogramas por Hectare,-,Quilogramas por Hectare
MU,2503209,Cabedelo (PB),..,Quilogramas por Hectare,...,Quilogramas por Hectare
MU,2503308,Cachoeira dos Índios (PB),..,Quilogramas por Hectare,-,Quilogramas por Hectare
MU,2503407,Cacimba de Areia (PB),..,Quilogramas por Hectare,-,Quilogramas por Hectare
MU,2503506,Cacimba de Dentro (PB),..,Quilogramas por Hectare,-,Quilogramas por Hectare
MU,2503555,Cacimbas (PB),..,Quilogramas por Hectare,-,Quilogramas por Hectare
MU,2503605,Caiçara (PB),..,Quilogramas por Hectare,-,Quilogramas por Hectare
MU,2503704,Cajazeiras (PB),..,Quilogramas por Hectare,-,Quilogramas por Hectare
MU,2503753,Cajazeirinhas (PB),..,Quilogramas por Hectare,-,Quilogramas por Hectare
MU,2503803,Caldas Brandão (PB),..,Quilogramas por Hectare,-,Quilogramas por Hectare
MU,2503902,Camalaú (PB),..,Quilogramas por Hectare,-,Quilogramas por Hectare
MU,2504009,Campina Grande (PB),..,Quilogramas por Hectare,-,Quilogramas por Hectare
MU,2504033,Capim (PB),..,Quilogramas por Hectare,-,Quilogramas por Hectare
MU,2504074,Caraúbas (PB),..,Quilogramas por Hectare,-,Quilogramas por Hectare
MU,2504108,Carrapateira (PB),..,Quilogramas por Hectare,...,Quilogramas por Hectare
MU,2504157,Casserengue (PB),..,Quilogramas por Hectare,-,Quilogramas por Hectare
MU,2504207,Catingueira (PB),..,Quilogramas por Hectare,-,Quilogramas por Hectare
MU,2504306,Catolé do Rocha (PB),..,Quilogramas por Hectare,-,Quilogramas por Hectare
MU,2504355,Caturité (PB),..,Quilogramas por Hectare,-,Quilogramas por Hectare
MU,2504405,Conceição (PB),..,Quilogramas por Hectare,-,Quilogramas por Hectare
MU,2504504,Condado (PB),..,Quilogramas por Hectare,...,Quilogramas por Hectare
MU,2504603,Conde (PB),..,Quilogramas por Hectare,-,Quilogramas por Hectare
MU,2504702,Congo (PB),..,Quilogramas por Hectare,-,Quilogramas por Hectare
MU,2504801,Coremas (PB),..,Quilogramas por Hectare,-,Quilogramas por Hectare
MU,2504850,Coxixola (PB),..,Quilogramas por Hectare,...,Quilogramas por Hectare
MU,2504900,Cruz do Espírito Santo (PB),..,Quilogramas por Hectare,-,Quilogramas por Hectare
MU,2505006,Cubati (PB),..,Quilogramas por Hectare,-,Quilogramas por Hectare
MU,2505105,Cuité (PB),..,Quilogramas por Hectare,-,Quilogramas por Hectare
MU,2505204,Cuitegi (PB),..,Quilogramas por Hectare,-,Quilogramas por Hectare
MU,2505238,Cuité de Mamanguape (PB),..,Quilogramas por Hectare,-,Quilogramas por Hectare
MU,2505279,Curral de Cima (PB),..,Quilogramas por Hectare,-,Quilogramas por Hectare
MU,2505303,Curral Velho (PB),..,Quilogramas por Hectare,-,Quilogramas por Hectare
MU,2505352,Damião (PB),..,Quilogramas por Hectare,-,Quilogramas por Hectare
MU,2505402,Desterro (PB),..,Quilogramas por Hectare,-,Quilogramas por Hectare
MU,2505501,Vista Serrana (PB),..,Quilogramas por Hectare,...,Quilogramas por Hectare
MU,2505600,Diamante (PB),..,Quilogramas por Hectare,...,Quilogramas por Hectare
MU,2505709,Dona Inês (PB),..,Quilogramas por Hectare,-,Quilogramas por Hectare
MU,2505808,Duas Estradas (PB),..,Quilogramas por Hectare,-,Quilogramas por Hectare
MU,2505907,Emas (PB),..,Quilogramas por Hectare,-,Quilogramas por Hectare
MU,2506004,Esperança (PB),..,Quilogramas por Hectare,-,Quilogramas por Hectare
MU,2506103,Fagundes (PB),..,Quilogramas por Hectare,-,Quilogramas por Hectare
MU,2506202,Frei Martinho (PB),..,Quilogramas por Hectare,-,Quilogramas por Hectare
MU,2506251,Gado Bravo (PB),..,Quilogramas por Hectare,-,Quilogramas por Hectare
MU,2506301,Guarabira (PB),..,Quilogramas por Hectare,-,Quilogramas por Hectare
MU,2506400,Gurinhém (PB),..,Quilogramas por Hectare,-,Quilogramas por Hectare
MU,2506509,Gurjão (PB),..,Quilogramas por Hectare,...,Quilogramas por Hectare
MU,2506608,Ibiara (PB),..,Quilogramas por Hectare,-,Quilogramas por Hectare
MU,2506707,Imaculada (PB),..,Quilogramas por Hectare,-,Quilogramas por Hectare
MU,2506806,Ingá (PB),..,Quilogramas por Hectare,-,Quilogramas por Hectare
MU,2506905,Itabaiana (PB),..,Quilogramas por Hectare,-,Quilogramas por Hectare
MU,2507002,Itaporanga (PB),..,Quilogramas por Hectare,-,Quilogramas por Hectare
MU,2507101,Itapororoca (PB),..,Quilogramas por Hectare,-,Quilogramas por Hectare
MU,2507200,Itatuba (PB),..,Quilogramas por Hectare,-,Quilogramas por Hectare
MU,2507309,Jacaraú (PB),..,Quilogramas por Hectare,-,Quilogramas por Hectare
MU,2507408,Jericó (PB),..,Quilogramas por Hectare,...,Quilogramas por Hectare
MU,2507507,João Pessoa (PB),..,Quilogramas por Hectare,-,Quilogramas por Hectare
MU,2507606,Juarez Távora (PB),..,Quilogramas por Hectare,...,Quilogramas por Hectare
MU,2507705,Juazeirinho (PB),..,Quilogramas por Hectare,-,Quilogramas por Hectare
MU,2507804,Junco do Seridó (PB),..,Quilogramas por Hectare,-,Quilogramas por Hectare
MU,2507903,Juripiranga (PB),..,Quilogramas por Hectare,-,Quilogramas por Hectare
MU,2508000,Juru (PB),..,Quilogramas por Hectare,-,Quilogramas por Hectare
MU,2508109,Lagoa (PB),..,Quilogramas por Hectare,-,Quilogramas por Hectare
MU,2508208,Lagoa de Dentro (PB),..,Quilogramas por Hectare,-,Quilogramas por Hectare
MU,2508307,Lagoa Seca (PB),..,Quilogramas por Hectare,-,Quilogramas por Hectare
MU,2508406,Lastro (PB),..,Quilogramas por Hectare,...,Quilogramas por Hectare
MU,2508505,Livramento (PB),..,Quilogramas por Hectare,-,Quilogramas por Hectare
MU,2508554,Logradouro (PB),..,Quilogramas por Hectare,-,Quilogramas por Hectare
MU,2508604,Lucena (PB),..,Quilogramas por Hectare,-,Quilogramas por Hectare
MU,2508703,Mãe d'Água (PB),..,Quilogramas por Hectare,-,Quilogramas por Hectare
MU,2508802,Malta (PB),..,Quilogramas por Hectare,...,Quilogramas por Hectare
MU,2508901,Mamanguape (PB),..,Quilogramas por Hectare,-,Quilogramas por Hectare
MU,2509008,Manaíra (PB),..,Quilogramas por Hectare,-,Quilogramas por Hectare
MU,2509057,Marcação (PB),..,Quilogramas por Hectare,-,Quilogramas por Hectare
MU,2509107,Mari (PB),..,Quilogramas por Hectare,-,Quilogramas por Hectare
MU,2509156,Marizópolis (PB),..,Quilogramas por Hectare,-,Quilogramas por Hectare
MU,2509206,Massaranduba (PB),..,Quilogramas por Hectare,-,Quilogramas por Hectare
MU,2509305,Mataraca (PB),..,Quilogramas por Hectare,-,Quilogramas por Hectare
MU,2509339,Matinhas (PB),..,Quilogramas por Hectare,-,Quilogramas por Hectare
MU,2509370,Mato Grosso (PB),..,Quilogramas por Hectare,-,Quilogramas por Hectare
MU,2509396,Maturéia (PB),..,Quilogramas por Hectare,-,Quilogramas por Hectare
MU,2509404,Mogeiro (PB),..,Quilogramas por Hectare,-,Quilogramas por Hectare
MU,2509503,Montadas (PB),..,Quilogramas por Hectare,-,Quilogramas por Hectare
MU,2509602,Monte Horebe (PB),..,Quilogramas por Hectare,-,Quilogramas por Hectare
MU,2509701,Monteiro (PB),..,Quilogramas por Hectare,-,Quilogramas por Hectare
MU,2509800,Mulungu (PB),..,Quilogramas por Hectare,-,Quilogramas por Hectare
MU,2509909,Natuba (PB),..,Quilogramas por Hectare,-,Quilogramas por Hectare
MU,2510006,Nazarezinho (PB),..,Quilogramas por Hectare,-,Quilogramas por Hectare
MU,2510105,Nova Floresta (PB),..,Quilogramas por Hectare,-,Quilogramas por Hectare
MU,2510204,Nova Olinda (PB),..,Quilogramas por Hectare,-,Quilogramas por Hectare
MU,2510303,Nova Palmeira (PB),..,Quilogramas por Hectare,-,Quilogramas por Hectare
MU,2510402,Olho d'Água (PB),..,Quilogramas por Hectare,-,Quilogramas por Hectare
MU,2510501,Olivedos (PB),..,Quilogramas por Hectare,-,Quilogramas por Hectare
MU,2510600,Ouro Velho (PB),..,Quilogramas por Hectare,-,Quilogramas por Hectare
MU,2510659,Parari (PB),..,Quilogramas por Hectare,-,Quilogramas por Hectare
MU,2510709,Passagem (PB),..,Quilogramas por Hectare,-,Quilogramas por Hectare
MU,2510808,Patos (PB),..,Quilogramas por Hectare,-,Quilogramas por Hectare
MU,2510907,Paulista (PB),..,Quilogramas por Hectare,-,Quilogramas por Hectare
MU,2511004,Pedra Branca (PB),..,Quilogramas por Hectare,-,Quilogramas por Hectare
MU,2511103,Pedra Lavrada (PB),..,Quilogramas por Hectare,...,Quilogramas por Hectare
MU,2511202,Pedras de Fogo (PB),..,Quilogramas por Hectare,-,Quilogramas por Hectare
MU,2511301,Piancó (PB),..,Quilogramas por Hectare,-,Quilogramas por Hectare
MU,2511400,Picuí (PB),..,Quilogramas por Hectare,-,Quilogramas por Hectare
MU,2511509,Pilar (PB),..,Quilogramas por Hectare,-,Quilogramas por Hectare
MU,2511608,Pilões (PB),..,Quilogramas por Hectare,-,Quilogramas por Hectare
MU,2511707,Pilõezinhos (PB),..,Quilogramas por Hectare,-,Quilogramas por Hectare
MU,2511806,Pirpirituba (PB),..,Quilogramas por Hectare,-,Quilogramas por Hectare
MU,2511905,Pitimbu (PB),..,Quilogramas por Hectare,-,Quilogramas por Hectare
MU,2512002,Pocinhos (PB),..,Quilogramas por Hectare,-,Quilogramas por Hectare
MU,2512036,Poço Dantas (PB),..,Quilogramas por Hectare,-,Quilogramas por Hectare
MU,2512077,Poço de José de Moura (PB),..,Quilogramas por Hectare,-,Quilogramas por Hectare
MU,2512101,Pombal (PB),..,Quilogramas por Hectare,-,Quilogramas por Hectare
MU,2512200,Prata (PB),..,Quilogramas por Hectare,-,Quilogramas por Hectare
MU,2512309,Princesa Isabel (PB),..,Quilogramas por Hectare,-,Quilogramas por Hectare
MU,2512408,Puxinanã (PB),..,Quilogramas por Hectare,-,Quilogramas por Hectare
MU,2512507,Queimadas (PB),..,Quilogramas por Hectare,-,Quilogramas por Hectare
MU,2512606,Quixaba (PB),..,Quilogramas por Hectare,-,Quilogramas por Hectare
MU,2512705,Remígio (PB),..,Quilogramas por Hectare,-,Quilogramas por Hectare
MU,2512721,Pedro Régis (PB),..,Quilogramas por Hectare,-,Quilogramas por Hectare
MU,2512747,Riachão (PB),..,Quilogramas por Hectare,-,Quilogramas por Hectare
MU,2512754,Riachão do Bacamarte (PB),..,Quilogramas por Hectare,-,Quilogramas por Hectare
MU,2512762,Riachão do Poço (PB),..,Quilogramas por Hectare,-,Quilogramas por Hectare
MU,2512788,Riacho de Santo Antônio (PB),..,Quilogramas por Hectare,...,Quilogramas por Hectare
MU,2512804,Riacho dos Cavalos (PB),..,Quilogramas por Hectare,-,Quilogramas por Hectare
MU,2512903,Rio Tinto (PB),..,Quilogramas por Hectare,-,Quilogramas por Hectare
MU,2513000,Salgadinho (PB),..,Quilogramas por Hectare,-,Quilogramas por Hectare
MU,2513109,Salgado de São Félix (PB),..,Quilogramas por Hectare,-,Quilogramas por Hectare
MU,2513158,Santa Cecília (PB),..,Quilogramas por Hectare,-,Quilogramas por Hectare
MU,2513208,Santa Cruz (PB),..,Quilogramas por Hectare,-,Quilogramas por Hectare
MU,2513307,Santa Helena (PB),..,Quilogramas por Hectare,-,Quilogramas por Hectare
MU,2513356,Santa Inês (PB),..,Quilogramas por Hectare,...,Quilogramas por Hectare
MU,2513406,Santa Luzia (PB),..,Quilogramas por Hectare,-,Quilogramas por Hectare
MU,2513505,Santana de Mangueira (PB),..,Quilogramas por Hectare,-,Quilogramas por Hectare
MU,2513604,Santana dos Garrotes (PB),..,Quilogramas por Hectare,...,Quilogramas por Hectare
MU,2513653,Joca Claudino (PB),..,Quilogramas por Hectare,...,Quilogramas por Hectare
MU,2513703,Santa Rita (PB),..,Quilogramas por Hectare,-,Quilogramas por Hectare
MU,2513802,Santa Teresinha (PB),..,Quilogramas por Hectare,-,Quilogramas por Hectare
MU,2513851,Santo André (PB),..,Quilogramas por Hectare,-,Quilogramas por Hectare
MU,2513901,São Bento (PB),..,Quilogramas por Hectare,-,Quilogramas por Hectare
MU,2513927,São Bentinho (PB),..,Quilogramas por Hectare,...,Quilogramas por Hectare
MU,2513943,São Domingos do Cariri (PB),..,Quilogramas por Hectare,-,Quilogramas por Hectare
MU,2513968,São Domingos (PB),..,Quilogramas por Hectare,...,Quilogramas por Hectare
MU,2513984,São Francisco (PB),..,Quilogramas por Hectare,-,Quilogramas por Hectare
MU,2514008,São João do Cariri (PB),..,Quilogramas por Hectare,-,Quilogramas por Hectare
MU,2514107,São João do Tigre (PB),..,Quilogramas por Hectare,...,Quilogramas por Hectare
MU,2514206,São José da Lagoa Tapada (PB),..,Quilogramas por Hectare,-,Quilogramas por Hectare
MU,2514305,São José de Caiana (PB),..,Quilogramas por Hectare,...,Quilogramas por Hectare
MU,2514404,São José de Espinharas (PB),..,Quilogramas por Hectare,-,Quilogramas por Hectare
MU,2514453,São José dos Ramos (PB),..,Quilogramas por Hectare,-,Quilogramas por Hectare
MU,2514503,São José de Piranhas (PB),..,Quilogramas por Hectare,-,Quilogramas por Hectare
MU,2514552,São José de Princesa (PB),..,Quilogramas por Hectare,-,Quilogramas por Hectare
MU,2514602,São José do Bonfim (PB),..,Quilogramas por Hectare,-,Quilogramas por Hectare
MU,2514651,São José do Brejo do Cruz (PB),..,Quilogramas por Hectare,...,Quilogramas por Hectare
MU,2514701,São José do Sabugi (PB),..,Quilogramas por Hectare,-,Quilogramas por Hectare
MU,2514800,São José dos Cordeiros (PB),..,Quilogramas por Hectare,-,Quilogramas por Hectare
MU,2514909,São Mamede (PB),..,Quilogramas por Hectare,-,Quilogramas por Hectare
MU,2515005,São Miguel de Taipu (PB),..,Quilogramas por Hectare,-,Quilogramas por Hectare
MU,2515104,São Sebastião de Lagoa de Roça (PB),..,Quilogramas por Hectare,-,Quilogramas por Hectare
MU,2515203,São Sebastião do Umbuzeiro (PB),..,Quilogramas por Hectare,-,Quilogramas por Hectare
MU,2515302,Sapé (PB),..,Quilogramas por Hectare,-,Quilogramas por Hectare
MU,2515401,São Vicente do Seridó (PB),..,Quilogramas por Hectare,-,Quilogramas por Hectare
MU,2515500,Serra Branca (PB),..,Quilogramas por Hectare,-,Quilogramas por Hectare
MU,2515609,Serra da Raiz (PB),..,Quilogramas por Hectare,-,Quilogramas por Hectare
MU,2515708,Serra Grande (PB),..,Quilogramas por Hectare,...,Quilogramas por Hectare
MU,2515807,Serra Redonda (PB),..,Quilogramas por Hectare,-,Quilogramas por Hectare
MU,2515906,Serraria (PB),..,Quilogramas por Hectare,-,Quilogramas por Hectare
MU,2515930,Sertãozinho (PB),..,Quilogramas por Hectare,-,Quilogramas por Hectare
MU,2515971,Sobrado (PB),..,Quilogramas por Hectare,-,Quilogramas por Hectare
MU,2516003,Solânea (PB),..,Quilogramas por Hectare,-,Quilogramas por Hectare
MU,2516102,Soledade (PB),..,Quilogramas por Hectare,-,Quilogramas por Hectare
MU,2516151,Sossêgo (PB),..,Quilogramas por Hectare,-,Quilogramas por Hectare
MU,2516201,Sousa (PB),..,Quilogramas por Hectare,-,Quilogramas por Hectare
MU,2516300,Sumé (PB),..,Quilogramas por Hectare,-,Quilogramas por Hectare
MU,2516409,Tacima (PB),..,Quilogramas por Hectare,-,Quilogramas por Hectare
MU,2516508,Taperoá (PB),..,Quilogramas por Hectare,-,Quilogramas por Hectare
MU,2516607,Tavares (PB),..,Quilogramas por Hectare,-,Quilogramas por Hectare
MU,2516706,Teixeira (PB),..,Quilogramas por Hectare,-,Quilogramas por Hectare
MU,2516755,Tenório (PB),..,Quilogramas por Hectare,-,Quilogramas por Hectare
MU,2516805,Triunfo (PB),..,Quilogramas por Hectare,...,Quilogramas por Hectare
MU,2516904,Uiraúna (PB),..,Quilogramas por Hectare,-,Quilogramas por Hectare
MU,2517001,Umbuzeiro (PB),..,Quilogramas por Hectare,-,Quilogramas por Hectare
MU,2517100,Várzea (PB),..,Quilogramas por Hectare,...,Quilogramas por Hectare
MU,2517209,Vieirópolis (PB),..,Quilogramas por Hectare,...,Quilogramas por Hectare
MU,2517407,Zabelê (PB),..,Quilogramas por Hectare,-,Quilogramas por Hectare
MU,2600054,Abreu e Lima (PE),..,Quilogramas por Hectare,-,Quilogramas por Hectare
MU,2600104,Afogados da Ingazeira (PE),..,Quilogramas por Hectare,-,Quilogramas por Hectare
MU,2600203,Afrânio (PE),..,Quilogramas por Hectare,...,Quilogramas por Hectare
MU,2600302,Agrestina (PE),..,Quilogramas por Hectare,-,Quilogramas por Hectare
MU,2600401,Água Preta (PE),..,Quilogramas por Hectare,-,Quilogramas por Hectare
MU,2600500,Águas Belas (PE),..,Quilogramas por Hectare,-,Quilogramas por Hectare
MU,2600609,Alagoinha (PE),..,Quilogramas por Hectare,...,Quilogramas por Hectare
MU,2600708,Aliança (PE),..,Quilogramas por Hectare,-,Quilogramas por Hectare
MU,2600807,Altinho (PE),..,Quilogramas por Hectare,-,Quilogramas por Hectare
MU,2600906,Amaraji (PE),..,Quilogramas por Hectare,-,Quilogramas por Hectare
MU,2601003,Angelim (PE),..,Quilogramas por Hectare,-,Quilogramas por Hectare
MU,2601052,Araçoiaba (PE),..,Quilogramas por Hectare,-,Quilogramas por Hectare
MU,2601102,Araripina (PE),..,Quilogramas por Hectare,-,Quilogramas por Hectare
MU,2601201,Arcoverde (PE),..,Quilogramas por Hectare,...,Quilogramas por Hectare
MU,2601300,Barra de Guabiraba (PE),..,Quilogramas por Hectare,-,Quilogramas por Hectare
MU,2601409,Barreiros (PE),..,Quilogramas por Hectare,-,Quilogramas por Hectare
MU,2601508,Belém de Maria (PE),..,Quilogramas por Hectare,-,Quilogramas por Hectare
MU,2601607,Belém do São Francisco (PE),..,Quilogramas por Hectare,-,Quilogramas por Hectare
MU,2601706,Belo Jardim (PE),..,Quilogramas por Hectare,-,Quilogramas por Hectare
MU,2601805,Betânia (PE),..,Quilogramas por Hectare,-,Quilogramas por Hectare
MU,2601904,Bezerros (PE),..,Quilogramas por Hectare,-,Quilogramas por Hectare
MU,2602001,Bodocó (PE),..,Quilogramas por Hectare,...,Quilogramas por Hectare
MU,2602100,Bom Conselho (PE),..,Quilogramas por Hectare,-,Quilogramas por Hectare
MU,2602209,Bom Jardim (PE),..,Quilogramas por Hectare,-,Quilogramas por Hectare
MU,2602308,Bonito (PE),..,Quilogramas por Hectare,-,Quilogramas por Hectare
MU,2602407,Brejão (PE),..,Quilogramas por Hectare,-,Quilogramas por Hectare
MU,2602506,Brejinho (PE),..,Quilogramas por Hectare,-,Quilogramas por Hectare
MU,2602605,Brejo da Madre de Deus (PE),..,Quilogramas por Hectare,-,Quilogramas por Hectare
MU,2602704,Buenos Aires (PE),..,Quilogramas por Hectare,-,Quilogramas por Hectare
MU,2602803,Buíque (PE),..,Quilogramas por Hectare,-,Quilogramas por Hectare
MU,2602902,Cabo de Santo Agostinho (PE),..,Quilogramas por Hectare,-,Quilogramas por Hectare
MU,2603009,Cabrobó (PE),..,Quilogramas por Hectare,-,Quilogramas por Hectare
MU,2603108,Cachoeirinha (PE),..,Quilogramas por Hectare,...,Quilogramas por Hectare
MU,2603207,Caetés (PE),..,Quilogramas por Hectare,...,Quilogramas por Hectare
MU,2603306,Calçado (PE),..,Quilogramas por Hectare,-,Quilogramas por Hectare
MU,2603405,Calumbi (PE),..,Quilogramas por Hectare,-,Quilogramas por Hectare
MU,2603454,Camaragibe (PE),..,Quilogramas por Hectare,-,Quilogramas por Hectare
MU,2603504,Camocim de São Félix (PE),..,Quilogramas por Hectare,-,Quilogramas por Hectare
MU,2603603,Camutanga (PE),..,Quilogramas por Hectare,-,Quilogramas por Hectare
MU,2603702,Canhotinho (PE),..,Quilogramas por Hectare,-,Quilogramas por Hectare
MU,2603801,Capoeiras (PE),..,Quilogramas por Hectare,...,Quilogramas por Hectare
MU,2603900,Carnaíba (PE),..,Quilogramas por Hectare,-,Quilogramas por Hectare
MU,2603926,Carnaubeira da Penha (PE),..,Quilogramas por Hectare,-,Quilogramas por Hectare
MU,2604007,Carpina (PE),..,Quilogramas por Hectare,-,Quilogramas por Hectare
MU,2604106,Caruaru (PE),..,Quilogramas por Hectare,-,Quilogramas por Hectare
MU,2604155,Casinhas (PE),..,Quilogramas por Hectare,...,Quilogramas por Hectare
MU,2604205,Catende (PE),..,Quilogramas por Hectare,-,Quilogramas por Hectare
MU,2604304,Cedro (PE),..,Quilogramas por Hectare,-,Quilogramas por Hectare
MU,2604403,Chã de Alegria (PE),..,Quilogramas por Hectare,...,Quilogramas por Hectare
MU,2604502,Chã Grande (PE),..,Quilogramas por Hectare,-,Quilogramas por Hectare
MU,2604601,Condado (PE),..,Quilogramas por Hectare,-,Quilogramas por Hectare
MU,2604700,Correntes (PE),..,Quilogramas por Hectare,-,Quilogramas por Hectare
MU,2604809,Cortês (PE),..,Quilogramas por Hectare,-,Quilogramas por Hectare
MU,2604908,Cumaru (PE),..,Quilogramas por Hectare,...,Quilogramas por Hectare
MU,2605004,Cupira (PE),..,Quilogramas por Hectare,...,Quilogramas por Hectare
MU,2605103,Custódia (PE),..,Quilogramas por Hectare,...,Quilogramas por Hectare
MU,2605152,Dormentes (PE),..,Quilogramas por Hectare,...,Quilogramas por Hectare
MU,2605202,Escada (PE),..,Quilogramas por Hectare,-,Quilogramas por Hectare
MU,2605301,Exu (PE),..,Quilogramas por Hectare,-,Quilogramas por Hectare
MU,2605400,Feira Nova (PE),..,Quilogramas por Hectare,-,Quilogramas por Hectare
MU,2605509,Ferreiros (PE),..,Quilogramas por Hectare,-,Quilogramas por Hectare
MU,2605608,Flores (PE),..,Quilogramas por Hectare,-,Quilogramas por Hectare
MU,2605707,Floresta (PE),..,Quilogramas por Hectare,-,Quilogramas por Hectare
MU,2605806,Frei Miguelinho (PE),..,Quilogramas por Hectare,...,Quilogramas por Hectare
MU,2605905,Gameleira (PE),..,Quilogramas por Hectare,-,Quilogramas por Hectare
MU,2606002,Garanhuns (PE),..,Quilogramas por Hectare,-,Quilogramas por Hectare
MU,2606101,Glória do Goitá (PE),..,Quilogramas por Hectare,-,Quilogramas por Hectare
MU,2606200,Goiana (PE),..,Quilogramas por Hectare,-,Quilogramas por Hectare
MU,2606309,Granito (PE),..,Quilogramas por Hectare,...,Quilogramas por Hectare
MU,2606408,Gravatá (PE),..,Quilogramas por Hectare,-,Quilogramas por Hectare
MU,2606507,Iati (PE),..,Quilogramas por Hectare,-,Quilogramas por Hectare
MU,2606606,Ibimirim (PE),..,Quilogramas por Hectare,-,Quilogramas por Hectare
MU,2606705,Ibirajuba (PE),..,Quilogramas por Hectare,...,Quilogramas por Hectare
MU,2606804,Igarassu (PE),..,Quilogramas por Hectare,-,Quilogramas por Hectare
MU,2606903,Iguaracy (PE),..,Quilogramas por Hectare,-,Quilogramas por Hectare
MU,2607000,Inajá (PE),..,Quilogramas por Hectare,-,Quilogramas por Hectare
MU,2607109,Ingazeira (PE),..,Quilogramas por Hectare,-,Quilogramas por Hectare
MU,2607208,Ipojuca (PE),..,Quilogramas por Hectare,-,Quilogramas por Hectare
MU,2607307,Ipubi (PE),..,Quilogramas por Hectare,-,Quilogramas por Hectare
MU,2607406,Itacuruba (PE),..,Quilogramas por Hectare,-,Quilogramas por Hectare
MU,2607505,Itaíba (PE),..,Quilogramas por Hectare,...,Quilogramas por Hectare
MU,2607604,Ilha de Itamaracá (PE),..,Quilogramas por Hectare,...,Quilogramas por Hectare
MU,2607653,Itambé (PE),..,Quilogramas por Hectare,-,Quilogramas por Hectare
MU,2607703,Itapetim (PE),..,Quilogramas por Hectare,-,Quilogramas por Hectare
MU,2607752,Itapissuma (PE),..,Quilogramas por Hectare,-,Quilogramas por Hectare
MU,2607802,Itaquitinga (PE),..,Quilogramas por Hectare,-,Quilogramas por Hectare
MU,2607901,Jaboatão dos Guararapes (PE),..,Quilogramas por Hectare,-,Quilogramas por Hectare
MU,2607950,Jaqueira (PE),..,Quilogramas por Hectare,-,Quilogramas por Hectare
MU,2608008,Jataúba (PE),..,Quilogramas por Hectare,...,Quilogramas por Hectare
MU,2608057,Jatobá (PE),..,Quilogramas por Hectare,-,Quilogramas por Hectare
MU,2608107,João Alfredo (PE),..,Quilogramas por Hectare,-,Quilogramas por Hectare
MU,2608206,Joaquim Nabuco (PE),..,Quilogramas por Hectare,-,Quilogramas por Hectare
MU,2608255,Jucati (PE),..,Quilogramas por Hectare,-,Quilogramas por Hectare
MU,2608305,Jupi (PE),..,Quilogramas por Hectare,-,Quilogramas por Hectare
MU,2608404,Jurema (PE),..,Quilogramas por Hectare,...,Quilogramas por Hectare
MU,2608453,Lagoa do Carro (PE),..,Quilogramas por Hectare,-,Quilogramas por Hectare
MU,2608503,Lagoa de Itaenga (PE),..,Quilogramas por Hectare,-,Quilogramas por Hectare
MU,2608602,Lagoa do Ouro (PE),..,Quilogramas por Hectare,-,Quilogramas por Hectare
MU,2608701,Lagoa dos Gatos (PE),..,Quilogramas por Hectare,-,Quilogramas por Hectare
MU,2608750,Lagoa Grande (PE),..,Quilogramas por Hectare,-,Quilogramas por Hectare
MU,2608800,Lajedo (PE),..,Quilogramas por Hectare,...,Quilogramas por Hectare
MU,2608909,Limoeiro (PE),..,Quilogramas por Hectare,-,Quilogramas por Hectare
MU,2609006,Macaparana (PE),..,Quilogramas por Hectare,-,Quilogramas por Hectare
MU,2609105,Machados (PE),..,Quilogramas por Hectare,-,Quilogramas por Hectare
MU,2609154,Manari (PE),..,Quilogramas por Hectare,...,Quilogramas por Hectare
MU,2609204,Maraial (PE),..,Quilogramas por Hectare,4500,Quilogramas por Hectare
MU,2609303,Mirandiba (PE),..,Quilogramas por Hectare,-,Quilogramas por Hectare
MU,2609402,Moreno (PE),..,Quilogramas por Hectare,-,Quilogramas por Hectare
MU,2609501,Nazaré da Mata (PE),..,Quilogramas por Hectare,-,Quilogramas por Hectare
MU,2609600,Olinda (PE),..,Quilogramas por Hectare,...,Quilogramas por Hectare
MU,2609709,Orobó (PE),..,Quilogramas por Hectare,-,Quilogramas por Hectare
MU,2609808,Orocó (PE),..,Quilogramas por Hectare,-,Quilogramas por Hectare
MU,2609907,Ouricuri (PE),..,Quilogramas por Hectare,-,Quilogramas por Hectare
MU,2610004,Palmares (PE),..,Quilogramas por Hectare,-,Quilogramas por Hectare
MU,2610103,Palmeirina (PE),..,Quilogramas por Hectare,-,Quilogramas por Hectare
MU,2610202,Panelas (PE),..,Quilogramas por Hectare,-,Quilogramas por Hectare
MU,2610301,Paranatama (PE),..,Quilogramas por Hectare,-,Quilogramas por Hectare
MU,2610400,Parnamirim (PE),..,Quilogramas por Hectare,-,Quilogramas por Hectare
MU,2610509,Passira (PE),..,Quilogramas por Hectare,-,Quilogramas por Hectare
MU,2610608,Paudalho (PE),..,Quilogramas por Hectare,-,Quilogramas por Hectare
MU,2610707,Paulista (PE),..,Quilogramas por Hectare,...,Quilogramas por Hectare
MU,2610806,Pedra (PE),..,Quilogramas por Hectare,-,Quilogramas por Hectare
MU,2610905,Pesqueira (PE),..,Quilogramas por Hectare,...,Quilogramas por Hectare
MU,2611002,Petrolândia (PE),..,Quilogramas por Hectare,-,Quilogramas por Hectare
MU,2611101,Petrolina (PE),..,Quilogramas por Hectare,-,Quilogramas por Hectare
MU,2611200,Poção (PE),..,Quilogramas por Hectare,...,Quilogramas por Hectare
MU,2611309,Pombos (PE),..,Quilogramas por Hectare,-,Quilogramas por Hectare
MU,2611408,Primavera (PE),..,Quilogramas por Hectare,-,Quilogramas por Hectare
MU,2611507,Quipapá (PE),..,Quilogramas por Hectare,-,Quilogramas por Hectare
MU,2611533,Quixaba (PE),..,Quilogramas por Hectare,-,Quilogramas por Hectare
MU,2611606,Recife (PE),..,Quilogramas por Hectare,...,Quilogramas por Hectare
MU,2611705,Riacho das Almas (PE),..,Quilogramas por Hectare,-,Quilogramas por Hectare
MU,2611804,Ribeirão (PE),..,Quilogramas por Hectare,-,Quilogramas por Hectare
MU,2611903,Rio Formoso (PE),..,Quilogramas por Hectare,-,Quilogramas por Hectare
MU,2612000,Sairé (PE),..,Quilogramas por Hectare,-,Quilogramas por Hectare
MU,2612109,Salgadinho (PE),..,Quilogramas por Hectare,...,Quilogramas por Hectare
MU,2612208,Salgueiro (PE),..,Quilogramas por Hectare,-,Quilogramas por Hectare
MU,2612307,Saloá (PE),..,Quilogramas por Hectare,-,Quilogramas por Hectare
MU,2612406,Sanharó (PE),..,Quilogramas por Hectare,...,Quilogramas por Hectare
MU,2612455,Santa Cruz (PE),..,Quilogramas por Hectare,...,Quilogramas por Hectare
MU,2612471,Santa Cruz da Baixa Verde (PE),..,Quilogramas por Hectare,-,Quilogramas por Hectare
MU,2612505,Santa Cruz do Capibaribe (PE),..,Quilogramas por Hectare,-,Quilogramas por Hectare
MU,2612554,Santa Filomena (PE),..,Quilogramas por Hectare,-,Quilogramas por Hectare
MU,2612604,Santa Maria da Boa Vista (PE),..,Quilogramas por Hectare,-,Quilogramas por Hectare
MU,2612703,Santa Maria do Cambucá (PE),..,Quilogramas por Hectare,...,Quilogramas por Hectare
MU,2612802,Santa Terezinha (PE),..,Quilogramas por Hectare,-,Quilogramas por Hectare
MU,2612901,São Benedito do Sul (PE),..,Quilogramas por Hectare,-,Quilogramas por Hectare
MU,2613008,São Bento do Una (PE),..,Quilogramas por Hectare,...,Quilogramas por Hectare
MU,2613107,São Caitano (PE),..,Quilogramas por Hectare,-,Quilogramas por Hectare
MU,2613206,São João (PE),..,Quilogramas por Hectare,-,Quilogramas por Hectare
MU,2613305,São Joaquim do Monte (PE),..,Quilogramas por Hectare,-,Quilogramas por Hectare
MU,2613404,São José da Coroa Grande (PE),..,Quilogramas por Hectare,-,Quilogramas por Hectare
MU,2613503,São José do Belmonte (PE),..,Quilogramas por Hectare,-,Quilogramas por Hectare
MU,2613602,São José do Egito (PE),..,Quilogramas por Hectare,-,Quilogramas por Hectare
MU,2613701,São Lourenço da Mata (PE),..,Quilogramas por Hectare,-,Quilogramas por Hectare
MU,2613800,São Vicente Férrer (PE),..,Quilogramas por Hectare,-,Quilogramas por Hectare
MU,2613909,Serra Talhada (PE),..,Quilogramas por Hectare,-,Quilogramas por Hectare
MU,2614006,Serrita (PE),..,Quilogramas por Hectare,-,Quilogramas por Hectare
MU,2614105,Sertânia (PE),..,Quilogramas por Hectare,-,Quilogramas por Hectare
MU,2614204,Sirinhaém (PE),..,Quilogramas por Hectare,-,Quilogramas por Hectare
MU,2614303,Moreilândia (PE),..,Quilogramas por Hectare,-,Quilogramas por Hectare
MU,2614402,Solidão (PE),..,Quilogramas por Hectare,-,Quilogramas por Hectare
MU,2614501,Surubim (PE),..,Quilogramas por Hectare,...,Quilogramas por Hectare
MU,2614600,Tabira (PE),..,Quilogramas por Hectare,-,Quilogramas por Hectare
MU,2614709,Tacaimbó (PE),..,Quilogramas por Hectare,-,Quilogramas por Hectare
MU,2614808,Tacaratu (PE),..,Quilogramas por Hectare,-,Quilogramas por Hectare
MU,2614857,Tamandaré (PE),..,Quilogramas por Hectare,-,Quilogramas por Hectare
MU,2615003,Taquaritinga do Norte (PE),..,Quilogramas por Hectare,-,Quilogramas por Hectare
MU,2615102,Terezinha (PE),..,Quilogramas por Hectare,...,Quilogramas por Hectare
MU,2615201,Terra Nova (PE),..,Quilogramas por Hectare,-,Quilogramas por Hectare
MU,2615300,Timbaúba (PE),..,Quilogramas por Hectare,-,Quilogramas por Hectare
MU,2615409,Toritama (PE),..,Quilogramas por Hectare,...,Quilogramas por Hectare
MU,2615508,Tracunhaém (PE),..,Quilogramas por Hectare,-,Quilogramas por Hectare
MU,2615607,Trindade (PE),..,Quilogramas por Hectare,...,Quilogramas por Hectare
MU,2615706,Triunfo (PE),..,Quilogramas por Hectare,-,Quilogramas por Hectare
MU,2615805,Tupanatinga (PE),..,Quilogramas por Hectare,-,Quilogramas por Hectare
MU,2615904,Tuparetama (PE),..,Quilogramas por Hectare,-,Quilogramas por Hectare
MU,2616001,Venturosa (PE),..,Quilogramas por Hectare,...,Quilogramas por Hectare
MU,2616100,Verdejante (PE),..,Quilogramas por Hectare,-,Quilogramas por Hectare
MU,2616183,Vertente do Lério (PE),..,Quilogramas por Hectare,...,Quilogramas por Hectare
MU,2616209,Vertentes (PE),..,Quilogramas por Hectare,-,Quilogramas por Hectare
MU,2616308,Vicência (PE),..,Quilogramas por Hectare,-,Quilogramas por Hectare
MU,2616407,Vitória de Santo Antão (PE),..,Quilogramas por Hectare,-,Quilogramas por Hectare
MU,2616506,Xexéu (PE),..,Quilogramas por Hectare,-,Quilogramas por Hectare
MU,2700102,Água Branca (AL),..,Quilogramas por Hectare,-,Quilogramas por Hectare
MU,2700201,Anadia (AL),..,Quilogramas por Hectare,-,Quilogramas por Hectare
MU,2700300,Arapiraca (AL),..,Quilogramas por Hectare,-,Quilogramas por Hectare
MU,2700409,Atalaia (AL),..,Quilogramas por Hectare,1500,Quilogramas por Hectare
MU,2700508,Barra de Santo Antônio (AL),..,Quilogramas por Hectare,-,Quilogramas por Hectare
MU,2700607,Barra de São Miguel (AL),..,Quilogramas por Hectare,-,Quilogramas por Hectare
MU,2700805,Belém (AL),..,Quilogramas por Hectare,-,Quilogramas por Hectare
MU,2700904,Belo Monte (AL),..,Quilogramas por Hectare,-,Quilogramas por Hectare
MU,2701001,Boca da Mata (AL),..,Quilogramas por Hectare,1688,Quilogramas por Hectare
MU,2701100,Branquinha (AL),..,Quilogramas por Hectare,-,Quilogramas por Hectare
MU,2701209,Cacimbinhas (AL),..,Quilogramas por Hectare,-,Quilogramas por Hectare
MU,2701308,Cajueiro (AL),..,Quilogramas por Hectare,-,Quilogramas por Hectare
MU,2701357,Campestre (AL),..,Quilogramas por Hectare,-,Quilogramas por Hectare
MU,2701407,Campo Alegre (AL),..,Quilogramas por Hectare,-,Quilogramas por Hectare
MU,2701506,Campo Grande (AL),..,Quilogramas por Hectare,-,Quilogramas por Hectare
MU,2701605,Canapi (AL),..,Quilogramas por Hectare,-,Quilogramas por Hectare
MU,2701704,Capela (AL),..,Quilogramas por Hectare,-,Quilogramas por Hectare
MU,2701803,Carneiros (AL),..,Quilogramas por Hectare,-,Quilogramas por Hectare
MU,2701902,Chã Preta (AL),..,Quilogramas por Hectare,-,Quilogramas por Hectare
MU,2702009,Coité do Nóia (AL),..,Quilogramas por Hectare,-,Quilogramas por Hectare
MU,2702108,Colônia Leopoldina (AL),..,Quilogramas por Hectare,-,Quilogramas por Hectare
MU,2702207,Coqueiro Seco (AL),..,Quilogramas por Hectare,-,Quilogramas por Hectare
MU,2702306,Coruripe (AL),..,Quilogramas por Hectare,-,Quilogramas por Hectare
MU,2702355,Craíbas (AL),..,Quilogramas por Hectare,-,Quilogramas por Hectare
MU,2702405,Delmiro Gouveia (AL),..,Quilogramas por Hectare,-,Quilogramas por Hectare
MU,2702504,Dois Riachos (AL),..,Quilogramas por Hectare,-,Quilogramas por Hectare
MU,2702553,Estrela de Alagoas (AL),..,Quilogramas por Hectare,-,Quilogramas por Hectare
MU,2702603,Feira Grande (AL),..,Quilogramas por Hectare,-,Quilogramas por Hectare
MU,2702702,Feliz Deserto (AL),..,Quilogramas por Hectare,-,Quilogramas por Hectare
MU,2702801,Flexeiras (AL),..,Quilogramas por Hectare,-,Quilogramas por Hectare
MU,2702900,Girau do Ponciano (AL),..,Quilogramas por Hectare,-,Quilogramas por Hectare
MU,2703007,Ibateguara (AL),..,Quilogramas por Hectare,-,Quilogramas por Hectare
MU,2703106,Igaci (AL),..,Quilogramas por Hectare,-,Quilogramas por Hectare
MU,2703205,Igreja Nova (AL),..,Quilogramas por Hectare,-,Quilogramas por Hectare
MU,2703304,Inhapi (AL),..,Quilogramas por Hectare,-,Quilogramas por Hectare
MU,2703403,Jacaré dos Homens (AL),..,Quilogramas por Hectare,-,Quilogramas por Hectare
MU,2703502,Jacuípe (AL),..,Quilogramas por Hectare,-,Quilogramas por Hectare
MU,2703601,Japaratinga (AL),..,Quilogramas por Hectare,2125,Quilogramas por Hectare
MU,2703700,Jaramataia (AL),..,Quilogramas por Hectare,-,Quilogramas por Hectare
MU,2703759,Jequiá da Praia (AL),..,Quilogramas por Hectare,-,Quilogramas por Hectare
MU,2703809,Joaquim Gomes (AL),..,Quilogramas por Hectare,-,Quilogramas por Hectare
MU,2703908,Jundiá (AL),..,Quilogramas por Hectare,-,Quilogramas por Hectare
MU,2704005,Junqueiro (AL),..,Quilogramas por Hectare,-,Quilogramas por Hectare
MU,2704104,Lagoa da Canoa (AL),..,Quilogramas por Hectare,...,Quilogramas por Hectare
MU,2704203,Limoeiro de Anadia (AL),..,Quilogramas por Hectare,-,Quilogramas por Hectare
MU,2704302,Maceió (AL),..,Quilogramas por Hectare,-,Quilogramas por Hectare
MU,2704401,Major Isidoro (AL),..,Quilogramas por Hectare,-,Quilogramas por Hectare
MU,2704500,Maragogi (AL),..,Quilogramas por Hectare,1600,Quilogramas por Hectare
MU,2704609,Maravilha (AL),..,Quilogramas por Hectare,-,Quilogramas por Hectare
MU,2704708,Marechal Deodoro (AL),..,Quilogramas por Hectare,-,Quilogramas por Hectare
MU,2704807,Maribondo (AL),..,Quilogramas por Hectare,-,Quilogramas por Hectare
MU,2704906,Mar Vermelho (AL),..,Quilogramas por Hectare,-,Quilogramas por Hectare
MU,2705002,Mata Grande (AL),..,Quilogramas por Hectare,-,Quilogramas por Hectare
MU,2705101,Matriz de Camaragibe (AL),..,Quilogramas por Hectare,-,Quilogramas por Hectare
MU,2705200,Messias (AL),..,Quilogramas por Hectare,-,Quilogramas por Hectare
MU,2705309,Minador do Negrão (AL),..,Quilogramas por Hectare,-,Quilogramas por Hectare
MU,2705408,Monteirópolis (AL),..,Quilogramas por Hectare,-,Quilogramas por Hectare
MU,2705507,Murici (AL),..,Quilogramas por Hectare,-,Quilogramas por Hectare
MU,2705606,Novo Lino (AL),..,Quilogramas por Hectare,-,Quilogramas por Hectare
MU,2705705,Olho d'Água das Flores (AL),..,Quilogramas por Hectare,-,Quilogramas por Hectare
MU,2705804,Olho d'Água do Casado (AL),..,Quilogramas por Hectare,-,Quilogramas por Hectare
MU,2705903,Olho d'Água Grande (AL),..,Quilogramas por Hectare,-,Quilogramas por Hectare
MU,2706000,Olivença (AL),..,Quilogramas por Hectare,-,Quilogramas por Hectare
MU,2706109,Ouro Branco (AL),..,Quilogramas por Hectare,-,Quilogramas por Hectare
MU,2706208,Palestina (AL),..,Quilogramas por Hectare,-,Quilogramas por Hectare
MU,2706307,Palmeira dos Índios (AL),..,Quilogramas por Hectare,-,Quilogramas por Hectare
MU,2706406,Pão de Açúcar (AL),..,Quilogramas por Hectare,-,Quilogramas por Hectare
MU,2706422,Pariconha (AL),..,Quilogramas por Hectare,-,Quilogramas por Hectare
MU,2706448,Paripueira (AL),..,Quilogramas por Hectare,3000,Quilogramas por Hectare
MU,2706505,Passo de Camaragibe (AL),..,Quilogramas por Hectare,-,Quilogramas por Hectare
MU,2706604,Paulo Jacinto (AL),..,Quilogramas por Hectare,-,Quilogramas por Hectare
MU,2706703,Penedo (AL),..,Quilogramas por Hectare,-,Quilogramas por Hectare
MU,2706802,Piaçabuçu (AL),..,Quilogramas por Hectare,-,Quilogramas por Hectare
MU,2706901,Pilar (AL),..,Quilogramas por Hectare,1625,Quilogramas por Hectare
MU,2707008,Pindoba (AL),..,Quilogramas por Hectare,-,Quilogramas por Hectare
MU,2707107,Piranhas (AL),..,Quilogramas por Hectare,-,Quilogramas por Hectare
MU,2707206,Poço das Trincheiras (AL),..,Quilogramas por Hectare,-,Quilogramas por Hectare
MU,2707305,Porto Calvo (AL),..,Quilogramas por Hectare,-,Quilogramas por Hectare
MU,2707404,Porto de Pedras (AL),..,Quilogramas por Hectare,-,Quilogramas por Hectare
MU,2707503,Porto Real do Colégio (AL),..,Quilogramas por Hectare,-,Quilogramas por Hectare
MU,2707602,Quebrangulo (AL),..,Quilogramas por Hectare,-,Quilogramas por Hectare
MU,2707701,Rio Largo (AL),..,Quilogramas por Hectare,-,Quilogramas por Hectare
MU,2707800,Roteiro (AL),..,Quilogramas por Hectare,-,Quilogramas por Hectare
MU,2707909,Santa Luzia do Norte (AL),..,Quilogramas por Hectare,-,Quilogramas por Hectare
MU,2708006,Santana do Ipanema (AL),..,Quilogramas por Hectare,-,Quilogramas por Hectare
MU,2708105,Santana do Mundaú (AL),..,Quilogramas por Hectare,-,Quilogramas por Hectare
MU,2708204,São Brás (AL),..,Quilogramas por Hectare,-,Quilogramas por Hectare
MU,2708303,São José da Laje (AL),..,Quilogramas por Hectare,-,Quilogramas por Hectare
MU,2708402,São José da Tapera (AL),..,Quilogramas por Hectare,-,Quilogramas por Hectare
MU,2708501,São Luís do Quitunde (AL),..,Quilogramas por Hectare,-,Quilogramas por Hectare
MU,2708600,São Miguel dos Campos (AL),..,Quilogramas por Hectare,-,Quilogramas por Hectare
MU,2708709,São Miguel dos Milagres (AL),..,Quilogramas por Hectare,-,Quilogramas por Hectare
MU,2708808,São Sebastião (AL),..,Quilogramas por Hectare,-,Quilogramas por Hectare
MU,2708907,Satuba (AL),..,Quilogramas por Hectare,-,Quilogramas por Hectare
MU,2708956,Senador Rui Palmeira (AL),..,Quilogramas por Hectare,-,Quilogramas por Hectare
MU,2709004,Tanque d'Arca (AL),..,Quilogramas por Hectare,-,Quilogramas por Hectare
MU,2709103,Taquarana (AL),..,Quilogramas por Hectare,-,Quilogramas por Hectare
MU,2709152,Teotônio Vilela (AL),..,Quilogramas por Hectare,-,Quilogramas por Hectare
MU,2709202,Traipu (AL),..,Quilogramas por Hectare,...,Quilogramas por Hectare
MU,2709301,União dos Palmares (AL),..,Quilogramas por Hectare,-,Quilogramas por Hectare
MU,2709400,Viçosa (AL),..,Quilogramas por Hectare,-,Quilogramas por Hectare
MU,2800100,Amparo do São Francisco (SE),..,Quilogramas por Hectare,-,Quilogramas por Hectare
MU,2800209,Aquidabã (SE),..,Quilogramas por Hectare,-,Quilogramas por Hectare
MU,2800308,Aracaju (SE),..,Quilogramas por Hectare,-,Quilogramas por Hectare
MU,2800407,Arauá (SE),..,Quilogramas por Hectare,-,Quilogramas por Hectare
MU,2800506,Areia Branca (SE),..,Quilogramas por Hectare,-,Quilogramas por Hectare
MU,2800605,Barra dos Coqueiros (SE),..,Quilogramas por Hectare,-,Quilogramas por Hectare
MU,2800670,Boquim (SE),..,Quilogramas por Hectare,-,Quilogramas por Hectare
MU,2800704,Brejo Grande (SE),..,Quilogramas por Hectare,-,Quilogramas por Hectare
MU,2801009,Campo do Brito (SE),..,Quilogramas por Hectare,-,Quilogramas por Hectare
MU,2801108,Canhoba (SE),..,Quilogramas por Hectare,-,Quilogramas por Hectare
MU,2801207,Canindé de São Francisco (SE),..,Quilogramas por Hectare,-,Quilogramas por Hectare
MU,2801306,Capela (SE),..,Quilogramas por Hectare,-,Quilogramas por Hectare
MU,2801405,Carira (SE),..,Quilogramas por Hectare,...,Quilogramas por Hectare
MU,2801504,Carmópolis (SE),..,Quilogramas por Hectare,-,Quilogramas por Hectare
MU,2801603,Cedro de São João (SE),..,Quilogramas por Hectare,-,Quilogramas por Hectare
MU,2801702,Cristinápolis (SE),..,Quilogramas por Hectare,-,Quilogramas por Hectare
MU,2801900,Cumbe (SE),..,Quilogramas por Hectare,...,Quilogramas por Hectare
MU,2802007,Divina Pastora (SE),..,Quilogramas por Hectare,-,Quilogramas por Hectare
MU,2802106,Estância (SE),..,Quilogramas por Hectare,-,Quilogramas por Hectare
MU,2802205,Feira Nova (SE),..,Quilogramas por Hectare,...,Quilogramas por Hectare
MU,2802304,Frei Paulo (SE),..,Quilogramas por Hectare,...,Quilogramas por Hectare
MU,2802403,Gararu (SE),..,Quilogramas por Hectare,-,Quilogramas por Hectare
MU,2802502,General Maynard (SE),..,Quilogramas por Hectare,-,Quilogramas por Hectare
MU,2802700,Ilha das Flores (SE),..,Quilogramas por Hectare,-,Quilogramas por Hectare
MU,2802809,Indiaroba (SE),..,Quilogramas por Hectare,-,Quilogramas por Hectare
MU,2802908,Itabaiana (SE),..,Quilogramas por Hectare,-,Quilogramas por Hectare
MU,2803005,Itabaianinha (SE),..,Quilogramas por Hectare,-,Quilogramas por Hectare
MU,2803104,Itabi (SE),..,Quilogramas por Hectare,...,Quilogramas por Hectare
MU,2803203,Itaporanga d'Ajuda (SE),..,Quilogramas por Hectare,-,Quilogramas por Hectare
MU,2803302,Japaratuba (SE),..,Quilogramas por Hectare,-,Quilogramas por Hectare
MU,2803401,Japoatã (SE),..,Quilogramas por Hectare,-,Quilogramas por Hectare
MU,2803500,Lagarto (SE),..,Quilogramas por Hectare,-,Quilogramas por Hectare
MU,2803609,Laranjeiras (SE),..,Quilogramas por Hectare,-,Quilogramas por Hectare
MU,2803708,Macambira (SE),..,Quilogramas por Hectare,...,Quilogramas por Hectare
MU,2803807,Malhada dos Bois (SE),..,Quilogramas por Hectare,-,Quilogramas por Hectare
MU,2803906,Malhador (SE),..,Quilogramas por Hectare,-,Quilogramas por Hectare
MU,2804003,Maruim (SE),..,Quilogramas por Hectare,-,Quilogramas por Hectare
MU,2804102,Moita Bonita (SE),..,Quilogramas por Hectare,-,Quilogramas por Hectare
MU,2804300,Muribeca (SE),..,Quilogramas por Hectare,-,Quilogramas por Hectare
MU,2804409,Neópolis (SE),..,Quilogramas por Hectare,-,Quilogramas por Hectare
MU,2804458,Nossa Senhora Aparecida (SE),..,Quilogramas por Hectare,...,Quilogramas por Hectare
MU,2804607,Nossa Senhora das Dores (SE),..,Quilogramas por Hectare,-,Quilogramas por Hectare
MU,2804706,Nossa Senhora de Lourdes (SE),..,Quilogramas por Hectare,...,Quilogramas por Hectare
MU,2804805,Nossa Senhora do Socorro (SE),..,Quilogramas por Hectare,-,Quilogramas por Hectare
MU,2804904,Pacatuba (SE),..,Quilogramas por Hectare,-,Quilogramas por Hectare
MU,2805000,Pedra Mole (SE),..,Quilogramas por Hectare,...,Quilogramas por Hectare
MU,2805109,Pedrinhas (SE),..,Quilogramas por Hectare,-,Quilogramas por Hectare
MU,2805208,Pinhão (SE),..,Quilogramas por Hectare,...,Quilogramas por Hectare
MU,2805307,Pirambu (SE),..,Quilogramas por Hectare,-,Quilogramas por Hectare
MU,2805406,Poço Redondo (SE),..,Quilogramas por Hectare,-,Quilogramas por Hectare
MU,2805505,Poço Verde (SE),..,Quilogramas por Hectare,...,Quilogramas por Hectare
MU,2805604,Porto da Folha (SE),..,Quilogramas por Hectare,-,Quilogramas por Hectare
MU,2805703,Propriá (SE),..,Quilogramas por Hectare,-,Quilogramas por Hectare
MU,2805802,Riachão do Dantas (SE),..,Quilogramas por Hectare,-,Quilogramas por Hectare
MU,2805901,Riachuelo (SE),..,Quilogramas por Hectare,-,Quilogramas por Hectare
MU,2806008,Ribeirópolis (SE),..,Quilogramas por Hectare,...,Quilogramas por Hectare
MU,2806107,Rosário do Catete (SE),..,Quilogramas por Hectare,-,Quilogramas por Hectare
MU,2806206,Salgado (SE),..,Quilogramas por Hectare,-,Quilogramas por Hectare
MU,2806305,Santa Luzia do Itanhy (SE),..,Quilogramas por Hectare,-,Quilogramas por Hectare
MU,2806404,Santana do São Francisco (SE),..,Quilogramas por Hectare,-,Quilogramas por Hectare
MU,2806503,Santa Rosa de Lima (SE),..,Quilogramas por Hectare,-,Quilogramas por Hectare
MU,2806602,Santo Amaro das Brotas (SE),..,Quilogramas por Hectare,-,Quilogramas por Hectare
MU,2806701,São Cristóvão (SE),..,Quilogramas por Hectare,-,Quilogramas por Hectare
MU,2806800,São Domingos (SE),..,Quilogramas por Hectare,-,Quilogramas por Hectare
MU,2806909,São Francisco (SE),..,Quilogramas por Hectare,-,Quilogramas por Hectare
MU,2807105,Simão Dias (SE),..,Quilogramas por Hectare,-,Quilogramas por Hectare
MU,2807204,Siriri (SE),..,Quilogramas por Hectare,-,Quilogramas por Hectare
MU,2807303,Telha (SE),..,Quilogramas por Hectare,-,Quilogramas por Hectare
MU,2807402,Tobias Barreto (SE),..,Quilogramas por Hectare,...,Quilogramas por Hectare
MU,2807501,Tomar do Geru (SE),..,Quilogramas por Hectare,-,Quilogramas por Hectare
MU,2807600,Umbaúba (SE),..,Quilogramas por Hectare,-,Quilogramas por Hectare
MU,2900108,Abaíra (BA),..,Quilogramas por Hectare,-,Quilogramas por Hectare
MU,2900207,Abaré (BA),..,Quilogramas por Hectare,-,Quilogramas por Hectare
MU,2900306,Acajutiba (BA),..,Quilogramas por Hectare,-,Quilogramas por Hectare
MU,2900355,Adustina (BA),..,Quilogramas por Hectare,...,Quilogramas por Hectare
MU,2900405,Água Fria (BA),..,Quilogramas por Hectare,-,Quilogramas por Hectare
MU,2900504,Érico Cardoso (BA),..,Quilogramas por Hectare,-,Quilogramas por Hectare
MU,2900603,Aiquara (BA),..,Quilogramas por Hectare,3000,Quilogramas por Hectare
MU,2900702,Alagoinhas (BA),..,Quilogramas por Hectare,-,Quilogramas por Hectare
MU,2900801,Alcobaça (BA),..,Quilogramas por Hectare,-,Quilogramas por Hectare
MU,2900900,Almadina (BA),..,Quilogramas por Hectare,-,Quilogramas por Hectare
MU,2901007,Amargosa (BA),..,Quilogramas por Hectare,-,Quilogramas por Hectare
MU,2901106,Amélia Rodrigues (BA),..,Quilogramas por Hectare,-,Quilogramas por Hectare
MU,2901155,América Dourada (BA),..,Quilogramas por Hectare,-,Quilogramas por Hectare
MU,2901205,Anagé (BA),..,Quilogramas por Hectare,-,Quilogramas por Hectare
MU,2901304,Andaraí (BA),..,Quilogramas por Hectare,-,Quilogramas por Hectare
MU,2901353,Andorinha (BA),..,Quilogramas por Hectare,...,Quilogramas por Hectare
MU,2901403,Angical (BA),..,Quilogramas por Hectare,-,Quilogramas por Hectare
MU,2901502,Anguera (BA),..,Quilogramas por Hectare,...,Quilogramas por Hectare
MU,2901601,Antas (BA),..,Quilogramas por Hectare,-,Quilogramas por Hectare
MU,2901700,Antônio Cardoso (BA),..,Quilogramas por Hectare,...,Quilogramas por Hectare
MU,2901809,Antônio Gonçalves (BA),..,Quilogramas por Hectare,-,Quilogramas por Hectare
MU,2901908,Aporá (BA),..,Quilogramas por Hectare,-,Quilogramas por Hectare
MU,2901957,Apuarema (BA),..,Quilogramas por Hectare,2000,Quilogramas por Hectare
MU,2902005,Aracatu (BA),..,Quilogramas por Hectare,-,Quilogramas por Hectare
MU,2902054,Araçás (BA),..,Quilogramas por Hectare,-,Quilogramas por Hectare
MU,2902104,Araci (BA),..,Quilogramas por Hectare,-,Quilogramas por Hectare
MU,2902203,Aramari (BA),..,Quilogramas por Hectare,-,Quilogramas por Hectare
MU,2902252,Arataca (BA),..,Quilogramas por Hectare,5500,Quilogramas por Hectare
MU,2902302,Aratuípe (BA),..,Quilogramas por Hectare,-,Quilogramas por Hectare
MU,2902401,Aurelino Leal (BA),..,Quilogramas por Hectare,-,Quilogramas por Hectare
MU,2902500,Baianópolis (BA),..,Quilogramas por Hectare,-,Quilogramas por Hectare
MU,2902609,Baixa Grande (BA),..,Quilogramas por Hectare,...,Quilogramas por Hectare
MU,2902658,Banzaê (BA),..,Quilogramas por Hectare,-,Quilogramas por Hectare
MU,2902708,Barra (BA),..,Quilogramas por Hectare,-,Quilogramas por Hectare
MU,2902807,Barra da Estiva (BA),..,Quilogramas por Hectare,-,Quilogramas por Hectare
MU,2902906,Barra do Choça (BA),..,Quilogramas por Hectare,-,Quilogramas por Hectare
MU,2903003,Barra do Mendes (BA),..,Quilogramas por Hectare,-,Quilogramas por Hectare
MU,2903102,Barra do Rocha (BA),..,Quilogramas por Hectare,6000,Quilogramas por Hectare
MU,2903201,Barreiras (BA),..,Quilogramas por Hectare,-,Quilogramas por Hectare
MU,2903235,Barro Alto (BA),..,Quilogramas por Hectare,-,Quilogramas por Hectare
MU,2903276,Barrocas (BA),..,Quilogramas por Hectare,-,Quilogramas por Hectare
MU,2903300,Barro Preto (BA),..,Quilogramas por Hectare,1245,Quilogramas por Hectare
MU,2903409,Belmonte (BA),..,Quilogramas por Hectare,3000,Quilogramas por Hectare
MU,2903508,Belo Campo (BA),..,Quilogramas por Hectare,-,Quilogramas por Hectare
MU,2903607,Biritinga (BA),..,Quilogramas por Hectare,-,Quilogramas por Hectare
MU,2903706,Boa Nova (BA),..,Quilogramas por Hectare,3400,Quilogramas por Hectare
MU,2903805,Boa Vista do Tupim (BA),..,Quilogramas por Hectare,-,Quilogramas por Hectare
MU,2903904,Bom Jesus da Lapa (BA),..,Quilogramas por Hectare,-,Quilogramas por Hectare
MU,2903953,Bom Jesus da Serra (BA),..,Quilogramas por Hectare,-,Quilogramas por Hectare
MU,2904001,Boninal (BA),..,Quilogramas por Hectare,-,Quilogramas por Hectare
MU,2904050,Bonito (BA),..,Quilogramas por Hectare,-,Quilogramas por Hectare
MU,2904100,Boquira (BA),..,Quilogramas por Hectare,-,Quilogramas por Hectare
MU,2904209,Botuporã (BA),..,Quilogramas por Hectare,-,Quilogramas por Hectare
MU,2904308,Brejões (BA),..,Quilogramas por Hectare,-,Quilogramas por Hectare
MU,2904407,Brejolândia (BA),..,Quilogramas por Hectare,-,Quilogramas por Hectare
MU,2904506,Brotas de Macaúbas (BA),..,Quilogramas por Hectare,...,Quilogramas por Hectare
MU,2904605,Brumado (BA),..,Quilogramas por Hectare,-,Quilogramas por Hectare
MU,2904704,Buerarema (BA),..,Quilogramas por Hectare,-,Quilogramas por Hectare
MU,2904753,Buritirama (BA),..,Quilogramas por Hectare,-,Quilogramas por Hectare
MU,2904803,Caatiba (BA),..,Quilogramas por Hectare,-,Quilogramas por Hectare
MU,2904852,Cabaceiras do Paraguaçu (BA),..,Quilogramas por Hectare,-,Quilogramas por Hectare
MU,2904902,Cachoeira (BA),..,Quilogramas por Hectare,-,Quilogramas por Hectare
MU,2905008,Caculé (BA),..,Quilogramas por Hectare,-,Quilogramas por Hectare
MU,2905107,Caém (BA),..,Quilogramas por Hectare,-,Quilogramas por Hectare
MU,2905156,Caetanos (BA),..,Quilogramas por Hectare,-,Quilogramas por Hectare
MU,2905206,Caetité (BA),..,Quilogramas por Hectare,-,Quilogramas por Hectare
MU,2905305,Cafarnaum (BA),..,Quilogramas por Hectare,-,Quilogramas por Hectare
MU,2905404,Cairu (BA),..,Quilogramas por Hectare,-,Quilogramas por Hectare
MU,2905503,Caldeirão Grande (BA),..,Quilogramas por Hectare,-,Quilogramas por Hectare
MU,2905602,Camacan (BA),..,Quilogramas por Hectare,-,Quilogramas por Hectare
MU,2905701,Camaçari (BA),..,Quilogramas por Hectare,-,Quilogramas por Hectare
MU,2905800,Camamu (BA),..,Quilogramas por Hectare,2414,Quilogramas por Hectare
MU,2905909,Campo Alegre de Lourdes (BA),..,Quilogramas por Hectare,-,Quilogramas por Hectare
MU,2906006,Campo Formoso (BA),..,Quilogramas por Hectare,-,Quilogramas por Hectare
MU,2906105,Canápolis (BA),..,Quilogramas por Hectare,-,Quilogramas por Hectare
MU,2906204,Canarana (BA),..,Quilogramas por Hectare,-,Quilogramas por Hectare
MU,2906303,Canavieiras (BA),..,Quilogramas por Hectare,5833,Quilogramas por Hectare
MU,2906402,Candeal (BA),..,Quilogramas por Hectare,...,Quilogramas por Hectare
MU,2906501,Candeias (BA),..,Quilogramas por Hectare,-,Quilogramas por Hectare
MU,2906600,Candiba (BA),..,Quilogramas por Hectare,-,Quilogramas por Hectare
MU,2906709,Cândido Sales (BA),..,Quilogramas por Hectare,-,Quilogramas por Hectare
MU,2906808,Cansanção (BA),..,Quilogramas por Hectare,-,Quilogramas por Hectare
MU,2906824,Canudos (BA),..,Quilogramas por Hectare,-,Quilogramas por Hectare
MU,2906857,Capela do Alto Alegre (BA),..,Quilogramas por Hectare,-,Quilogramas por Hectare
MU,2906873,Capim Grosso (BA),..,Quilogramas por Hectare,-,Quilogramas por Hectare
MU,2906899,Caraíbas (BA),..,Quilogramas por Hectare,-,Quilogramas por Hectare
MU,2906907,Caravelas (BA),..,Quilogramas por Hectare,-,Quilogramas por Hectare
MU,2907004,Cardeal da Silva (BA),..,Quilogramas por Hectare,-,Quilogramas por Hectare
MU,2907103,Carinhanha (BA),..,Quilogramas por Hectare,-,Quilogramas por Hectare
MU,2907202,Casa Nova (BA),..,Quilogramas por Hectare,-,Quilogramas por Hectare
MU,2907301,Castro Alves (BA),..,Quilogramas por Hectare,-,Quilogramas por Hectare
MU,2907400,Catolândia (BA),..,Quilogramas por Hectare,-,Quilogramas por Hectare
MU,2907509,Catu (BA),..,Quilogramas por Hectare,-,Quilogramas por Hectare
MU,2907558,Caturama (BA),..,Quilogramas por Hectare,-,Quilogramas por Hectare
MU,2907608,Central (BA),..,Quilogramas por Hectare,-,Quilogramas por Hectare
MU,2907707,Chorrochó (BA),..,Quilogramas por Hectare,-,Quilogramas por Hectare
MU,2907806,Cícero Dantas (BA),..,Quilogramas por Hectare,-,Quilogramas por Hectare
MU,2907905,Cipó (BA),..,Quilogramas por Hectare,-,Quilogramas por Hectare
MU,2908002,Coaraci (BA),..,Quilogramas por Hectare,-,Quilogramas por Hectare
MU,2908101,Cocos (BA),..,Quilogramas por Hectare,-,Quilogramas por Hectare
MU,2908200,Conceição da Feira (BA),..,Quilogramas por Hectare,-,Quilogramas por Hectare
MU,2908309,Conceição do Almeida (BA),..,Quilogramas por Hectare,-,Quilogramas por Hectare
MU,2908408,Conceição do Coité (BA),..,Quilogramas por Hectare,-,Quilogramas por Hectare
MU,2908507,Conceição do Jacuípe (BA),..,Quilogramas por Hectare,...,Quilogramas por Hectare
MU,2908606,Conde (BA),..,Quilogramas por Hectare,-,Quilogramas por Hectare
MU,2908705,Condeúba (BA),..,Quilogramas por Hectare,-,Quilogramas por Hectare
MU,2908804,Contendas do Sincorá (BA),..,Quilogramas por Hectare,-,Quilogramas por Hectare
MU,2908903,Coração de Maria (BA),..,Quilogramas por Hectare,...,Quilogramas por Hectare
MU,2909000,Cordeiros (BA),..,Quilogramas por Hectare,-,Quilogramas por Hectare
MU,2909109,Coribe (BA),..,Quilogramas por Hectare,-,Quilogramas por Hectare
MU,2909208,Coronel João Sá (BA),..,Quilogramas por Hectare,-,Quilogramas por Hectare
MU,2909307,Correntina (BA),..,Quilogramas por Hectare,-,Quilogramas por Hectare
MU,2909406,Cotegipe (BA),..,Quilogramas por Hectare,-,Quilogramas por Hectare
MU,2909505,Cravolândia (BA),..,Quilogramas por Hectare,-,Quilogramas por Hectare
MU,2909604,Crisópolis (BA),..,Quilogramas por Hectare,-,Quilogramas por Hectare
MU,2909703,Cristópolis (BA),..,Quilogramas por Hectare,-,Quilogramas por Hectare
MU,2909802,Cruz das Almas (BA),..,Quilogramas por Hectare,-,Quilogramas por Hectare
MU,2909901,Curaçá (BA),..,Quilogramas por Hectare,-,Quilogramas por Hectare
MU,2910008,Dário Meira (BA),..,Quilogramas por Hectare,-,Quilogramas por Hectare
MU,2910057,Dias d'Ávila (BA),..,Quilogramas por Hectare,-,Quilogramas por Hectare
MU,2910107,Dom Basílio (BA),..,Quilogramas por Hectare,-,Quilogramas por Hectare
MU,2910206,Dom Macedo Costa (BA),..,Quilogramas por Hectare,-,Quilogramas por Hectare
MU,2910305,Elísio Medrado (BA),..,Quilogramas por Hectare,-,Quilogramas por Hectare
MU,2910404,Encruzilhada (BA),..,Quilogramas por Hectare,-,Quilogramas por Hectare
MU,2910503,Entre Rios (BA),..,Quilogramas por Hectare,-,Quilogramas por Hectare
MU,2910602,Esplanada (BA),..,Quilogramas por Hectare,-,Quilogramas por Hectare
MU,2910701,Euclides da Cunha (BA),..,Quilogramas por Hectare,-,Quilogramas por Hectare
MU,2910727,Eunápolis (BA),..,Quilogramas por Hectare,-,Quilogramas por Hectare
MU,2910750,Fátima (BA),..,Quilogramas por Hectare,-,Quilogramas por Hectare
MU,2910776,Feira da Mata (BA),..,Quilogramas por Hectare,-,Quilogramas por Hectare
MU,2910800,Feira de Santana (BA),..,Quilogramas por Hectare,...,Quilogramas por Hectare
MU,2910859,Filadélfia (BA),..,Quilogramas por Hectare,-,Quilogramas por Hectare
MU,2910909,Firmino Alves (BA),..,Quilogramas por Hectare,-,Quilogramas por Hectare
MU,2911006,Floresta Azul (BA),..,Quilogramas por Hectare,-,Quilogramas por Hectare
MU,2911105,Formosa do Rio Preto (BA),..,Quilogramas por Hectare,-,Quilogramas por Hectare
MU,2911204,Gandu (BA),..,Quilogramas por Hectare,-,Quilogramas por Hectare
MU,2911253,Gavião (BA),..,Quilogramas por Hectare,-,Quilogramas por Hectare
MU,2911303,Gentio do Ouro (BA),..,Quilogramas por Hectare,-,Quilogramas por Hectare
MU,2911402,Glória (BA),..,Quilogramas por Hectare,-,Quilogramas por Hectare
MU,2911501,Gongogi (BA),..,Quilogramas por Hectare,-,Quilogramas por Hectare
MU,2911600,Governador Mangabeira (BA),..,Quilogramas por Hectare,-,Quilogramas por Hectare
MU,2911659,Guajeru (BA),..,Quilogramas por Hectare,...,Quilogramas por Hectare
MU,2911709,Guanambi (BA),..,Quilogramas por Hectare,-,Quilogramas por Hectare
MU,2911808,Guaratinga (BA),..,Quilogramas por Hectare,-,Quilogramas por Hectare
MU,2911857,Heliópolis (BA),..,Quilogramas por Hectare,-,Quilogramas por Hectare
MU,2911907,Iaçu (BA),..,Quilogramas por Hectare,-,Quilogramas por Hectare
MU,2912004,Ibiassucê (BA),..,Quilogramas por Hectare,-,Quilogramas por Hectare
MU,2912103,Ibicaraí (BA),..,Quilogramas por Hectare,-,Quilogramas por Hectare
MU,2912202,Ibicoara (BA),..,Quilogramas por Hectare,-,Quilogramas por Hectare
MU,2912301,Ibicuí (BA),..,Quilogramas por Hectare,-,Quilogramas por Hectare
MU,2912400,Ibipeba (BA),..,Quilogramas por Hectare,-,Quilogramas por Hectare
MU,2912509,Ibipitanga (BA),..,Quilogramas por Hectare,...,Quilogramas por Hectare
MU,2912608,Ibiquera (BA),..,Quilogramas por Hectare,-,Quilogramas por Hectare
MU,2912707,Ibirapitanga (BA),..,Quilogramas por Hectare,-,Quilogramas por Hectare
MU,2912806,Ibirapuã (BA),..,Quilogramas por Hectare,-,Quilogramas por Hectare
MU,2912905,Ibirataia (BA),..,Quilogramas por Hectare,-,Quilogramas por Hectare
MU,2913002,Ibitiara (BA),..,Quilogramas por Hectare,-,Quilogramas por Hectare
MU,2913101,Ibititá (BA),..,Quilogramas por Hectare,-,Quilogramas por Hectare
MU,2913200,Ibotirama (BA),..,Quilogramas por Hectare,-,Quilogramas por Hectare
MU,2913309,Ichu (BA),..,Quilogramas por Hectare,...,Quilogramas por Hectare
MU,2913408,Igaporã (BA),..,Quilogramas por Hectare,-,Quilogramas por Hectare
MU,2913457,Igrapiúna (BA),..,Quilogramas por Hectare,-,Quilogramas por Hectare
MU,2913507,Iguaí (BA),..,Quilogramas por Hectare,-,Quilogramas por Hectare
MU,2913606,Ilhéus (BA),..,Quilogramas por Hectare,3852,Quilogramas por Hectare
MU,2913705,Inhambupe (BA),..,Quilogramas por Hectare,-,Quilogramas por Hectare
MU,2913804,Ipecaetá (BA),..,Quilogramas por Hectare,...,Quilogramas por Hectare
MU,2913903,Ipiaú (BA),..,Quilogramas por Hectare,-,Quilogramas por Hectare
MU,2914000,Ipirá (BA),..,Quilogramas por Hectare,-,Quilogramas por Hectare
MU,2914109,Ipupiara (BA),..,Quilogramas por Hectare,-,Quilogramas por Hectare
MU,2914208,Irajuba (BA),..,Quilogramas por Hectare,-,Quilogramas por Hectare
MU,2914307,Iramaia (BA),..,Quilogramas por Hectare,-,Quilogramas por Hectare
MU,2914406,Iraquara (BA),..,Quilogramas por Hectare,-,Quilogramas por Hectare
MU,2914505,Irará (BA),..,Quilogramas por Hectare,-,Quilogramas por Hectare
MU,2914604,Irecê (BA),..,Quilogramas por Hectare,-,Quilogramas por Hectare
MU,2914653,Itabela (BA),..,Quilogramas por Hectare,-,Quilogramas por Hectare
MU,2914703,Itaberaba (BA),..,Quilogramas por Hectare,-,Quilogramas por Hectare
MU,2914802,Itabuna (BA),..,Quilogramas por Hectare,-,Quilogramas por Hectare
MU,2914901,Itacaré (BA),..,Quilogramas por Hectare,-,Quilogramas por Hectare
MU,2915007,Itaeté (BA),..,Quilogramas por Hectare,-,Quilogramas por Hectare
MU,2915106,Itagi (BA),..,Quilogramas por Hectare,6000,Quilogramas por Hectare
MU,2915205,Itagibá (BA),..,Quilogramas por Hectare,-,Quilogramas por Hectare
MU,2915304,Itagimirim (BA),..,Quilogramas por Hectare,-,Quilogramas por Hectare
MU,2915353,Itaguaçu da Bahia (BA),..,Quilogramas por Hectare,-,Quilogramas por Hectare
MU,2915403,Itaju do Colônia (BA),..,Quilogramas por Hectare,-,Quilogramas por Hectare
MU,2915502,Itajuípe (BA),..,Quilogramas por Hectare,2336,Quilogramas por Hectare
MU,2915601,Itamaraju (BA),..,Quilogramas por Hectare,1227,Quilogramas por Hectare
MU,2915700,Itamari (BA),..,Quilogramas por Hectare,-,Quilogramas por Hectare
MU,2915809,Itambé (BA),..,Quilogramas por Hectare,-,Quilogramas por Hectare
MU,2915908,Itanagra (BA),..,Quilogramas por Hectare,-,Quilogramas por Hectare
MU,2916005,Itanhém (BA),..,Quilogramas por Hectare,2222,Quilogramas por Hectare
MU,2916104,Itaparica (BA),..,Quilogramas por Hectare,-,Quilogramas por Hectare
MU,2916203,Itapé (BA),..,Quilogramas por Hectare,-,Quilogramas por Hectare
MU,2916302,Itapebi (BA),..,Quilogramas por Hectare,-,Quilogramas por Hectare
MU,2916401,Itapetinga (BA),..,Quilogramas por Hectare,-,Quilogramas por Hectare
MU,2916500,Itapicuru (BA),..,Quilogramas por Hectare,-,Quilogramas por Hectare
MU,2916609,Itapitanga (BA),..,Quilogramas por Hectare,-,Quilogramas por Hectare
MU,2916708,Itaquara (BA),..,Quilogramas por Hectare,-,Quilogramas por Hectare
MU,2916807,Itarantim (BA),..,Quilogramas por Hectare,-,Quilogramas por Hectare
MU,2916856,Itatim (BA),..,Quilogramas por Hectare,-,Quilogramas por Hectare
MU,2916906,Itiruçu (BA),..,Quilogramas por Hectare,-,Quilogramas por Hectare
MU,2917003,Itiúba (BA),..,Quilogramas por Hectare,-,Quilogramas por Hectare
MU,2917102,Itororó (BA),..,Quilogramas por Hectare,-,Quilogramas por Hectare
MU,2917201,Ituaçu (BA),..,Quilogramas por Hectare,-,Quilogramas por Hectare
MU,2917300,Ituberá (BA),..,Quilogramas por Hectare,-,Quilogramas por Hectare
MU,2917334,Iuiu (BA),..,Quilogramas por Hectare,-,Quilogramas por Hectare
MU,2917359,Jaborandi (BA),..,Quilogramas por Hectare,-,Quilogramas por Hectare
MU,2917409,Jacaraci (BA),..,Quilogramas por Hectare,-,Quilogramas por Hectare
MU,2917508,Jacobina (BA),..,Quilogramas por Hectare,-,Quilogramas por Hectare
MU,2917607,Jaguaquara (BA),..,Quilogramas por Hectare,1875,Quilogramas por Hectare
MU,2917706,Jaguarari (BA),..,Quilogramas por Hectare,-,Quilogramas por Hectare
MU,2917805,Jaguaripe (BA),..,Quilogramas por Hectare,-,Quilogramas por Hectare
MU,2917904,Jandaíra (BA),..,Quilogramas por Hectare,-,Quilogramas por Hectare
MU,2918001,Jequié (BA),..,Quilogramas por Hectare,4000,Quilogramas por Hectare
MU,2918100,Jeremoabo (BA),..,Quilogramas por Hectare,-,Quilogramas por Hectare
MU,2918209,Jiquiriçá (BA),..,Quilogramas por Hectare,-,Quilogramas por Hectare
MU,2918308,Jitaúna (BA),..,Quilogramas por Hectare,5500,Quilogramas por Hectare
MU,2918357,João Dourado (BA),..,Quilogramas por Hectare,-,Quilogramas por Hectare
MU,2918407,Juazeiro (BA),..,Quilogramas por Hectare,-,Quilogramas por Hectare
MU,2918456,Jucuruçu (BA),..,Quilogramas por Hectare,-,Quilogramas por Hectare
MU,2918506,Jussara (BA),..,Quilogramas por Hectare,-,Quilogramas por Hectare
MU,2918555,Jussari (BA),..,Quilogramas por Hectare,-,Quilogramas por Hectare
MU,2918605,Jussiape (BA),..,Quilogramas por Hectare,-,Quilogramas por Hectare
MU,2918704,Lafaiete Coutinho (BA),..,Quilogramas por Hectare,-,Quilogramas por Hectare
MU,2918753,Lagoa Real (BA),..,Quilogramas por Hectare,-,Quilogramas por Hectare
MU,2918803,Laje (BA),..,Quilogramas por Hectare,-,Quilogramas por Hectare
MU,2918902,Lajedão (BA),..,Quilogramas por Hectare,-,Quilogramas por Hectare
MU,2919009,Lajedinho (BA),..,Quilogramas por Hectare,-,Quilogramas por Hectare
MU,2919058,Lajedo do Tabocal (BA),..,Quilogramas por Hectare,-,Quilogramas por Hectare
MU,2919108,Lamarão (BA),..,Quilogramas por Hectare,-,Quilogramas por Hectare
MU,2919157,Lapão (BA),..,Quilogramas por Hectare,-,Quilogramas por Hectare
MU,2919207,Lauro de Freitas (BA),..,Quilogramas por Hectare,-,Quilogramas por Hectare
MU,2919306,Lençóis (BA),..,Quilogramas por Hectare,-,Quilogramas por Hectare
MU,2919405,Licínio de Almeida (BA),..,Quilogramas por Hectare,-,Quilogramas por Hectare
MU,2919504,Livramento de Nossa Senhora (BA),..,Quilogramas por Hectare,-,Quilogramas por Hectare
MU,2919553,Luís Eduardo Magalhães (BA),..,Quilogramas por Hectare,-,Quilogramas por Hectare
MU,2919603,Macajuba (BA),..,Quilogramas por Hectare,...,Quilogramas por Hectare
MU,2919702,Macarani (BA),..,Quilogramas por Hectare,-,Quilogramas por Hectare
MU,2919801,Macaúbas (BA),..,Quilogramas por Hectare,-,Quilogramas por Hectare
MU,2919900,Macururé (BA),..,Quilogramas por Hectare,-,Quilogramas por Hectare
MU,2919926,Madre de Deus (BA),..,Quilogramas por Hectare,...,Quilogramas por Hectare
MU,2919959,Maetinga (BA),..,Quilogramas por Hectare,...,Quilogramas por Hectare
MU,2920007,Maiquinique (BA),..,Quilogramas por Hectare,-,Quilogramas por Hectare
MU,2920106,Mairi (BA),..,Quilogramas por Hectare,...,Quilogramas por Hectare
MU,2920205,Malhada (BA),..,Quilogramas por Hectare,-,Quilogramas por Hectare
MU,2920304,Malhada de Pedras (BA),..,Quilogramas por Hectare,-,Quilogramas por Hectare
MU,2920403,Manoel Vitorino (BA),..,Quilogramas por Hectare,-,Quilogramas por Hectare
MU,2920452,Mansidão (BA),..,Quilogramas por Hectare,-,Quilogramas por Hectare
MU,2920502,Maracás (BA),..,Quilogramas por Hectare,-,Quilogramas por Hectare
MU,2920601,Maragogipe (BA),..,Quilogramas por Hectare,-,Quilogramas por Hectare
MU,2920700,Maraú (BA),..,Quilogramas por Hectare,1400,Quilogramas por Hectare
MU,2920809,Marcionílio Souza (BA),..,Quilogramas por Hectare,-,Quilogramas por Hectare
MU,2920908,Mascote (BA),..,Quilogramas por Hectare,-,Quilogramas por Hectare
MU,2921005,Mata de São João (BA),..,Quilogramas por Hectare,-,Quilogramas por Hectare
MU,2921054,Matina (BA),..,Quilogramas por Hectare,-,Quilogramas por Hectare
MU,2921104,Medeiros Neto (BA),..,Quilogramas por Hectare,-,Quilogramas por Hectare
MU,2921203,Miguel Calmon (BA),..,Quilogramas por Hectare,-,Quilogramas por Hectare
MU,2921302,Milagres (BA),..,Quilogramas por Hectare,-,Quilogramas por Hectare
MU,2921401,Mirangaba (BA),..,Quilogramas por Hectare,-,Quilogramas por Hectare
MU,2921450,Mirante (BA),..,Quilogramas por Hectare,-,Quilogramas por Hectare
MU,2921500,Monte Santo (BA),..,Quilogramas por Hectare,-,Quilogramas por Hectare
MU,2921609,Morpará (BA),..,Quilogramas por Hectare,-,Quilogramas por Hectare
MU,2921708,Morro do Chapéu (BA),..,Quilogramas por Hectare,-,Quilogramas por Hectare
MU,2921807,Mortugaba (BA),..,Quilogramas por Hectare,-,Quilogramas por Hectare
MU,2921906,Mucugê (BA),..,Quilogramas por Hectare,-,Quilogramas por Hectare
MU,2922003,Mucuri (BA),..,Quilogramas por Hectare,-,Quilogramas por Hectare
MU,2922052,Mulungu do Morro (BA),..,Quilogramas por Hectare,-,Quilogramas por Hectare
MU,2922102,Mundo Novo (BA),..,Quilogramas por Hectare,-,Quilogramas por Hectare
MU,2922201,Muniz Ferreira (BA),..,Quilogramas por Hectare,-,Quilogramas por Hectare
MU,2922250,Muquém do São Francisco (BA),..,Quilogramas por Hectare,-,Quilogramas por Hectare
MU,2922300,Muritiba (BA),..,Quilogramas por Hectare,-,Quilogramas por Hectare
MU,2922409,Mutuípe (BA),..,Quilogramas por Hectare,1000,Quilogramas por Hectare
MU,2922508,Nazaré (BA),..,Quilogramas por Hectare,-,Quilogramas por Hectare
MU,2922607,Nilo Peçanha (BA),..,Quilogramas por Hectare,-,Quilogramas por Hectare
MU,2922656,Nordestina (BA),..,Quilogramas por Hectare,-,Quilogramas por Hectare
MU,2922706,Nova Canaã (BA),..,Quilogramas por Hectare,-,Quilogramas por Hectare
MU,2922730,Nova Fátima (BA),..,Quilogramas por Hectare,-,Quilogramas por Hectare
MU,2922755,Nova Ibiá (BA),..,Quilogramas por Hectare,-,Quilogramas por Hectare
MU,2922805,Nova Itarana (BA),..,Quilogramas por Hectare,-,Quilogramas por Hectare
MU,2922854,Nova Redenção (BA),..,Quilogramas por Hectare,-,Quilogramas por Hectare
MU,2922904,Nova Soure (BA),..,Quilogramas por Hectare,-,Quilogramas por Hectare
MU,2923001,Nova Viçosa (BA),..,Quilogramas por Hectare,-,Quilogramas por Hectare
MU,2923035,Novo Horizonte (BA),..,Quilogramas por Hectare,-,Quilogramas por Hectare
MU,2923050,Novo Triunfo (BA),..,Quilogramas por Hectare,-,Quilogramas por Hectare
MU,2923100,Olindina (BA),..,Quilogramas por Hectare,-,Quilogramas por Hectare
MU,2923209,Oliveira dos Brejinhos (BA),..,Quilogramas por Hectare,-,Quilogramas por Hectare
MU,2923308,Ouriçangas (BA),..,Quilogramas por Hectare,-,Quilogramas por Hectare
MU,2923357,Ourolândia (BA),..,Quilogramas por Hectare,-,Quilogramas por Hectare
MU,2923407,Palmas de Monte Alto (BA),..,Quilogramas por Hectare,-,Quilogramas por Hectare
MU,2923506,Palmeiras (BA),..,Quilogramas por Hectare,-,Quilogramas por Hectare
MU,2923605,Paramirim (BA),..,Quilogramas por Hectare,-,Quilogramas por Hectare
MU,2923704,Paratinga (BA),..,Quilogramas por Hectare,...,Quilogramas por Hectare
MU,2923803,Paripiranga (BA),..,Quilogramas por Hectare,-,Quilogramas por Hectare
MU,2923902,Pau Brasil (BA),..,Quilogramas por Hectare,5000,Quilogramas por Hectare
MU,2924009,Paulo Afonso (BA),..,Quilogramas por Hectare,-,Quilogramas por Hectare
MU,2924058,Pé de Serra (BA),..,Quilogramas por Hectare,...,Quilogramas por Hectare
MU,2924108,Pedrão (BA),..,Quilogramas por Hectare,-,Quilogramas por Hectare
MU,2924207,Pedro Alexandre (BA),..,Quilogramas por Hectare,-,Quilogramas por Hectare
MU,2924306,Piatã (BA),..,Quilogramas por Hectare,-,Quilogramas por Hectare
MU,2924405,Pilão Arcado (BA),..,Quilogramas por Hectare,-,Quilogramas por Hectare
MU,2924504,Pindaí (BA),..,Quilogramas por Hectare,-,Quilogramas por Hectare
MU,2924603,Pindobaçu (BA),..,Quilogramas por Hectare,-,Quilogramas por Hectare
MU,2924652,Pintadas (BA),..,Quilogramas por Hectare,...,Quilogramas por Hectare
MU,2924678,Piraí do Norte (BA),..,Quilogramas por Hectare,-,Quilogramas por Hectare
MU,2924702,Piripá (BA),..,Quilogramas por Hectare,-,Quilogramas por Hectare
MU,2924801,Piritiba (BA),..,Quilogramas por Hectare,-,Quilogramas por Hectare
MU,2924900,Planaltino (BA),..,Quilogramas por Hectare,-,Quilogramas por Hectare
MU,2925006,Planalto (BA),..,Quilogramas por Hectare,-,Quilogramas por Hectare
MU,2925105,Poções (BA),..,Quilogramas por Hectare,-,Quilogramas por Hectare
MU,2925204,Pojuca (BA),..,Quilogramas por Hectare,-,Quilogramas por Hectare
MU,2925253,Ponto Novo (BA),..,Quilogramas por Hectare,-,Quilogramas por Hectare
MU,2925303,Porto Seguro (BA),..,Quilogramas por Hectare,2600,Quilogramas por Hectare
MU,2925402,Potiraguá (BA),..,Quilogramas por Hectare,-,Quilogramas por Hectare
MU,2925501,Prado (BA),..,Quilogramas por Hectare,-,Quilogramas por Hectare
MU,2925600,Presidente Dutra (BA),..,Quilogramas por Hectare,-,Quilogramas por Hectare
MU,2925709,Presidente Jânio Quadros (BA),..,Quilogramas por Hectare,-,Quilogramas por Hectare
MU,2925758,Presidente Tancredo Neves (BA),..,Quilogramas por Hectare,-,Quilogramas por Hectare
MU,2925808,Queimadas (BA),..,Quilogramas por Hectare,-,Quilogramas por Hectare
MU,2925907,Quijingue (BA),..,Quilogramas por Hectare,-,Quilogramas por Hectare
MU,2925931,Quixabeira (BA),..,Quilogramas por Hectare,...,Quilogramas por Hectare
MU,2925956,Rafael Jambeiro (BA),..,Quilogramas por Hectare,...,Quilogramas por Hectare
MU,2926004,Remanso (BA),..,Quilogramas por Hectare,-,Quilogramas por Hectare
MU,2926103,Retirolândia (BA),..,Quilogramas por Hectare,-,Quilogramas por Hectare
MU,2926202,Riachão das Neves (BA),..,Quilogramas por Hectare,-,Quilogramas por Hectare
MU,2926301,Riachão do Jacuípe (BA),..,Quilogramas por Hectare,-,Quilogramas por Hectare
MU,2926400,Riacho de Santana (BA),..,Quilogramas por Hectare,-,Quilogramas por Hectare
MU,2926509,Ribeira do Amparo (BA),..,Quilogramas por Hectare,-,Quilogramas por Hectare
MU,2926608,Ribeira do Pombal (BA),..,Quilogramas por Hectare,-,Quilogramas por Hectare
MU,2926657,Ribeirão do Largo (BA),..,Quilogramas por Hectare,-,Quilogramas por Hectare
MU,2926707,Rio de Contas (BA),..,Quilogramas por Hectare,-,Quilogramas por Hectare
MU,2926806,Rio do Antônio (BA),..,Quilogramas por Hectare,-,Quilogramas por Hectare
MU,2926905,Rio do Pires (BA),..,Quilogramas por Hectare,-,Quilogramas por Hectare
MU,2927002,Rio Real (BA),..,Quilogramas por Hectare,-,Quilogramas por Hectare
MU,2927101,Rodelas (BA),..,Quilogramas por Hectare,-,Quilogramas por Hectare
MU,2927200,Ruy Barbosa (BA),..,Quilogramas por Hectare,-,Quilogramas por Hectare
MU,2927309,Salinas da Margarida (BA),..,Quilogramas por Hectare,-,Quilogramas por Hectare
MU,2927408,Salvador (BA),..,Quilogramas por Hectare,-,Quilogramas por Hectare
MU,2927507,Santa Bárbara (BA),..,Quilogramas por Hectare,...,Quilogramas por Hectare
MU,2927606,Santa Brígida (BA),..,Quilogramas por Hectare,-,Quilogramas por Hectare
MU,2927705,Santa Cruz Cabrália (BA),..,Quilogramas por Hectare,3500,Quilogramas por Hectare
MU,2927804,Santa Cruz da Vitória (BA),..,Quilogramas por Hectare,-,Quilogramas por Hectare
MU,2927903,Santa Inês (BA),..,Quilogramas por Hectare,-,Quilogramas por Hectare
MU,2928000,Santaluz (BA),..,Quilogramas por Hectare,-,Quilogramas por Hectare
MU,2928059,Santa Luzia (BA),..,Quilogramas por Hectare,-,Quilogramas por Hectare
MU,2928109,Santa Maria da Vitória (BA),..,Quilogramas por Hectare,-,Quilogramas por Hectare
MU,2928208,Santana (BA),..,Quilogramas por Hectare,-,Quilogramas por Hectare
MU,2928307,Santanópolis (BA),..,Quilogramas por Hectare,...,Quilogramas por Hectare
MU,2928406,Santa Rita de Cássia (BA),..,Quilogramas por Hectare,-,Quilogramas por Hectare
MU,2928505,Santa Terezinha (BA),..,Quilogramas por Hectare,-,Quilogramas por Hectare
MU,2928604,Santo Amaro (BA),..,Quilogramas por Hectare,-,Quilogramas por Hectare
MU,2928703,Santo Antônio de Jesus (BA),..,Quilogramas por Hectare,-,Quilogramas por Hectare
MU,2928802,Santo Estêvão (BA),..,Quilogramas por Hectare,...,Quilogramas por Hectare
MU,2928901,São Desidério (BA),..,Quilogramas por Hectare,-,Quilogramas por Hectare
MU,2928950,São Domingos (BA),..,Quilogramas por Hectare,-,Quilogramas por Hectare
MU,2929008,São Félix (BA),..,Quilogramas por Hectare,-,Quilogramas por Hectare
MU,2929057,São Félix do Coribe (BA),..,Quilogramas por Hectare,-,Quilogramas por Hectare
MU,2929107,São Felipe (BA),..,Quilogramas por Hectare,-,Quilogramas por Hectare
MU,2929206,São Francisco do Conde (BA),..,Quilogramas por Hectare,-,Quilogramas por Hectare
MU,2929255,São Gabriel (BA),..,Quilogramas por Hectare,-,Quilogramas por Hectare
MU,2929305,São Gonçalo dos Campos (BA),..,Quilogramas por Hectare,...,Quilogramas por Hectare
MU,2929354,São José da Vitória (BA),..,Quilogramas por Hectare,-,Quilogramas por Hectare
MU,2929370,São José do Jacuípe (BA),..,Quilogramas por Hectare,...,Quilogramas por Hectare
MU,2929404,São Miguel das Matas (BA),..,Quilogramas por Hectare,-,Quilogramas por Hectare
MU,2929503,São Sebastião do Passé (BA),..,Quilogramas por Hectare,-,Quilogramas por Hectare
MU,2929602,Sapeaçu (BA),..,Quilogramas por Hectare,-,Quilogramas por Hectare
MU,2929701,Sátiro Dias (BA),..,Quilogramas por Hectare,-,Quilogramas por Hectare
MU,2929750,Saubara (BA),..,Quilogramas por Hectare,-,Quilogramas por Hectare
MU,2929800,Saúde (BA),..,Quilogramas por Hectare,-,Quilogramas por Hectare
MU,2929909,Seabra (BA),..,Quilogramas por Hectare,-,Quilogramas por Hectare
MU,2930006,Sebastião Laranjeiras (BA),..,Quilogramas por Hectare,-,Quilogramas por Hectare
MU,2930105,Senhor do Bonfim (BA),..,Quilogramas por Hectare,-,Quilogramas por Hectare
MU,2930154,Serra do Ramalho (BA),..,Quilogramas por Hectare,-,Quilogramas por Hectare
MU,2930204,Sento Sé (BA),..,Quilogramas por Hectare,-,Quilogramas por Hectare
MU,2930303,Serra Dourada (BA),..,Quilogramas por Hectare,-,Quilogramas por Hectare
MU,2930402,Serra Preta (BA),..,Quilogramas por Hectare,...,Quilogramas por Hectare
MU,2930501,Serrinha (BA),..,Quilogramas por Hectare,-,Quilogramas por Hectare
MU,2930600,Serrolândia (BA),..,Quilogramas por Hectare,...,Quilogramas por Hectare
MU,2930709,Simões Filho (BA),..,Quilogramas por Hectare,-,Quilogramas por Hectare
MU,2930758,Sítio do Mato (BA),..,Quilogramas por Hectare,-,Quilogramas por Hectare
MU,2930766,Sítio do Quinto (BA),..,Quilogramas por Hectare,-,Quilogramas por Hectare
MU,2930774,Sobradinho (BA),..,Quilogramas por Hectare,-,Quilogramas por Hectare
MU,2930808,Souto Soares (BA),..,Quilogramas por Hectare,-,Quilogramas por Hectare
MU,2930907,Tabocas do Brejo Velho (BA),..,Quilogramas por Hectare,-,Quilogramas por Hectare
MU,2931004,Tanhaçu (BA),..,Quilogramas por Hectare,-,Quilogramas por Hectare
MU,2931053,Tanque Novo (BA),..,Quilogramas por Hectare,-,Quilogramas por Hectare
MU,2931103,Tanquinho (BA),..,Quilogramas por Hectare,...,Quilogramas por Hectare
MU,2931202,Taperoá (BA),..,Quilogramas por Hectare,867,Quilogramas por Hectare
MU,2931301,Tapiramutá (BA),..,Quilogramas por Hectare,-,Quilogramas por Hectare
MU,2931350,Teixeira de Freitas (BA),..,Quilogramas por Hectare,-,Quilogramas por Hectare
MU,2931400,Teodoro Sampaio (BA),..,Quilogramas por Hectare,-,Quilogramas por Hectare
MU,2931509,Teofilândia (BA),..,Quilogramas por Hectare,-,Quilogramas por Hectare
MU,2931608,Teolândia (BA),..,Quilogramas por Hectare,-,Quilogramas por Hectare
MU,2931707,Terra Nova (BA),..,Quilogramas por Hectare,-,Quilogramas por Hectare
MU,2931806,Tremedal (BA),..,Quilogramas por Hectare,-,Quilogramas por Hectare
MU,2931905,Tucano (BA),..,Quilogramas por Hectare,-,Quilogramas por Hectare
MU,2932002,Uauá (BA),..,Quilogramas por Hectare,-,Quilogramas por Hectare
MU,2932101,Ubaíra (BA),..,Quilogramas por Hectare,1000,Quilogramas por Hectare
MU,2932200,Ubaitaba (BA),..,Quilogramas por Hectare,1594,Quilogramas por Hectare
MU,2932309,Ubatã (BA),..,Quilogramas por Hectare,-,Quilogramas por Hectare
MU,2932408,Uibaí (BA),..,Quilogramas por Hectare,-,Quilogramas por Hectare
MU,2932457,Umburanas (BA),..,Quilogramas por Hectare,-,Quilogramas por Hectare
MU,2932507,Una (BA),..,Quilogramas por Hectare,3000,Quilogramas por Hectare
MU,2932606,Urandi (BA),..,Quilogramas por Hectare,-,Quilogramas por Hectare
MU,2932705,Uruçuca (BA),..,Quilogramas por Hectare,1553,Quilogramas por Hectare
MU,2932804,Utinga (BA),..,Quilogramas por Hectare,-,Quilogramas por Hectare
MU,2932903,Valença (BA),..,Quilogramas por Hectare,1403,Quilogramas por Hectare
MU,2933000,Valente (BA),..,Quilogramas por Hectare,-,Quilogramas por Hectare
MU,2933059,Várzea da Roça (BA),..,Quilogramas por Hectare,-,Quilogramas por Hectare
MU,2933109,Várzea do Poço (BA),..,Quilogramas por Hectare,...,Quilogramas por Hectare
MU,2933158,Várzea Nova (BA),..,Quilogramas por Hectare,-,Quilogramas por Hectare
MU,2933174,Varzedo (BA),..,Quilogramas por Hectare,-,Quilogramas por Hectare
MU,2933208,Vera Cruz (BA),..,Quilogramas por Hectare,-,Quilogramas por Hectare
MU,2933257,Vereda (BA),..,Quilogramas por Hectare,-,Quilogramas por Hectare
MU,2933307,Vitória da Conquista (BA),..,Quilogramas por Hectare,-,Quilogramas por Hectare
MU,2933406,Wagner (BA),..,Quilogramas por Hectare,-,Quilogramas por Hectare
MU,2933455,Wanderley (BA),..,Quilogramas por Hectare,-,Quilogramas por Hectare
MU,2933505,Wenceslau Guimarães (BA),..,Quilogramas por Hectare,-,Quilogramas por Hectare
MU,2933604,Xique-Xique (BA),..,Quilogramas por Hectare,-,Quilogramas por Hectare
MU,3100104,Abadia dos Dourados (MG),..,Quilogramas por Hectare,-,Quilogramas por Hectare
MU,3100203,Abaeté (MG),..,Quilogramas por Hectare,-,Quilogramas por Hectare
MU,3100302,Abre Campo (MG),..,Quilogramas por Hectare,-,Quilogramas por Hectare
MU,3100401,Acaiaca (MG),..,Quilogramas por Hectare,-,Quilogramas por Hectare
MU,3100500,Açucena (MG),..,Quilogramas por Hectare,-,Quilogramas por Hectare
MU,3100609,Água Boa (MG),..,Quilogramas por Hectare,-,Quilogramas por Hectare
MU,3100708,Água Comprida (MG),..,Quilogramas por Hectare,-,Quilogramas por Hectare
MU,3100807,Aguanil (MG),..,Quilogramas por Hectare,-,Quilogramas por Hectare
MU,3100906,Águas Formosas (MG),..,Quilogramas por Hectare,-,Quilogramas por Hectare
MU,3101003,Águas Vermelhas (MG),..,Quilogramas por Hectare,-,Quilogramas por Hectare
MU,3101102,Aimorés (MG),..,Quilogramas por Hectare,-,Quilogramas por Hectare
MU,3101201,Aiuruoca (MG),..,Quilogramas por Hectare,-,Quilogramas por Hectare
MU,3101300,Alagoa (MG),..,Quilogramas por Hectare,-,Quilogramas por Hectare
MU,3101409,Albertina (MG),..,Quilogramas por Hectare,-,Quilogramas por Hectare
MU,3101508,Além Paraíba (MG),..,Quilogramas por Hectare,-,Quilogramas por Hectare
MU,3101607,Alfenas (MG),..,Quilogramas por Hectare,-,Quilogramas por Hectare
MU,3101631,Alfredo Vasconcelos (MG),..,Quilogramas por Hectare,-,Quilogramas por Hectare
MU,3101706,Almenara (MG),..,Quilogramas por Hectare,-,Quilogramas por Hectare
MU,3101805,Alpercata (MG),..,Quilogramas por Hectare,-,Quilogramas por Hectare
MU,3101904,Alpinópolis (MG),..,Quilogramas por Hectare,-,Quilogramas por Hectare
MU,3102001,Alterosa (MG),..,Quilogramas por Hectare,-,Quilogramas por Hectare
MU,3102050,Alto Caparaó (MG),..,Quilogramas por Hectare,-,Quilogramas por Hectare
MU,3102100,Alto Rio Doce (MG),..,Quilogramas por Hectare,-,Quilogramas por Hectare
MU,3102209,Alvarenga (MG),..,Quilogramas por Hectare,-,Quilogramas por Hectare
MU,3102308,Alvinópolis (MG),..,Quilogramas por Hectare,-,Quilogramas por Hectare
MU,3102407,Alvorada de Minas (MG),..,Quilogramas por Hectare,-,Quilogramas por Hectare
MU,3102506,Amparo do Serra (MG),..,Quilogramas por Hectare,-,Quilogramas por Hectare
MU,3102605,Andradas (MG),..,Quilogramas por Hectare,-,Quilogramas por Hectare
MU,3102704,Cachoeira de Pajeú (MG),..,Quilogramas por Hectare,-,Quilogramas por Hectare
MU,3102803,Andrelândia (MG),..,Quilogramas por Hectare,-,Quilogramas por Hectare
MU,3102852,Angelândia (MG),..,Quilogramas por Hectare,-,Quilogramas por Hectare
MU,3102902,Antônio Carlos (MG),..,Quilogramas por Hectare,-,Quilogramas por Hectare
MU,3103009,Antônio Dias (MG),..,Quilogramas por Hectare,-,Quilogramas por Hectare
MU,3103108,Antônio Prado de Minas (MG),..,Quilogramas por Hectare,-,Quilogramas por Hectare
MU,3103207,Araçaí (MG),..,Quilogramas por Hectare,-,Quilogramas por Hectare
MU,3103306,Aracitaba (MG),..,Quilogramas por Hectare,-,Quilogramas por Hectare
MU,3103405,Araçuaí (MG),..,Quilogramas por Hectare,-,Quilogramas por Hectare
MU,3103504,Araguari (MG),..,Quilogramas por Hectare,-,Quilogramas por Hectare
MU,3103603,Arantina (MG),..,Quilogramas por Hectare,-,Quilogramas por Hectare
MU,3103702,Araponga (MG),..,Quilogramas por Hectare,-,Quilogramas por Hectare
MU,3103751,Araporã (MG),..,Quilogramas por Hectare,-,Quilogramas por Hectare
MU,3103801,Arapuá (MG),..,Quilogramas por Hectare,-,Quilogramas por Hectare
MU,3103900,Araújos (MG),..,Quilogramas por Hectare,-,Quilogramas por Hectare
MU,3104007,Araxá (MG),..,Quilogramas por Hectare,-,Quilogramas por Hectare
MU,3104106,Arceburgo (MG),..,Quilogramas por Hectare,-,Quilogramas por Hectare
MU,3104205,Arcos (MG),..,Quilogramas por Hectare,-,Quilogramas por Hectare
MU,3104304,Areado (MG),..,Quilogramas por Hectare,-,Quilogramas por Hectare
MU,3104403,Argirita (MG),..,Quilogramas por Hectare,-,Quilogramas por Hectare
MU,3104452,Aricanduva (MG),..,Quilogramas por Hectare,-,Quilogramas por Hectare
MU,3104502,Arinos (MG),..,Quilogramas por Hectare,-,Quilogramas por Hectare
MU,3104601,Astolfo Dutra (MG),..,Quilogramas por Hectare,-,Quilogramas por Hectare
MU,3104700,Ataléia (MG),..,Quilogramas por Hectare,-,Quilogramas por Hectare
MU,3104809,Augusto de Lima (MG),..,Quilogramas por Hectare,-,Quilogramas por Hectare
MU,3104908,Baependi (MG),..,Quilogramas por Hectare,-,Quilogramas por Hectare
MU,3105004,Baldim (MG),..,Quilogramas por Hectare,-,Quilogramas por Hectare
MU,3105103,Bambuí (MG),..,Quilogramas por Hectare,-,Quilogramas por Hectare
MU,3105202,Bandeira (MG),..,Quilogramas por Hectare,-,Quilogramas por Hectare
MU,3105301,Bandeira do Sul (MG),..,Quilogramas por Hectare,-,Quilogramas por Hectare
MU,3105400,Barão de Cocais (MG),..,Quilogramas por Hectare,-,Quilogramas por Hectare
MU,3105509,Barão do Monte Alto (MG),..,Quilogramas por Hectare,-,Quilogramas por Hectare
MU,3105608,Barbacena (MG),..,Quilogramas por Hectare,-,Quilogramas por Hectare
MU,3105707,Barra Longa (MG),..,Quilogramas por Hectare,-,Quilogramas por Hectare
MU,3105905,Barroso (MG),..,Quilogramas por Hectare,-,Quilogramas por Hectare
MU,3106002,Bela Vista de Minas (MG),..,Quilogramas por Hectare,...,Quilogramas por Hectare
MU,3106101,Belmiro Braga (MG),..,Quilogramas por Hectare,-,Quilogramas por Hectare
MU,3106200,Belo Horizonte (MG),..,Quilogramas por Hectare,...,Quilogramas por Hectare
MU,3106309,Belo Oriente (MG),..,Quilogramas por Hectare,-,Quilogramas por Hectare
MU,3106408,Belo Vale (MG),..,Quilogramas por Hectare,-,Quilogramas por Hectare
MU,3106507,Berilo (MG),..,Quilogramas por Hectare,-,Quilogramas por Hectare
MU,3106606,Bertópolis (MG),..,Quilogramas por Hectare,-,Quilogramas por Hectare
MU,3106655,Berizal (MG),..,Quilogramas por Hectare,-,Quilogramas por Hectare
MU,3106705,Betim (MG),..,Quilogramas por Hectare,-,Quilogramas por Hectare
MU,3106804,Bias Fortes (MG),..,Quilogramas por Hectare,-,Quilogramas por Hectare
MU,3106903,Bicas (MG),..,Quilogramas por Hectare,-,Quilogramas por Hectare
MU,3107000,Biquinhas (MG),..,Quilogramas por Hectare,-,Quilogramas por Hectare
MU,3107109,Boa Esperança (MG),..,Quilogramas por Hectare,-,Quilogramas por Hectare
MU,3107208,Bocaina de Minas (MG),..,Quilogramas por Hectare,-,Quilogramas por Hectare
MU,3107307,Bocaiúva (MG),..,Quilogramas por Hectare,-,Quilogramas por Hectare
MU,3107406,Bom Despacho (MG),..,Quilogramas por Hectare,-,Quilogramas por Hectare
MU,3107505,Bom Jardim de Minas (MG),..,Quilogramas por Hectare,-,Quilogramas por Hectare
MU,3107604,Bom Jesus da Penha (MG),..,Quilogramas por Hectare,-,Quilogramas por Hectare
MU,3107703,Bom Jesus do Amparo (MG),..,Quilogramas por Hectare,-,Quilogramas por Hectare
MU,3107802,Bom Jesus do Galho (MG),..,Quilogramas por Hectare,-,Quilogramas por Hectare
MU,3107901,Bom Repouso (MG),..,Quilogramas por Hectare,-,Quilogramas por Hectare
MU,3108008,Bom Sucesso (MG),..,Quilogramas por Hectare,-,Quilogramas por Hectare
MU,3108107,Bonfim (MG),..,Quilogramas por Hectare,-,Quilogramas por Hectare
MU,3108206,Bonfinópolis de Minas (MG),..,Quilogramas por Hectare,-,Quilogramas por Hectare
MU,3108255,Bonito de Minas (MG),..,Quilogramas por Hectare,-,Quilogramas por Hectare
MU,3108305,Borda da Mata (MG),..,Quilogramas por Hectare,-,Quilogramas por Hectare
MU,3108404,Botelhos (MG),..,Quilogramas por Hectare,-,Quilogramas por Hectare
MU,3108503,Botumirim (MG),..,Quilogramas por Hectare,-,Quilogramas por Hectare
MU,3108552,Brasilândia de Minas (MG),..,Quilogramas por Hectare,-,Quilogramas por Hectare
MU,3108602,Brasília de Minas (MG),..,Quilogramas por Hectare,-,Quilogramas por Hectare
MU,3108701,Brás Pires (MG),..,Quilogramas por Hectare,...,Quilogramas por Hectare
MU,3108800,Braúnas (MG),..,Quilogramas por Hectare,-,Quilogramas por Hectare
MU,3108909,Brazópolis (MG),..,Quilogramas por Hectare,-,Quilogramas por Hectare
MU,3109006,Brumadinho (MG),..,Quilogramas por Hectare,-,Quilogramas por Hectare
MU,3109105,Bueno Brandão (MG),..,Quilogramas por Hectare,-,Quilogramas por Hectare
MU,3109204,Buenópolis (MG),..,Quilogramas por Hectare,-,Quilogramas por Hectare
MU,3109253,Bugre (MG),..,Quilogramas por Hectare,-,Quilogramas por Hectare
MU,3109303,Buritis (MG),..,Quilogramas por Hectare,-,Quilogramas por Hectare
MU,3109402,Buritizeiro (MG),..,Quilogramas por Hectare,-,Quilogramas por Hectare
MU,3109451,Cabeceira Grande (MG),..,Quilogramas por Hectare,-,Quilogramas por Hectare
MU,3109501,Cabo Verde (MG),..,Quilogramas por Hectare,-,Quilogramas por Hectare
MU,3109600,Cachoeira da Prata (MG),..,Quilogramas por Hectare,...,Quilogramas por Hectare
MU,3109709,Cachoeira de Minas (MG),..,Quilogramas por Hectare,-,Quilogramas por Hectare
MU,3109808,Cachoeira Dourada (MG),..,Quilogramas por Hectare,-,Quilogramas por Hectare
MU,3109907,Caetanópolis (MG),..,Quilogramas por Hectare,-,Quilogramas por Hectare
MU,3110004,Caeté (MG),..,Quilogramas por Hectare,-,Quilogramas por Hectare
MU,3110103,Caiana (MG),..,Quilogramas por Hectare,-,Quilogramas por Hectare
MU,3110202,Cajuri (MG),..,Quilogramas por Hectare,-,Quilogramas por Hectare
MU,3110301,Caldas (MG),..,Quilogramas por Hectare,-,Quilogramas por Hectare
MU,3110400,Camacho (MG),..,Quilogramas por Hectare,-,Quilogramas por Hectare
MU,3110509,Camanducaia (MG),..,Quilogramas por Hectare,-,Quilogramas por Hectare
MU,3110608,Cambuí (MG),..,Quilogramas por Hectare,-,Quilogramas por Hectare
MU,3110707,Cambuquira (MG),..,Quilogramas por Hectare,-,Quilogramas por Hectare
MU,3110806,Campanário (MG),..,Quilogramas por Hectare,-,Quilogramas por Hectare
MU,3110905,Campanha (MG),..,Quilogramas por Hectare,-,Quilogramas por Hectare
MU,3111002,Campestre (MG),..,Quilogramas por Hectare,-,Quilogramas por Hectare
MU,3111101,Campina Verde (MG),..,Quilogramas por Hectare,-,Quilogramas por Hectare
MU,3111150,Campo Azul (MG),..,Quilogramas por Hectare,...,Quilogramas por Hectare
MU,3111200,Campo Belo (MG),..,Quilogramas por Hectare,-,Quilogramas por Hectare
MU,3111309,Campo do Meio (MG),..,Quilogramas por Hectare,-,Quilogramas por Hectare
MU,3111408,Campo Florido (MG),..,Quilogramas por Hectare,-,Quilogramas por Hectare
MU,3111507,Campos Altos (MG),..,Quilogramas por Hectare,-,Quilogramas por Hectare
MU,3111606,Campos Gerais (MG),..,Quilogramas por Hectare,-,Quilogramas por Hectare
MU,3111705,Canaã (MG),..,Quilogramas por Hectare,-,Quilogramas por Hectare
MU,3111804,Canápolis (MG),..,Quilogramas por Hectare,-,Quilogramas por Hectare
MU,3111903,Cana Verde (MG),..,Quilogramas por Hectare,-,Quilogramas por Hectare
MU,3112000,Candeias (MG),..,Quilogramas por Hectare,-,Quilogramas por Hectare
MU,3112059,Cantagalo (MG),..,Quilogramas por Hectare,-,Quilogramas por Hectare
MU,3112109,Caparaó (MG),..,Quilogramas por Hectare,-,Quilogramas por Hectare
MU,3112208,Capela Nova (MG),..,Quilogramas por Hectare,-,Quilogramas por Hectare
MU,3112307,Capelinha (MG),..,Quilogramas por Hectare,-,Quilogramas por Hectare
MU,3112406,Capetinga (MG),..,Quilogramas por Hectare,-,Quilogramas por Hectare
MU,3112505,Capim Branco (MG),..,Quilogramas por Hectare,-,Quilogramas por Hectare
MU,3112604,Capinópolis (MG),..,Quilogramas por Hectare,-,Quilogramas por Hectare
MU,3112653,Capitão Andrade (MG),..,Quilogramas por Hectare,-,Quilogramas por Hectare
MU,3112703,Capitão Enéas (MG),..,Quilogramas por Hectare,-,Quilogramas por Hectare
MU,3112802,Capitólio (MG),..,Quilogramas por Hectare,-,Quilogramas por Hectare
MU,3112901,Caputira (MG),..,Quilogramas por Hectare,-,Quilogramas por Hectare
MU,3113008,Caraí (MG),..,Quilogramas por Hectare,-,Quilogramas por Hectare
MU,3113107,Caranaíba (MG),..,Quilogramas por Hectare,-,Quilogramas por Hectare
MU,3113206,Carandaí (MG),..,Quilogramas por Hectare,-,Quilogramas por Hectare
MU,3113305,Carangola (MG),..,Quilogramas por Hectare,-,Quilogramas por Hectare
MU,3113404,Caratinga (MG),..,Quilogramas por Hectare,-,Quilogramas por Hectare
MU,3113503,Carbonita (MG),..,Quilogramas por Hectare,-,Quilogramas por Hectare
MU,3113602,Careaçu (MG),..,Quilogramas por Hectare,-,Quilogramas por Hectare
MU,3113701,Carlos Chagas (MG),..,Quilogramas por Hectare,-,Quilogramas por Hectare
MU,3113800,Carmésia (MG),..,Quilogramas por Hectare,...,Quilogramas por Hectare
MU,3113909,Carmo da Cachoeira (MG),..,Quilogramas por Hectare,-,Quilogramas por Hectare
MU,3114006,Carmo da Mata (MG),..,Quilogramas por Hectare,-,Quilogramas por Hectare
MU,3114105,Carmo de Minas (MG),..,Quilogramas por Hectare,-,Quilogramas por Hectare
MU,3114204,Carmo do Cajuru (MG),..,Quilogramas por Hectare,-,Quilogramas por Hectare
MU,3114303,Carmo do Paranaíba (MG),..,Quilogramas por Hectare,-,Quilogramas por Hectare
MU,3114402,Carmo do Rio Claro (MG),..,Quilogramas por Hectare,-,Quilogramas por Hectare
MU,3114501,Carmópolis de Minas (MG),..,Quilogramas por Hectare,-,Quilogramas por Hectare
MU,3114550,Carneirinho (MG),..,Quilogramas por Hectare,-,Quilogramas por Hectare
MU,3114600,Carrancas (MG),..,Quilogramas por Hectare,-,Quilogramas por Hectare
MU,3114709,Carvalhópolis (MG),..,Quilogramas por Hectare,-,Quilogramas por Hectare
MU,3114808,Carvalhos (MG),..,Quilogramas por Hectare,...,Quilogramas por Hectare
MU,3114907,Casa Grande (MG),..,Quilogramas por Hectare,-,Quilogramas por Hectare
MU,3115003,Cascalho Rico (MG),..,Quilogramas por Hectare,-,Quilogramas por Hectare
MU,3115102,Cássia (MG),..,Quilogramas por Hectare,-,Quilogramas por Hectare
MU,3115201,Conceição da Barra de Minas (MG),..,Quilogramas por Hectare,-,Quilogramas por Hectare
MU,3115300,Cataguases (MG),..,Quilogramas por Hectare,-,Quilogramas por Hectare
MU,3115359,Catas Altas (MG),..,Quilogramas por Hectare,-,Quilogramas por Hectare
MU,3115409,Catas Altas da Noruega (MG),..,Quilogramas por Hectare,-,Quilogramas por Hectare
MU,3115458,Catuji (MG),..,Quilogramas por Hectare,-,Quilogramas por Hectare
MU,3115474,Catuti (MG),..,Quilogramas por Hectare,...,Quilogramas por Hectare
MU,3115508,Caxambu (MG),..,Quilogramas por Hectare,-,Quilogramas por Hectare
MU,3115607,Cedro do Abaeté (MG),..,Quilogramas por Hectare,...,Quilogramas por Hectare
MU,3115706,Central de Minas (MG),..,Quilogramas por Hectare,-,Quilogramas por Hectare
MU,3115805,Centralina (MG),..,Quilogramas por Hectare,-,Quilogramas por Hectare
MU,3115904,Chácara (MG),..,Quilogramas por Hectare,-,Quilogramas por Hectare
MU,3116001,Chalé (MG),..,Quilogramas por Hectare,-,Quilogramas por Hectare
MU,3116100,Chapada do Norte (MG),..,Quilogramas por Hectare,-,Quilogramas por Hectare
MU,3116159,Chapada Gaúcha (MG),..,Quilogramas por Hectare,-,Quilogramas por Hectare
MU,3116209,Chiador (MG),..,Quilogramas por Hectare,-,Quilogramas por Hectare
MU,3116308,Cipotânea (MG),..,Quilogramas por Hectare,-,Quilogramas por Hectare
MU,3116407,Claraval (MG),..,Quilogramas por Hectare,-,Quilogramas por Hectare
MU,3116506,Claro dos Poções (MG),..,Quilogramas por Hectare,-,Quilogramas por Hectare
MU,3116605,Cláudio (MG),..,Quilogramas por Hectare,-,Quilogramas por Hectare
MU,3116704,Coimbra (MG),..,Quilogramas por Hectare,-,Quilogramas por Hectare
MU,3116803,Coluna (MG),..,Quilogramas por Hectare,-,Quilogramas por Hectare
MU,3116902,Comendador Gomes (MG),..,Quilogramas por Hectare,-,Quilogramas por Hectare
MU,3117009,Comercinho (MG),..,Quilogramas por Hectare,-,Quilogramas por Hectare
MU,3117108,Conceição da Aparecida (MG),..,Quilogramas por Hectare,-,Quilogramas por Hectare
MU,3117207,Conceição das Pedras (MG),..,Quilogramas por Hectare,-,Quilogramas por Hectare
MU,3117306,Conceição das Alagoas (MG),..,Quilogramas por Hectare,-,Quilogramas por Hectare
MU,3117405,Conceição de Ipanema (MG),..,Quilogramas por Hectare,-,Quilogramas por Hectare
MU,3117504,Conceição do Mato Dentro (MG),..,Quilogramas por Hectare,-,Quilogramas por Hectare
MU,3117603,Conceição do Pará (MG),..,Quilogramas por Hectare,-,Quilogramas por Hectare
MU,3117702,Conceição do Rio Verde (MG),..,Quilogramas por Hectare,-,Quilogramas por Hectare
MU,3117801,Conceição dos Ouros (MG),..,Quilogramas por Hectare,-,Quilogramas por Hectare
MU,3117836,Cônego Marinho (MG),..,Quilogramas por Hectare,...,Quilogramas por Hectare
MU,3117876,Confins (MG),..,Quilogramas por Hectare,...,Quilogramas por Hectare
MU,3117900,Congonhal (MG),..,Quilogramas por Hectare,-,Quilogramas por Hectare
MU,3118007,Congonhas (MG),..,Quilogramas por Hectare,-,Quilogramas por Hectare
MU,3118106,Congonhas do Norte (MG),..,Quilogramas por Hectare,-,Quilogramas por Hectare
MU,3118205,Conquista (MG),..,Quilogramas por Hectare,-,Quilogramas por Hectare
MU,3118304,Conselheiro Lafaiete (MG),..,Quilogramas por Hectare,-,Quilogramas por Hectare
MU,3118403,Conselheiro Pena (MG),..,Quilogramas por Hectare,-,Quilogramas por Hectare
MU,3118502,Consolação (MG),..,Quilogramas por Hectare,-,Quilogramas por Hectare
MU,3118601,Contagem (MG),..,Quilogramas por Hectare,-,Quilogramas por Hectare
MU,3118700,Coqueiral (MG),..,Quilogramas por Hectare,-,Quilogramas por Hectare
MU,3118809,Coração de Jesus (MG),..,Quilogramas por Hectare,-,Quilogramas por Hectare
MU,3118908,Cordisburgo (MG),..,Quilogramas por Hectare,-,Quilogramas por Hectare
MU,3119005,Cordislândia (MG),..,Quilogramas por Hectare,-,Quilogramas por Hectare
MU,3119104,Corinto (MG),..,Quilogramas por Hectare,-,Quilogramas por Hectare
MU,3119203,Coroaci (MG),..,Quilogramas por Hectare,-,Quilogramas por Hectare
MU,3119302,Coromandel (MG),..,Quilogramas por Hectare,-,Quilogramas por Hectare
MU,3119401,Coronel Fabriciano (MG),..,Quilogramas por Hectare,-,Quilogramas por Hectare
MU,3119500,Coronel Murta (MG),..,Quilogramas por Hectare,-,Quilogramas por Hectare
MU,3119609,Coronel Pacheco (MG),..,Quilogramas por Hectare,-,Quilogramas por Hectare
MU,3119708,Coronel Xavier Chaves (MG),..,Quilogramas por Hectare,-,Quilogramas por Hectare
MU,3119807,Córrego Danta (MG),..,Quilogramas por Hectare,-,Quilogramas por Hectare
MU,3119906,Córrego do Bom Jesus (MG),..,Quilogramas por Hectare,-,Quilogramas por Hectare
MU,3119955,Córrego Fundo (MG),..,Quilogramas por Hectare,-,Quilogramas por Hectare
MU,3120003,Córrego Novo (MG),..,Quilogramas por Hectare,-,Quilogramas por Hectare
MU,3120102,Couto de Magalhães de Minas (MG),..,Quilogramas por Hectare,-,Quilogramas por Hectare
MU,3120151,Crisólita (MG),..,Quilogramas por Hectare,-,Quilogramas por Hectare
MU,3120201,Cristais (MG),..,Quilogramas por Hectare,-,Quilogramas por Hectare
MU,3120300,Cristália (MG),..,Quilogramas por Hectare,-,Quilogramas por Hectare
MU,3120409,Cristiano Otoni (MG),..,Quilogramas por Hectare,-,Quilogramas por Hectare
MU,3120508,Cristina (MG),..,Quilogramas por Hectare,-,Quilogramas por Hectare
MU,3120607,Crucilândia (MG),..,Quilogramas por Hectare,-,Quilogramas por Hectare
MU,3120706,Cruzeiro da Fortaleza (MG),..,Quilogramas por Hectare,-,Quilogramas por Hectare
MU,3120805,Cruzília (MG),..,Quilogramas por Hectare,-,Quilogramas por Hectare
MU,3120839,Cuparaque (MG),..,Quilogramas por Hectare,-,Quilogramas por Hectare
MU,3120870,Curral de Dentro (MG),..,Quilogramas por Hectare,-,Quilogramas por Hectare
MU,3120904,Curvelo (MG),..,Quilogramas por Hectare,-,Quilogramas por Hectare
MU,3121001,Datas (MG),..,Quilogramas por Hectare,-,Quilogramas por Hectare
MU,3121100,Delfim Moreira (MG),..,Quilogramas por Hectare,-,Quilogramas por Hectare
MU,3121209,Delfinópolis (MG),..,Quilogramas por Hectare,-,Quilogramas por Hectare
MU,3121258,Delta (MG),..,Quilogramas por Hectare,-,Quilogramas por Hectare
MU,3121308,Descoberto (MG),..,Quilogramas por Hectare,-,Quilogramas por Hectare
MU,3121407,Desterro de Entre Rios (MG),..,Quilogramas por Hectare,-,Quilogramas por Hectare
MU,3121506,Desterro do Melo (MG),..,Quilogramas por Hectare,-,Quilogramas por Hectare
MU,3121605,Diamantina (MG),..,Quilogramas por Hectare,-,Quilogramas por Hectare
MU,3121704,Diogo de Vasconcelos (MG),..,Quilogramas por Hectare,...,Quilogramas por Hectare
MU,3121803,Dionísio (MG),..,Quilogramas por Hectare,-,Quilogramas por Hectare
MU,3121902,Divinésia (MG),..,Quilogramas por Hectare,-,Quilogramas por Hectare
MU,3122009,Divino (MG),..,Quilogramas por Hectare,-,Quilogramas por Hectare
MU,3122108,Divino das Laranjeiras (MG),..,Quilogramas por Hectare,-,Quilogramas por Hectare
MU,3122207,Divinolândia de Minas (MG),..,Quilogramas por Hectare,-,Quilogramas por Hectare
MU,3122306,Divinópolis (MG),..,Quilogramas por Hectare,-,Quilogramas por Hectare
MU,3122355,Divisa Alegre (MG),..,Quilogramas por Hectare,-,Quilogramas por Hectare
MU,3122405,Divisa Nova (MG),..,Quilogramas por Hectare,-,Quilogramas por Hectare
MU,3122454,Divisópolis (MG),..,Quilogramas por Hectare,-,Quilogramas por Hectare
MU,3122470,Dom Bosco (MG),..,Quilogramas por Hectare,-,Quilogramas por Hectare
MU,3122504,Dom Cavati (MG),..,Quilogramas por Hectare,-,Quilogramas por Hectare
MU,3122603,Dom Joaquim (MG),..,Quilogramas por Hectare,-,Quilogramas por Hectare
MU,3122702,Dom Silvério (MG),..,Quilogramas por Hectare,-,Quilogramas por Hectare
MU,3122801,Dom Viçoso (MG),..,Quilogramas por Hectare,-,Quilogramas por Hectare
MU,3122900,Dona Euzébia (MG),..,Quilogramas por Hectare,-,Quilogramas por Hectare
MU,3123007,Dores de Campos (MG),..,Quilogramas por Hectare,...,Quilogramas por Hectare
MU,3123106,Dores de Guanhães (MG),..,Quilogramas por Hectare,...,Quilogramas por Hectare
MU,3123205,Dores do Indaiá (MG),..,Quilogramas por Hectare,...,Quilogramas por Hectare
MU,3123304,Dores do Turvo (MG),..,Quilogramas por Hectare,-,Quilogramas por Hectare
MU,3123403,Doresópolis (MG),..,Quilogramas por Hectare,-,Quilogramas por Hectare
MU,3123502,Douradoquara (MG),..,Quilogramas por Hectare,-,Quilogramas por Hectare
MU,3123528,Durandé (MG),..,Quilogramas por Hectare,-,Quilogramas por Hectare
MU,3123601,Elói Mendes (MG),..,Quilogramas por Hectare,-,Quilogramas por Hectare
MU,3123700,Engenheiro Caldas (MG),..,Quilogramas por Hectare,-,Quilogramas por Hectare
MU,3123809,Engenheiro Navarro (MG),..,Quilogramas por Hectare,-,Quilogramas por Hectare
MU,3123858,Entre Folhas (MG),..,Quilogramas por Hectare,-,Quilogramas por Hectare
MU,3123908,Entre Rios de Minas (MG),..,Quilogramas por Hectare,-,Quilogramas por Hectare
MU,3124005,Ervália (MG),..,Quilogramas por Hectare,-,Quilogramas por Hectare
MU,3124104,Esmeraldas (MG),..,Quilogramas por Hectare,-,Quilogramas por Hectare
MU,3124203,Espera Feliz (MG),..,Quilogramas por Hectare,-,Quilogramas por Hectare
MU,3124302,Espinosa (MG),..,Quilogramas por Hectare,-,Quilogramas por Hectare
MU,3124401,Espírito Santo do Dourado (MG),..,Quilogramas por Hectare,-,Quilogramas por Hectare
MU,3124500,Estiva (MG),..,Quilogramas por Hectare,-,Quilogramas por Hectare
MU,3124609,Estrela Dalva (MG),..,Quilogramas por Hectare,-,Quilogramas por Hectare
MU,3124708,Estrela do Indaiá (MG),..,Quilogramas por Hectare,-,Quilogramas por Hectare
MU,3124807,Estrela do Sul (MG),..,Quilogramas por Hectare,-,Quilogramas por Hectare
MU,3124906,Eugenópolis (MG),..,Quilogramas por Hectare,-,Quilogramas por Hectare
MU,3125002,Ewbank da Câmara (MG),..,Quilogramas por Hectare,...,Quilogramas por Hectare
MU,3125101,Extrema (MG),..,Quilogramas por Hectare,-,Quilogramas por Hectare
MU,3125200,Fama (MG),..,Quilogramas por Hectare,-,Quilogramas por Hectare
MU,3125309,Faria Lemos (MG),..,Quilogramas por Hectare,-,Quilogramas por Hectare
MU,3125408,Felício dos Santos (MG),..,Quilogramas por Hectare,-,Quilogramas por Hectare
MU,3125507,São Gonçalo do Rio Preto (MG),..,Quilogramas por Hectare,-,Quilogramas por Hectare
MU,3125606,Felisburgo (MG),..,Quilogramas por Hectare,-,Quilogramas por Hectare
MU,3125705,Felixlândia (MG),..,Quilogramas por Hectare,-,Quilogramas por Hectare
MU,3125804,Fernandes Tourinho (MG),..,Quilogramas por Hectare,-,Quilogramas por Hectare
MU,3125903,Ferros (MG),..,Quilogramas por Hectare,-,Quilogramas por Hectare
MU,3125952,Fervedouro (MG),..,Quilogramas por Hectare,-,Quilogramas por Hectare
MU,3126000,Florestal (MG),..,Quilogramas por Hectare,-,Quilogramas por Hectare
MU,3126109,Formiga (MG),..,Quilogramas por Hectare,-,Quilogramas por Hectare
MU,3126208,Formoso (MG),..,Quilogramas por Hectare,-,Quilogramas por Hectare
MU,3126307,Fortaleza de Minas (MG),..,Quilogramas por Hectare,-,Quilogramas por Hectare
MU,3126406,Fortuna de Minas (MG),..,Quilogramas por Hectare,...,Quilogramas por Hectare
MU,3126505,Francisco Badaró (MG),..,Quilogramas por Hectare,-,Quilogramas por Hectare
MU,3126604,Francisco Dumont (MG),..,Quilogramas por Hectare,-,Quilogramas por Hectare
MU,3126703,Francisco Sá (MG),..,Quilogramas por Hectare,-,Quilogramas por Hectare
MU,3126752,Franciscópolis (MG),..,Quilogramas por Hectare,-,Quilogramas por Hectare
MU,3126802,Frei Gaspar (MG),..,Quilogramas por Hectare,-,Quilogramas por Hectare
MU,3126901,Frei Inocêncio (MG),..,Quilogramas por Hectare,-,Quilogramas por Hectare
MU,3126950,Frei Lagonegro (MG),..,Quilogramas por Hectare,-,Quilogramas por Hectare
MU,3127008,Fronteira (MG),..,Quilogramas por Hectare,-,Quilogramas por Hectare
MU,3127057,Fronteira dos Vales (MG),..,Quilogramas por Hectare,-,Quilogramas por Hectare
MU,3127073,Fruta de Leite (MG),..,Quilogramas por Hectare,-,Quilogramas por Hectare
MU,3127107,Frutal (MG),..,Quilogramas por Hectare,-,Quilogramas por Hectare
MU,3127206,Funilândia (MG),..,Quilogramas por Hectare,-,Quilogramas por Hectare
MU,3127305,Galiléia (MG),..,Quilogramas por Hectare,-,Quilogramas por Hectare
MU,3127339,Gameleiras (MG),..,Quilogramas por Hectare,-,Quilogramas por Hectare
MU,3127354,Glaucilândia (MG),..,Quilogramas por Hectare,-,Quilogramas por Hectare
MU,3127370,Goiabeira (MG),..,Quilogramas por Hectare,-,Quilogramas por Hectare
MU,3127388,Goianá (MG),..,Quilogramas por Hectare,-,Quilogramas por Hectare
MU,3127404,Gonçalves (MG),..,Quilogramas por Hectare,-,Quilogramas por Hectare
MU,3127503,Gonzaga (MG),..,Quilogramas por Hectare,-,Quilogramas por Hectare
MU,3127602,Gouveia (MG),..,Quilogramas por Hectare,-,Quilogramas por Hectare
MU,3127701,Governador Valadares (MG),..,Quilogramas por Hectare,-,Quilogramas por Hectare
MU,3127800,Grão Mogol (MG),..,Quilogramas por Hectare,-,Quilogramas por Hectare
MU,3127909,Grupiara (MG),..,Quilogramas por Hectare,-,Quilogramas por Hectare
MU,3128006,Guanhães (MG),..,Quilogramas por Hectare,-,Quilogramas por Hectare
MU,3128105,Guapé (MG),..,Quilogramas por Hectare,-,Quilogramas por Hectare
MU,3128204,Guaraciaba (MG),..,Quilogramas por Hectare,-,Quilogramas por Hectare
MU,3128253,Guaraciama (MG),..,Quilogramas por Hectare,-,Quilogramas por Hectare
MU,3128303,Guaranésia (MG),..,Quilogramas por Hectare,-,Quilogramas por Hectare
MU,3128402,Guarani (MG),..,Quilogramas por Hectare,-,Quilogramas por Hectare
MU,3128501,Guarará (MG),..,Quilogramas por Hectare,-,Quilogramas por Hectare
MU,3128600,Guarda-Mor (MG),..,Quilogramas por Hectare,-,Quilogramas por Hectare
MU,3128709,Guaxupé (MG),..,Quilogramas por Hectare,-,Quilogramas por Hectare
MU,3128808,Guidoval (MG),..,Quilogramas por Hectare,-,Quilogramas por Hectare
MU,3128907,Guimarânia (MG),..,Quilogramas por Hectare,-,Quilogramas por Hectare
MU,3129004,Guiricema (MG),..,Quilogramas por Hectare,-,Quilogramas por Hectare
MU,3129103,Gurinhatã (MG),..,Quilogramas por Hectare,-,Quilogramas por Hectare
MU,3129202,Heliodora (MG),..,Quilogramas por Hectare,-,Quilogramas por Hectare
MU,3129301,Iapu (MG),..,Quilogramas por Hectare,-,Quilogramas por Hectare
MU,3129400,Ibertioga (MG),..,Quilogramas por Hectare,-,Quilogramas por Hectare
MU,3129509,Ibiá (MG),..,Quilogramas por Hectare,-,Quilogramas por Hectare
MU,3129608,Ibiaí (MG),..,Quilogramas por Hectare,...,Quilogramas por Hectare
MU,3129657,Ibiracatu (MG),..,Quilogramas por Hectare,...,Quilogramas por Hectare
MU,3129707,Ibiraci (MG),..,Quilogramas por Hectare,-,Quilogramas por Hectare
MU,3129806,Ibirité (MG),..,Quilogramas por Hectare,-,Quilogramas por Hectare
MU,3129905,Ibitiúra de Minas (MG),..,Quilogramas por Hectare,-,Quilogramas por Hectare
MU,3130002,Ibituruna (MG),..,Quilogramas por Hectare,-,Quilogramas por Hectare
MU,3130051,Icaraí de Minas (MG),..,Quilogramas por Hectare,-,Quilogramas por Hectare
MU,3130101,Igarapé (MG),..,Quilogramas por Hectare,-,Quilogramas por Hectare
MU,3130200,Igaratinga (MG),..,Quilogramas por Hectare,...,Quilogramas por Hectare
MU,3130309,Iguatama (MG),..,Quilogramas por Hectare,-,Quilogramas por Hectare
MU,3130408,Ijaci (MG),..,Quilogramas por Hectare,-,Quilogramas por Hectare
MU,3130507,Ilicínea (MG),..,Quilogramas por Hectare,-,Quilogramas por Hectare
MU,3130556,Imbé de Minas (MG),..,Quilogramas por Hectare,-,Quilogramas por Hectare
MU,3130606,Inconfidentes (MG),..,Quilogramas por Hectare,-,Quilogramas por Hectare
MU,3130655,Indaiabira (MG),..,Quilogramas por Hectare,-,Quilogramas por Hectare
MU,3130705,Indianópolis (MG),..,Quilogramas por Hectare,-,Quilogramas por Hectare
MU,3130804,Ingaí (MG),..,Quilogramas por Hectare,-,Quilogramas por Hectare
MU,3130903,Inhapim (MG),..,Quilogramas por Hectare,-,Quilogramas por Hectare
MU,3131000,Inhaúma (MG),..,Quilogramas por Hectare,-,Quilogramas por Hectare
MU,3131109,Inimutaba (MG),..,Quilogramas por Hectare,-,Quilogramas por Hectare
MU,3131158,Ipaba (MG),..,Quilogramas por Hectare,-,Quilogramas por Hectare
MU,3131208,Ipanema (MG),..,Quilogramas por Hectare,-,Quilogramas por Hectare
MU,3131307,Ipatinga (MG),..,Quilogramas por Hectare,-,Quilogramas por Hectare
MU,3131406,Ipiaçu (MG),..,Quilogramas por Hectare,...,Quilogramas por Hectare
MU,3131505,Ipuiúna (MG),..,Quilogramas por Hectare,-,Quilogramas por Hectare
MU,3131604,Iraí de Minas (MG),..,Quilogramas por Hectare,-,Quilogramas por Hectare
MU,3131703,Itabira (MG),..,Quilogramas por Hectare,-,Quilogramas por Hectare
MU,3131802,Itabirinha (MG),..,Quilogramas por Hectare,-,Quilogramas por Hectare
MU,3131901,Itabirito (MG),..,Quilogramas por Hectare,-,Quilogramas por Hectare
MU,3132008,Itacambira (MG),..,Quilogramas por Hectare,-,Quilogramas por Hectare
MU,3132107,Itacarambi (MG),..,Quilogramas por Hectare,-,Quilogramas por Hectare
MU,3132206,Itaguara (MG),..,Quilogramas por Hectare,-,Quilogramas por Hectare
MU,3132305,Itaipé (MG),..,Quilogramas por Hectare,-,Quilogramas por Hectare
MU,3132404,Itajubá (MG),..,Quilogramas por Hectare,-,Quilogramas por Hectare
MU,3132503,Itamarandiba (MG),..,Quilogramas por Hectare,-,Quilogramas por Hectare
MU,3132602,Itamarati de Minas (MG),..,Quilogramas por Hectare,-,Quilogramas por Hectare
MU,3132701,Itambacuri (MG),..,Quilogramas por Hectare,-,Quilogramas por Hectare
MU,3132800,Itambé do Mato Dentro (MG),..,Quilogramas por Hectare,-,Quilogramas por Hectare
MU,3132909,Itamogi (MG),..,Quilogramas por Hectare,-,Quilogramas por Hectare
MU,3133006,Itamonte (MG),..,Quilogramas por Hectare,-,Quilogramas por Hectare
MU,3133105,Itanhandu (MG),..,Quilogramas por Hectare,-,Quilogramas por Hectare
MU,3133204,Itanhomi (MG),..,Quilogramas por Hectare,-,Quilogramas por Hectare
MU,3133303,Itaobim (MG),..,Quilogramas por Hectare,-,Quilogramas por Hectare
MU,3133402,Itapagipe (MG),..,Quilogramas por Hectare,-,Quilogramas por Hectare
MU,3133501,Itapecerica (MG),..,Quilogramas por Hectare,-,Quilogramas por Hectare
MU,3133600,Itapeva (MG),..,Quilogramas por Hectare,-,Quilogramas por Hectare
MU,3133709,Itatiaiuçu (MG),..,Quilogramas por Hectare,-,Quilogramas por Hectare
MU,3133758,Itaú de Minas (MG),..,Quilogramas por Hectare,-,Quilogramas por Hectare
MU,3133808,Itaúna (MG),..,Quilogramas por Hectare,-,Quilogramas por Hectare
MU,3133907,Itaverava (MG),..,Quilogramas por Hectare,-,Quilogramas por Hectare
MU,3134004,Itinga (MG),..,Quilogramas por Hectare,-,Quilogramas por Hectare
MU,3134103,Itueta (MG),..,Quilogramas por Hectare,-,Quilogramas por Hectare
MU,3134202,Ituiutaba (MG),..,Quilogramas por Hectare,-,Quilogramas por Hectare
MU,3134301,Itumirim (MG),..,Quilogramas por Hectare,-,Quilogramas por Hectare
MU,3134400,Iturama (MG),..,Quilogramas por Hectare,-,Quilogramas por Hectare
MU,3134509,Itutinga (MG),..,Quilogramas por Hectare,-,Quilogramas por Hectare
MU,3134608,Jaboticatubas (MG),..,Quilogramas por Hectare,-,Quilogramas por Hectare
MU,3134707,Jacinto (MG),..,Quilogramas por Hectare,-,Quilogramas por Hectare
MU,3134806,Jacuí (MG),..,Quilogramas por Hectare,-,Quilogramas por Hectare
MU,3134905,Jacutinga (MG),..,Quilogramas por Hectare,-,Quilogramas por Hectare
MU,3135001,Jaguaraçu (MG),..,Quilogramas por Hectare,...,Quilogramas por Hectare
MU,3135050,Jaíba (MG),..,Quilogramas por Hectare,-,Quilogramas por Hectare
MU,3135076,Jampruca (MG),..,Quilogramas por Hectare,-,Quilogramas por Hectare
MU,3135100,Janaúba (MG),..,Quilogramas por Hectare,-,Quilogramas por Hectare
MU,3135209,Januária (MG),..,Quilogramas por Hectare,-,Quilogramas por Hectare
MU,3135308,Japaraíba (MG),..,Quilogramas por Hectare,-,Quilogramas por Hectare
MU,3135357,Japonvar (MG),..,Quilogramas por Hectare,-,Quilogramas por Hectare
MU,3135407,Jeceaba (MG),..,Quilogramas por Hectare,-,Quilogramas por Hectare
MU,3135456,Jenipapo de Minas (MG),..,Quilogramas por Hectare,-,Quilogramas por Hectare
MU,3135506,Jequeri (MG),..,Quilogramas por Hectare,-,Quilogramas por Hectare
MU,3135605,Jequitaí (MG),..,Quilogramas por Hectare,-,Quilogramas por Hectare
MU,3135704,Jequitibá (MG),..,Quilogramas por Hectare,-,Quilogramas por Hectare
MU,3135803,Jequitinhonha (MG),..,Quilogramas por Hectare,-,Quilogramas por Hectare
MU,3135902,Jesuânia (MG),..,Quilogramas por Hectare,-,Quilogramas por Hectare
MU,3136009,Joaíma (MG),..,Quilogramas por Hectare,-,Quilogramas por Hectare
MU,3136108,Joanésia (MG),..,Quilogramas por Hectare,-,Quilogramas por Hectare
MU,3136207,João Monlevade (MG),..,Quilogramas por Hectare,...,Quilogramas por Hectare
MU,3136306,João Pinheiro (MG),..,Quilogramas por Hectare,-,Quilogramas por Hectare
MU,3136405,Joaquim Felício (MG),..,Quilogramas por Hectare,-,Quilogramas por Hectare
MU,3136504,Jordânia (MG),..,Quilogramas por Hectare,-,Quilogramas por Hectare
MU,3136520,José Gonçalves de Minas (MG),..,Quilogramas por Hectare,-,Quilogramas por Hectare
MU,3136553,José Raydan (MG),..,Quilogramas por Hectare,-,Quilogramas por Hectare
MU,3136579,Josenópolis (MG),..,Quilogramas por Hectare,-,Quilogramas por Hectare
MU,3136603,Nova União (MG),..,Quilogramas por Hectare,-,Quilogramas por Hectare
MU,3136652,Juatuba (MG),..,Quilogramas por Hectare,-,Quilogramas por Hectare
MU,3136702,Juiz de Fora (MG),..,Quilogramas por Hectare,-,Quilogramas por Hectare
MU,3136801,Juramento (MG),..,Quilogramas por Hectare,-,Quilogramas por Hectare
MU,3136900,Juruaia (MG),..,Quilogramas por Hectare,-,Quilogramas por Hectare
MU,3136959,Juvenília (MG),..,Quilogramas por Hectare,...,Quilogramas por Hectare
MU,3137007,Ladainha (MG),..,Quilogramas por Hectare,-,Quilogramas por Hectare
MU,3137106,Lagamar (MG),..,Quilogramas por Hectare,-,Quilogramas por Hectare
MU,3137205,Lagoa da Prata (MG),..,Quilogramas por Hectare,-,Quilogramas por Hectare
MU,3137304,Lagoa dos Patos (MG),..,Quilogramas por Hectare,...,Quilogramas por Hectare
MU,3137403,Lagoa Dourada (MG),..,Quilogramas por Hectare,-,Quilogramas por Hectare
MU,3137502,Lagoa Formosa (MG),..,Quilogramas por Hectare,-,Quilogramas por Hectare
MU,3137536,Lagoa Grande (MG),..,Quilogramas por Hectare,-,Quilogramas por Hectare
MU,3137601,Lagoa Santa (MG),..,Quilogramas por Hectare,-,Quilogramas por Hectare
MU,3137700,Lajinha (MG),..,Quilogramas por Hectare,-,Quilogramas por Hectare
MU,3137809,Lambari (MG),..,Quilogramas por Hectare,-,Quilogramas por Hectare
MU,3137908,Lamim (MG),..,Quilogramas por Hectare,-,Quilogramas por Hectare
MU,3138005,Laranjal (MG),..,Quilogramas por Hectare,-,Quilogramas por Hectare
MU,3138104,Lassance (MG),..,Quilogramas por Hectare,-,Quilogramas por Hectare
MU,3138203,Lavras (MG),..,Quilogramas por Hectare,-,Quilogramas por Hectare
MU,3138302,Leandro Ferreira (MG),..,Quilogramas por Hectare,-,Quilogramas por Hectare
MU,3138351,Leme do Prado (MG),..,Quilogramas por Hectare,-,Quilogramas por Hectare
MU,3138401,Leopoldina (MG),..,Quilogramas por Hectare,-,Quilogramas por Hectare
MU,3138500,Liberdade (MG),..,Quilogramas por Hectare,...,Quilogramas por Hectare
MU,3138609,Lima Duarte (MG),..,Quilogramas por Hectare,-,Quilogramas por Hectare
MU,3138625,Limeira do Oeste (MG),..,Quilogramas por Hectare,-,Quilogramas por Hectare
MU,3138658,Lontra (MG),..,Quilogramas por Hectare,...,Quilogramas por Hectare
MU,3138674,Luisburgo (MG),..,Quilogramas por Hectare,-,Quilogramas por Hectare
MU,3138682,Luislândia (MG),..,Quilogramas por Hectare,-,Quilogramas por Hectare
MU,3138708,Luminárias (MG),..,Quilogramas por Hectare,-,Quilogramas por Hectare
MU,3138807,Luz (MG),..,Quilogramas por Hectare,-,Quilogramas por Hectare
MU,3138906,Machacalis (MG),..,Quilogramas por Hectare,...,Quilogramas por Hectare
MU,3139003,Machado (MG),..,Quilogramas por Hectare,-,Quilogramas por Hectare
MU,3139102,Madre de Deus de Minas (MG),..,Quilogramas por Hectare,-,Quilogramas por Hectare
MU,3139201,Malacacheta (MG),..,Quilogramas por Hectare,-,Quilogramas por Hectare
MU,3139250,Mamonas (MG),..,Quilogramas por Hectare,...,Quilogramas por Hectare
MU,3139300,Manga (MG),..,Quilogramas por Hectare,-,Quilogramas por Hectare
MU,3139409,Manhuaçu (MG),..,Quilogramas por Hectare,-,Quilogramas por Hectare
MU,3139508,Manhumirim (MG),..,Quilogramas por Hectare,-,Quilogramas por Hectare
MU,3139607,Mantena (MG),..,Quilogramas por Hectare,-,Quilogramas por Hectare
MU,3139706,Maravilhas (MG),..,Quilogramas por Hectare,-,Quilogramas por Hectare
MU,3139805,Mar de Espanha (MG),..,Quilogramas por Hectare,-,Quilogramas por Hectare
MU,3139904,Maria da Fé (MG),..,Quilogramas por Hectare,-,Quilogramas por Hectare
MU,3140001,Mariana (MG),..,Quilogramas por Hectare,-,Quilogramas por Hectare
MU,3140100,Marilac (MG),..,Quilogramas por Hectare,-,Quilogramas por Hectare
MU,3140159,Mário Campos (MG),..,Quilogramas por Hectare,-,Quilogramas por Hectare
MU,3140209,Maripá de Minas (MG),..,Quilogramas por Hectare,-,Quilogramas por Hectare
MU,3140308,Marliéria (MG),..,Quilogramas por Hectare,-,Quilogramas por Hectare
MU,3140407,Marmelópolis (MG),..,Quilogramas por Hectare,-,Quilogramas por Hectare
MU,3140506,Martinho Campos (MG),..,Quilogramas por Hectare,-,Quilogramas por Hectare
MU,3140530,Martins Soares (MG),..,Quilogramas por Hectare,-,Quilogramas por Hectare
MU,3140555,Mata Verde (MG),..,Quilogramas por Hectare,-,Quilogramas por Hectare
MU,3140605,Materlândia (MG),..,Quilogramas por Hectare,-,Quilogramas por Hectare
MU,3140704,Mateus Leme (MG),..,Quilogramas por Hectare,-,Quilogramas por Hectare
MU,3140803,Matias Barbosa (MG),..,Quilogramas por Hectare,-,Quilogramas por Hectare
MU,3140852,Matias Cardoso (MG),..,Quilogramas por Hectare,-,Quilogramas por Hectare
MU,3140902,Matipó (MG),..,Quilogramas por Hectare,-,Quilogramas por Hectare
MU,3141009,Mato Verde (MG),..,Quilogramas por Hectare,-,Quilogramas por Hectare
MU,3141108,Matozinhos (MG),..,Quilogramas por Hectare,...,Quilogramas por Hectare
MU,3141207,Matutina (MG),..,Quilogramas por Hectare,-,Quilogramas por Hectare
MU,3141306,Medeiros (MG),..,Quilogramas por Hectare,-,Quilogramas por Hectare
MU,3141405,Medina (MG),..,Quilogramas por Hectare,-,Quilogramas por Hectare
MU,3141504,Mendes Pimentel (MG),..,Quilogramas por Hectare,-,Quilogramas por Hectare
MU,3141603,Mercês (MG),..,Quilogramas por Hectare,-,Quilogramas por Hectare
MU,3141702,Mesquita (MG),..,Quilogramas por Hectare,-,Quilogramas por Hectare
MU,3141801,Minas Novas (MG),..,Quilogramas por Hectare,-,Quilogramas por Hectare
MU,3141900,Minduri (MG),..,Quilogramas por Hectare,-,Quilogramas por Hectare
MU,3142007,Mirabela (MG),..,Quilogramas por Hectare,...,Quilogramas por Hectare
MU,3142106,Miradouro (MG),..,Quilogramas por Hectare,-,Quilogramas por Hectare
MU,3142205,Miraí (MG),..,Quilogramas por Hectare,-,Quilogramas por Hectare
MU,3142254,Miravânia (MG),..,Quilogramas por Hectare,...,Quilogramas por Hectare
MU,3142304,Moeda (MG),..,Quilogramas por Hectare,-,Quilogramas por Hectare
MU,3142403,Moema (MG),..,Quilogramas por Hectare,...,Quilogramas por Hectare
MU,3142502,Monjolos (MG),..,Quilogramas por Hectare,-,Quilogramas por Hectare
MU,3142601,Monsenhor Paulo (MG),..,Quilogramas por Hectare,-,Quilogramas por Hectare
MU,3142700,Montalvânia (MG),..,Quilogramas por Hectare,-,Quilogramas por Hectare
MU,3142809,Monte Alegre de Minas (MG),..,Quilogramas por Hectare,-,Quilogramas por Hectare
MU,3142908,Monte Azul (MG),..,Quilogramas por Hectare,-,Quilogramas por Hectare
MU,3143005,Monte Belo (MG),..,Quilogramas por Hectare,-,Quilogramas por Hectare
MU,3143104,Monte Carmelo (MG),..,Quilogramas por Hectare,-,Quilogramas por Hectare
MU,3143153,Monte Formoso (MG),..,Quilogramas por Hectare,-,Quilogramas por Hectare
MU,3143203,Monte Santo de Minas (MG),..,Quilogramas por Hectare,-,Quilogramas por Hectare
MU,3143302,Montes Claros (MG),..,Quilogramas por Hectare,-,Quilogramas por Hectare
MU,3143401,Monte Sião (MG),..,Quilogramas por Hectare,-,Quilogramas por Hectare
MU,3143450,Montezuma (MG),..,Quilogramas por Hectare,-,Quilogramas por Hectare
MU,3143500,Morada Nova de Minas (MG),..,Quilogramas por Hectare,-,Quilogramas por Hectare
MU,3143609,Morro da Garça (MG),..,Quilogramas por Hectare,-,Quilogramas por Hectare
MU,3143708,Morro do Pilar (MG),..,Quilogramas por Hectare,-,Quilogramas por Hectare
MU,3143807,Munhoz (MG),..,Quilogramas por Hectare,-,Quilogramas por Hectare
MU,3143906,Muriaé (MG),..,Quilogramas por Hectare,-,Quilogramas por Hectare
MU,3144003,Mutum (MG),..,Quilogramas por Hectare,-,Quilogramas por Hectare
MU,3144102,Muzambinho (MG),..,Quilogramas por Hectare,-,Quilogramas por Hectare
MU,3144201,Nacip Raydan (MG),..,Quilogramas por Hectare,-,Quilogramas por Hectare
MU,3144300,Nanuque (MG),..,Quilogramas por Hectare,-,Quilogramas por Hectare
MU,3144359,Naque (MG),..,Quilogramas por Hectare,-,Quilogramas por Hectare
MU,3144375,Natalândia (MG),..,Quilogramas por Hectare,-,Quilogramas por Hectare
MU,3144409,Natércia (MG),..,Quilogramas por Hectare,-,Quilogramas por Hectare
MU,3144508,Nazareno (MG),..,Quilogramas por Hectare,-,Quilogramas por Hectare
MU,3144607,Nepomuceno (MG),..,Quilogramas por Hectare,-,Quilogramas por Hectare
MU,3144656,Ninheira (MG),..,Quilogramas por Hectare,-,Quilogramas por Hectare
MU,3144672,Nova Belém (MG),..,Quilogramas por Hectare,-,Quilogramas por Hectare
MU,3144706,Nova Era (MG),..,Quilogramas por Hectare,-,Quilogramas por Hectare
MU,3144805,Nova Lima (MG),..,Quilogramas por Hectare,-,Quilogramas por Hectare
MU,3144904,Nova Módica (MG),..,Quilogramas por Hectare,-,Quilogramas por Hectare
MU,3145000,Nova Ponte (MG),..,Quilogramas por Hectare,-,Quilogramas por Hectare
MU,3145059,Nova Porteirinha (MG),..,Quilogramas por Hectare,-,Quilogramas por Hectare
MU,3145109,Nova Resende (MG),..,Quilogramas por Hectare,-,Quilogramas por Hectare
MU,3145208,Nova Serrana (MG),..,Quilogramas por Hectare,...,Quilogramas por Hectare
MU,3145307,Novo Cruzeiro (MG),..,Quilogramas por Hectare,-,Quilogramas por Hectare
MU,3145356,Novo Oriente de Minas (MG),..,Quilogramas por Hectare,-,Quilogramas por Hectare
MU,3145372,Novorizonte (MG),..,Quilogramas por Hectare,-,Quilogramas por Hectare
MU,3145406,Olaria (MG),..,Quilogramas por Hectare,-,Quilogramas por Hectare
MU,3145455,Olhos-d'Água (MG),..,Quilogramas por Hectare,-,Quilogramas por Hectare
MU,3145505,Olímpio Noronha (MG),..,Quilogramas por Hectare,-,Quilogramas por Hectare
MU,3145604,Oliveira (MG),..,Quilogramas por Hectare,-,Quilogramas por Hectare
MU,3145703,Oliveira Fortes (MG),..,Quilogramas por Hectare,-,Quilogramas por Hectare
MU,3145802,Onça de Pitangui (MG),..,Quilogramas por Hectare,-,Quilogramas por Hectare
MU,3145851,Oratórios (MG),..,Quilogramas por Hectare,-,Quilogramas por Hectare
MU,3145877,Orizânia (MG),..,Quilogramas por Hectare,-,Quilogramas por Hectare
MU,3145901,Ouro Branco (MG),..,Quilogramas por Hectare,-,Quilogramas por Hectare
MU,3146008,Ouro Fino (MG),..,Quilogramas por Hectare,-,Quilogramas por Hectare
MU,3146107,Ouro Preto (MG),..,Quilogramas por Hectare,-,Quilogramas por Hectare
MU,3146206,Ouro Verde de Minas (MG),..,Quilogramas por Hectare,-,Quilogramas por Hectare
MU,3146255,Padre Carvalho (MG),..,Quilogramas por Hectare,-,Quilogramas por Hectare
MU,3146305,Padre Paraíso (MG),..,Quilogramas por Hectare,-,Quilogramas por Hectare
MU,3146404,Paineiras (MG),..,Quilogramas por Hectare,-,Quilogramas por Hectare
MU,3146503,Pains (MG),..,Quilogramas por Hectare,-,Quilogramas por Hectare
MU,3146552,Pai Pedro (MG),..,Quilogramas por Hectare,-,Quilogramas por Hectare
MU,3146602,Paiva (MG),..,Quilogramas por Hectare,-,Quilogramas por Hectare
MU,3146701,Palma (MG),..,Quilogramas por Hectare,-,Quilogramas por Hectare
MU,3146750,Palmópolis (MG),..,Quilogramas por Hectare,-,Quilogramas por Hectare
MU,3146909,Papagaios (MG),..,Quilogramas por Hectare,-,Quilogramas por Hectare
MU,3147006,Paracatu (MG),..,Quilogramas por Hectare,-,Quilogramas por Hectare
MU,3147105,Pará de Minas (MG),..,Quilogramas por Hectare,-,Quilogramas por Hectare
MU,3147204,Paraguaçu (MG),..,Quilogramas por Hectare,-,Quilogramas por Hectare
MU,3147303,Paraisópolis (MG),..,Quilogramas por Hectare,-,Quilogramas por Hectare
MU,3147402,Paraopeba (MG),..,Quilogramas por Hectare,-,Quilogramas por Hectare
MU,3147501,Passabém (MG),..,Quilogramas por Hectare,-,Quilogramas por Hectare
MU,3147600,Passa Quatro (MG),..,Quilogramas por Hectare,-,Quilogramas por Hectare
MU,3147709,Passa Tempo (MG),..,Quilogramas por Hectare,-,Quilogramas por Hectare
MU,3147808,Passa Vinte (MG),..,Quilogramas por Hectare,-,Quilogramas por Hectare
MU,3147907,Passos (MG),..,Quilogramas por Hectare,-,Quilogramas por Hectare
MU,3147956,Patis (MG),..,Quilogramas por Hectare,-,Quilogramas por Hectare
MU,3148004,Patos de Minas (MG),..,Quilogramas por Hectare,-,Quilogramas por Hectare
MU,3148103,Patrocínio (MG),..,Quilogramas por Hectare,-,Quilogramas por Hectare
MU,3148202,Patrocínio do Muriaé (MG),..,Quilogramas por Hectare,-,Quilogramas por Hectare
MU,3148301,Paula Cândido (MG),..,Quilogramas por Hectare,-,Quilogramas por Hectare
MU,3148400,Paulistas (MG),..,Quilogramas por Hectare,-,Quilogramas por Hectare
MU,3148509,Pavão (MG),..,Quilogramas por Hectare,-,Quilogramas por Hectare
MU,3148608,Peçanha (MG),..,Quilogramas por Hectare,-,Quilogramas por Hectare
MU,3148707,Pedra Azul (MG),..,Quilogramas por Hectare,-,Quilogramas por Hectare
MU,3148756,Pedra Bonita (MG),..,Quilogramas por Hectare,-,Quilogramas por Hectare
MU,3148806,Pedra do Anta (MG),..,Quilogramas por Hectare,-,Quilogramas por Hectare
MU,3148905,Pedra do Indaiá (MG),..,Quilogramas por Hectare,-,Quilogramas por Hectare
MU,3149002,Pedra Dourada (MG),..,Quilogramas por Hectare,-,Quilogramas por Hectare
MU,3149101,Pedralva (MG),..,Quilogramas por Hectare,-,Quilogramas por Hectare
MU,3149150,Pedras de Maria da Cruz (MG),..,Quilogramas por Hectare,-,Quilogramas por Hectare
MU,3149200,Pedrinópolis (MG),..,Quilogramas por Hectare,-,Quilogramas por Hectare
MU,3149309,Pedro Leopoldo (MG),..,Quilogramas por Hectare,-,Quilogramas por Hectare
MU,3149408,Pedro Teixeira (MG),..,Quilogramas por Hectare,-,Quilogramas por Hectare
MU,3149507,Pequeri (MG),..,Quilogramas por Hectare,-,Quilogramas por Hectare
MU,3149606,Pequi (MG),..,Quilogramas por Hectare,-,Quilogramas por Hectare
MU,3149705,Perdigão (MG),..,Quilogramas por Hectare,-,Quilogramas por Hectare
MU,3149804,Perdizes (MG),..,Quilogramas por Hectare,-,Quilogramas por Hectare
MU,3149903,Perdões (MG),..,Quilogramas por Hectare,-,Quilogramas por Hectare
MU,3149952,Periquito (MG),..,Quilogramas por Hectare,-,Quilogramas por Hectare
MU,3150000,Pescador (MG),..,Quilogramas por Hectare,-,Quilogramas por Hectare
MU,3150109,Piau (MG),..,Quilogramas por Hectare,-,Quilogramas por Hectare
MU,3150158,Piedade de Caratinga (MG),..,Quilogramas por Hectare,-,Quilogramas por Hectare
MU,3150208,Piedade de Ponte Nova (MG),..,Quilogramas por Hectare,-,Quilogramas por Hectare
MU,3150307,Piedade do Rio Grande (MG),..,Quilogramas por Hectare,-,Quilogramas por Hectare
MU,3150406,Piedade dos Gerais (MG),..,Quilogramas por Hectare,-,Quilogramas por Hectare
MU,3150505,Pimenta (MG),..,Quilogramas por Hectare,-,Quilogramas por Hectare
MU,3150539,Pingo-d'Água (MG),..,Quilogramas por Hectare,-,Quilogramas por Hectare
MU,3150570,Pintópolis (MG),..,Quilogramas por Hectare,-,Quilogramas por Hectare
MU,3150604,Piracema (MG),..,Quilogramas por Hectare,-,Quilogramas por Hectare
MU,3150703,Pirajuba (MG),..,Quilogramas por Hectare,-,Quilogramas por Hectare
MU,3150802,Piranga (MG),..,Quilogramas por Hectare,-,Quilogramas por Hectare
MU,3150901,Piranguçu (MG),..,Quilogramas por Hectare,-,Quilogramas por Hectare
MU,3151008,Piranguinho (MG),..,Quilogramas por Hectare,-,Quilogramas por Hectare
MU,3151107,Pirapetinga (MG),..,Quilogramas por Hectare,-,Quilogramas por Hectare
MU,3151206,Pirapora (MG),..,Quilogramas por Hectare,-,Quilogramas por Hectare
MU,3151305,Piraúba (MG),..,Quilogramas por Hectare,-,Quilogramas por Hectare
MU,3151404,Pitangui (MG),..,Quilogramas por Hectare,-,Quilogramas por Hectare
MU,3151503,Piumhi (MG),..,Quilogramas por Hectare,-,Quilogramas por Hectare
MU,3151602,Planura (MG),..,Quilogramas por Hectare,-,Quilogramas por Hectare
MU,3151701,Poço Fundo (MG),..,Quilogramas por Hectare,-,Quilogramas por Hectare
MU,3151800,Poços de Caldas (MG),..,Quilogramas por Hectare,-,Quilogramas por Hectare
MU,3151909,Pocrane (MG),..,Quilogramas por Hectare,-,Quilogramas por Hectare
MU,3152006,Pompéu (MG),..,Quilogramas por Hectare,-,Quilogramas por Hectare
MU,3152105,Ponte Nova (MG),..,Quilogramas por Hectare,-,Quilogramas por Hectare
MU,3152131,Ponto Chique (MG),..,Quilogramas por Hectare,-,Quilogramas por Hectare
MU,3152170,Ponto dos Volantes (MG),..,Quilogramas por Hectare,-,Quilogramas por Hectare
MU,3152204,Porteirinha (MG),..,Quilogramas por Hectare,-,Quilogramas por Hectare
MU,3152303,Porto Firme (MG),..,Quilogramas por Hectare,-,Quilogramas por Hectare
MU,3152402,Poté (MG),..,Quilogramas por Hectare,-,Quilogramas por Hectare
MU,3152501,Pouso Alegre (MG),..,Quilogramas por Hectare,-,Quilogramas por Hectare
MU,3152600,Pouso Alto (MG),..,Quilogramas por Hectare,-,Quilogramas por Hectare
MU,3152709,Prados (MG),..,Quilogramas por Hectare,-,Quilogramas por Hectare
MU,3152808,Prata (MG),..,Quilogramas por Hectare,-,Quilogramas por Hectare
MU,3152907,Pratápolis (MG),..,Quilogramas por Hectare,-,Quilogramas por Hectare
MU,3153004,Pratinha (MG),..,Quilogramas por Hectare,-,Quilogramas por Hectare
MU,3153103,Presidente Bernardes (MG),..,Quilogramas por Hectare,-,Quilogramas por Hectare
MU,3153202,Presidente Juscelino (MG),..,Quilogramas por Hectare,-,Quilogramas por Hectare
MU,3153301,Presidente Kubitschek (MG),..,Quilogramas por Hectare,-,Quilogramas por Hectare
MU,3153400,Presidente Olegário (MG),..,Quilogramas por Hectare,-,Quilogramas por Hectare
MU,3153509,Alto Jequitibá (MG),..,Quilogramas por Hectare,-,Quilogramas por Hectare
MU,3153608,Prudente de Morais (MG),..,Quilogramas por Hectare,...,Quilogramas por Hectare
MU,3153707,Quartel Geral (MG),..,Quilogramas por Hectare,-,Quilogramas por Hectare
MU,3153806,Queluzito (MG),..,Quilogramas por Hectare,-,Quilogramas por Hectare
MU,3153905,Raposos (MG),..,Quilogramas por Hectare,-,Quilogramas por Hectare
MU,3154002,Raul Soares (MG),..,Quilogramas por Hectare,-,Quilogramas por Hectare
MU,3154101,Recreio (MG),..,Quilogramas por Hectare,-,Quilogramas por Hectare
MU,3154150,Reduto (MG),..,Quilogramas por Hectare,-,Quilogramas por Hectare
MU,3154200,Resende Costa (MG),..,Quilogramas por Hectare,-,Quilogramas por Hectare
MU,3154309,Resplendor (MG),..,Quilogramas por Hectare,-,Quilogramas por Hectare
MU,3154408,Ressaquinha (MG),..,Quilogramas por Hectare,-,Quilogramas por Hectare
MU,3154457,Riachinho (MG),..,Quilogramas por Hectare,-,Quilogramas por Hectare
MU,3154507,Riacho dos Machados (MG),..,Quilogramas por Hectare,-,Quilogramas por Hectare
MU,3154606,Ribeirão das Neves (MG),..,Quilogramas por Hectare,-,Quilogramas por Hectare
MU,3154705,Ribeirão Vermelho (MG),..,Quilogramas por Hectare,-,Quilogramas por Hectare
MU,3154804,Rio Acima (MG),..,Quilogramas por Hectare,-,Quilogramas por Hectare
MU,3154903,Rio Casca (MG),..,Quilogramas por Hectare,-,Quilogramas por Hectare
MU,3155009,Rio Doce (MG),..,Quilogramas por Hectare,...,Quilogramas por Hectare
MU,3155108,Rio do Prado (MG),..,Quilogramas por Hectare,...,Quilogramas por Hectare
MU,3155207,Rio Espera (MG),..,Quilogramas por Hectare,-,Quilogramas por Hectare
MU,3155306,Rio Manso (MG),..,Quilogramas por Hectare,-,Quilogramas por Hectare
MU,3155405,Rio Novo (MG),..,Quilogramas por Hectare,-,Quilogramas por Hectare
MU,3155504,Rio Paranaíba (MG),..,Quilogramas por Hectare,-,Quilogramas por Hectare
MU,3155603,Rio Pardo de Minas (MG),..,Quilogramas por Hectare,-,Quilogramas por Hectare
MU,3155702,Rio Piracicaba (MG),..,Quilogramas por Hectare,-,Quilogramas por Hectare
MU,3155801,Rio Pomba (MG),..,Quilogramas por Hectare,-,Quilogramas por Hectare
MU,3155900,Rio Preto (MG),..,Quilogramas por Hectare,-,Quilogramas por Hectare
MU,3156007,Rio Vermelho (MG),..,Quilogramas por Hectare,-,Quilogramas por Hectare
MU,3156106,Ritápolis (MG),..,Quilogramas por Hectare,-,Quilogramas por Hectare
MU,3156205,Rochedo de Minas (MG),..,Quilogramas por Hectare,...,Quilogramas por Hectare
MU,3156304,Rodeiro (MG),..,Quilogramas por Hectare,-,Quilogramas por Hectare
MU,3156403,Romaria (MG),..,Quilogramas por Hectare,-,Quilogramas por Hectare
MU,3156452,Rosário da Limeira (MG),..,Quilogramas por Hectare,-,Quilogramas por Hectare
MU,3156502,Rubelita (MG),..,Quilogramas por Hectare,-,Quilogramas por Hectare
MU,3156601,Rubim (MG),..,Quilogramas por Hectare,-,Quilogramas por Hectare
MU,3156700,Sabará (MG),..,Quilogramas por Hectare,-,Quilogramas por Hectare
MU,3156809,Sabinópolis (MG),..,Quilogramas por Hectare,-,Quilogramas por Hectare
MU,3156908,Sacramento (MG),..,Quilogramas por Hectare,-,Quilogramas por Hectare
MU,3157005,Salinas (MG),..,Quilogramas por Hectare,-,Quilogramas por Hectare
MU,3157104,Salto da Divisa (MG),..,Quilogramas por Hectare,-,Quilogramas por Hectare
MU,3157203,Santa Bárbara (MG),..,Quilogramas por Hectare,-,Quilogramas por Hectare
MU,3157252,Santa Bárbara do Leste (MG),..,Quilogramas por Hectare,-,Quilogramas por Hectare
MU,3157278,Santa Bárbara do Monte Verde (MG),..,Quilogramas por Hectare,-,Quilogramas por Hectare
MU,3157302,Santa Bárbara do Tugúrio (MG),..,Quilogramas por Hectare,-,Quilogramas por Hectare
MU,3157377,Santa Cruz de Salinas (MG),..,Quilogramas por Hectare,-,Quilogramas por Hectare
MU,3157401,Santa Cruz do Escalvado (MG),..,Quilogramas por Hectare,-,Quilogramas por Hectare
MU,3157500,Santa Efigênia de Minas (MG),..,Quilogramas por Hectare,-,Quilogramas por Hectare
MU,3157609,Santa Fé de Minas (MG),..,Quilogramas por Hectare,...,Quilogramas por Hectare
MU,3157658,Santa Helena de Minas (MG),..,Quilogramas por Hectare,-,Quilogramas por Hectare
MU,3157708,Santa Juliana (MG),..,Quilogramas por Hectare,-,Quilogramas por Hectare
MU,3157807,Santa Luzia (MG),..,Quilogramas por Hectare,-,Quilogramas por Hectare
MU,3157906,Santa Margarida (MG),..,Quilogramas por Hectare,-,Quilogramas por Hectare
MU,3158003,Santa Maria de Itabira (MG),..,Quilogramas por Hectare,-,Quilogramas por Hectare
MU,3158102,Santa Maria do Salto (MG),..,Quilogramas por Hectare,-,Quilogramas por Hectare
MU,3158201,Santa Maria do Suaçuí (MG),..,Quilogramas por Hectare,-,Quilogramas por Hectare
MU,3158300,Santana da Vargem (MG),..,Quilogramas por Hectare,-,Quilogramas por Hectare
MU,3158409,Santana de Cataguases (MG),..,Quilogramas por Hectare,-,Quilogramas por Hectare
MU,3158508,Santana de Pirapama (MG),..,Quilogramas por Hectare,-,Quilogramas por Hectare
MU,3158607,Santana do Deserto (MG),..,Quilogramas por Hectare,-,Quilogramas por Hectare
MU,3158706,Santana do Garambéu (MG),..,Quilogramas por Hectare,-,Quilogramas por Hectare
MU,3158805,Santana do Jacaré (MG),..,Quilogramas por Hectare,-,Quilogramas por Hectare
MU,3158904,Santana do Manhuaçu (MG),..,Quilogramas por Hectare,-,Quilogramas por Hectare
MU,3158953,Santana do Paraíso (MG),..,Quilogramas por Hectare,-,Quilogramas por Hectare
MU,3159001,Santana do Riacho (MG),..,Quilogramas por Hectare,-,Quilogramas por Hectare
MU,3159100,Santana dos Montes (MG),..,Quilogramas por Hectare,-,Quilogramas por Hectare
MU,3159209,Santa Rita de Caldas (MG),..,Quilogramas por Hectare,-,Quilogramas por Hectare
MU,3159308,Santa Rita de Jacutinga (MG),..,Quilogramas por Hectare,-,Quilogramas por Hectare
MU,3159357,Santa Rita de Minas (MG),..,Quilogramas por Hectare,-,Quilogramas por Hectare
MU,3159407,Santa Rita de Ibitipoca (MG),..,Quilogramas por Hectare,...,Quilogramas por Hectare
MU,3159506,Santa Rita do Itueto (MG),..,Quilogramas por Hectare,-,Quilogramas por Hectare
MU,3159605,Santa Rita do Sapucaí (MG),..,Quilogramas por Hectare,-,Quilogramas por Hectare
MU,3159704,Santa Rosa da Serra (MG),..,Quilogramas por Hectare,-,Quilogramas por Hectare
MU,3159803,Santa Vitória (MG),..,Quilogramas por Hectare,-,Quilogramas por Hectare
MU,3159902,Santo Antônio do Amparo (MG),..,Quilogramas por Hectare,-,Quilogramas por Hectare
MU,3160009,Santo Antônio do Aventureiro (MG),..,Quilogramas por Hectare,-,Quilogramas por Hectare
MU,3160108,Santo Antônio do Grama (MG),..,Quilogramas por Hectare,-,Quilogramas por Hectare
MU,3160207,Santo Antônio do Itambé (MG),..,Quilogramas por Hectare,-,Quilogramas por Hectare
MU,3160306,Santo Antônio do Jacinto (MG),..,Quilogramas por Hectare,-,Quilogramas por Hectare
MU,3160405,Santo Antônio do Monte (MG),..,Quilogramas por Hectare,-,Quilogramas por Hectare
MU,3160454,Santo Antônio do Retiro (MG),..,Quilogramas por Hectare,-,Quilogramas por Hectare
MU,3160504,Santo Antônio do Rio Abaixo (MG),..,Quilogramas por Hectare,-,Quilogramas por Hectare
MU,3160603,Santo Hipólito (MG),..,Quilogramas por Hectare,-,Quilogramas por Hectare
MU,3160702,Santos Dumont (MG),..,Quilogramas por Hectare,-,Quilogramas por Hectare
MU,3160801,São Bento Abade (MG),..,Quilogramas por Hectare,-,Quilogramas por Hectare
MU,3160900,São Brás do Suaçuí (MG),..,Quilogramas por Hectare,-,Quilogramas por Hectare
MU,3160959,São Domingos das Dores (MG),..,Quilogramas por Hectare,-,Quilogramas por Hectare
MU,3161007,São Domingos do Prata (MG),..,Quilogramas por Hectare,-,Quilogramas por Hectare
MU,3161056,São Félix de Minas (MG),..,Quilogramas por Hectare,-,Quilogramas por Hectare
MU,3161106,São Francisco (MG),..,Quilogramas por Hectare,-,Quilogramas por Hectare
MU,3161205,São Francisco de Paula (MG),..,Quilogramas por Hectare,-,Quilogramas por Hectare
MU,3161304,São Francisco de Sales (MG),..,Quilogramas por Hectare,-,Quilogramas por Hectare
MU,3161403,São Francisco do Glória (MG),..,Quilogramas por Hectare,-,Quilogramas por Hectare
MU,3161502,São Geraldo (MG),..,Quilogramas por Hectare,-,Quilogramas por Hectare
MU,3161601,São Geraldo da Piedade (MG),..,Quilogramas por Hectare,-,Quilogramas por Hectare
MU,3161650,São Geraldo do Baixio (MG),..,Quilogramas por Hectare,-,Quilogramas por Hectare
MU,3161700,São Gonçalo do Abaeté (MG),..,Quilogramas por Hectare,-,Quilogramas por Hectare
MU,3161809,São Gonçalo do Pará (MG),..,Quilogramas por Hectare,-,Quilogramas por Hectare
MU,3161908,São Gonçalo do Rio Abaixo (MG),..,Quilogramas por Hectare,-,Quilogramas por Hectare
MU,3162005,São Gonçalo do Sapucaí (MG),..,Quilogramas por Hectare,-,Quilogramas por Hectare
MU,3162104,São Gotardo (MG),..,Quilogramas por Hectare,-,Quilogramas por Hectare
MU,3162203,São João Batista do Glória (MG),..,Quilogramas por Hectare,-,Quilogramas por Hectare
MU,3162252,São João da Lagoa (MG),..,Quilogramas por Hectare,-,Quilogramas por Hectare
MU,3162302,São João da Mata (MG),..,Quilogramas por Hectare,-,Quilogramas por Hectare
MU,3162401,São João da Ponte (MG),..,Quilogramas por Hectare,-,Quilogramas por Hectare
MU,3162450,São João das Missões (MG),..,Quilogramas por Hectare,-,Quilogramas por Hectare
MU,3162500,São João del Rei (MG),..,Quilogramas por Hectare,-,Quilogramas por Hectare
MU,3162559,São João do Manhuaçu (MG),..,Quilogramas por Hectare,-,Quilogramas por Hectare
MU,3162575,São João do Manteninha (MG),..,Quilogramas por Hectare,-,Quilogramas por Hectare
MU,3162609,São João do Oriente (MG),..,Quilogramas por Hectare,-,Quilogramas por Hectare
MU,3162658,São João do Pacuí (MG),..,Quilogramas por Hectare,-,Quilogramas por Hectare
MU,3162708,São João do Paraíso (MG),..,Quilogramas por Hectare,-,Quilogramas por Hectare
MU,3162807,São João Evangelista (MG),..,Quilogramas por Hectare,-,Quilogramas por Hectare
MU,3162906,São João Nepomuceno (MG),..,Quilogramas por Hectare,-,Quilogramas por Hectare
MU,3162922,São Joaquim de Bicas (MG),..,Quilogramas por Hectare,-,Quilogramas por Hectare
MU,3162948,São José da Barra (MG),..,Quilogramas por Hectare,-,Quilogramas por Hectare
MU,3162955,São José da Lapa (MG),..,Quilogramas por Hectare,-,Quilogramas por Hectare
MU,3163003,São José da Safira (MG),..,Quilogramas por Hectare,-,Quilogramas por Hectare
MU,3163102,São José da Varginha (MG),..,Quilogramas por Hectare,-,Quilogramas por Hectare
MU,3163201,São José do Alegre (MG),..,Quilogramas por Hectare,-,Quilogramas por Hectare
MU,3163300,São José do Divino (MG),..,Quilogramas por Hectare,-,Quilogramas por Hectare
MU,3163409,São José do Goiabal (MG),..,Quilogramas por Hectare,-,Quilogramas por Hectare
MU,3163508,São José do Jacuri (MG),..,Quilogramas por Hectare,-,Quilogramas por Hectare
MU,3163607,São José do Mantimento (MG),..,Quilogramas por Hectare,-,Quilogramas por Hectare
MU,3163706,São Lourenço (MG),..,Quilogramas por Hectare,-,Quilogramas por Hectare
MU,3163805,São Miguel do Anta (MG),..,Quilogramas por Hectare,-,Quilogramas por Hectare
MU,3163904,São Pedro da União (MG),..,Quilogramas por Hectare,-,Quilogramas por Hectare
MU,3164001,São Pedro dos Ferros (MG),..,Quilogramas por Hectare,-,Quilogramas por Hectare
MU,3164100,São Pedro do Suaçuí (MG),..,Quilogramas por Hectare,-,Quilogramas por Hectare
MU,3164209,São Romão (MG),..,Quilogramas por Hectare,...,Quilogramas por Hectare
MU,3164308,São Roque de Minas (MG),..,Quilogramas por Hectare,-,Quilogramas por Hectare
MU,3164407,São Sebastião da Bela Vista (MG),..,Quilogramas por Hectare,-,Quilogramas por Hectare
MU,3164431,São Sebastião da Vargem Alegre (MG),..,Quilogramas por Hectare,-,Quilogramas por Hectare
MU,3164472,São Sebastião do Anta (MG),..,Quilogramas por Hectare,-,Quilogramas por Hectare
MU,3164506,São Sebastião do Maranhão (MG),..,Quilogramas por Hectare,-,Quilogramas por Hectare
MU,3164605,São Sebastião do Oeste (MG),..,Quilogramas por Hectare,-,Quilogramas por Hectare
MU,3164704,São Sebastião do Paraíso (MG),..,Quilogramas por Hectare,-,Quilogramas por Hectare
MU,3164803,São Sebastião do Rio Preto (MG),..,Quilogramas por Hectare,-,Quilogramas por Hectare
MU,3164902,São Sebastião do Rio Verde (MG),..,Quilogramas por Hectare,-,Quilogramas por Hectare
MU,3165008,São Tiago (MG),..,Quilogramas por Hectare,-,Quilogramas por Hectare
MU,3165107,São Tomás de Aquino (MG),..,Quilogramas por Hectare,-,Quilogramas por Hectare
MU,3165206,São Tomé das Letras (MG),..,Quilogramas por Hectare,-,Quilogramas por Hectare
MU,3165305,São Vicente de Minas (MG),..,Quilogramas por Hectare,-,Quilogramas por Hectare
MU,3165404,Sapucaí-Mirim (MG),..,Quilogramas por Hectare,-,Quilogramas por Hectare
MU,3165503,Sardoá (MG),..,Quilogramas por Hectare,-,Quilogramas por Hectare
MU,3165537,Sarzedo (MG),..,Quilogramas por Hectare,-,Quilogramas por Hectare
MU,3165552,Setubinha (MG),..,Quilogramas por Hectare,-,Quilogramas por Hectare
MU,3165560,Sem-Peixe (MG),..,Quilogramas por Hectare,-,Quilogramas por Hectare
MU,3165578,Senador Amaral (MG),..,Quilogramas por Hectare,-,Quilogramas por Hectare
MU,3165602,Senador Cortes (MG),..,Quilogramas por Hectare,-,Quilogramas por Hectare
MU,3165701,Senador Firmino (MG),..,Quilogramas por Hectare,-,Quilogramas por Hectare
MU,3165800,Senador José Bento (MG),..,Quilogramas por Hectare,-,Quilogramas por Hectare
MU,3165909,Senador Modestino Gonçalves (MG),..,Quilogramas por Hectare,-,Quilogramas por Hectare
MU,3166006,Senhora de Oliveira (MG),..,Quilogramas por Hectare,-,Quilogramas por Hectare
MU,3166105,Senhora do Porto (MG),..,Quilogramas por Hectare,-,Quilogramas por Hectare
MU,3166204,Senhora dos Remédios (MG),..,Quilogramas por Hectare,-,Quilogramas por Hectare
MU,3166303,Sericita (MG),..,Quilogramas por Hectare,-,Quilogramas por Hectare
MU,3166402,Seritinga (MG),..,Quilogramas por Hectare,-,Quilogramas por Hectare
MU,3166501,Serra Azul de Minas (MG),..,Quilogramas por Hectare,-,Quilogramas por Hectare
MU,3166600,Serra da Saudade (MG),..,Quilogramas por Hectare,...,Quilogramas por Hectare
MU,3166709,Serra dos Aimorés (MG),..,Quilogramas por Hectare,-,Quilogramas por Hectare
MU,3166808,Serra do Salitre (MG),..,Quilogramas por Hectare,-,Quilogramas por Hectare
MU,3166907,Serrania (MG),..,Quilogramas por Hectare,-,Quilogramas por Hectare
MU,3166956,Serranópolis de Minas (MG),..,Quilogramas por Hectare,-,Quilogramas por Hectare
MU,3167004,Serranos (MG),..,Quilogramas por Hectare,-,Quilogramas por Hectare
MU,3167103,Serro (MG),..,Quilogramas por Hectare,-,Quilogramas por Hectare
MU,3167202,Sete Lagoas (MG),..,Quilogramas por Hectare,-,Quilogramas por Hectare
MU,3167301,Silveirânia (MG),..,Quilogramas por Hectare,-,Quilogramas por Hectare
MU,3167400,Silvianópolis (MG),..,Quilogramas por Hectare,-,Quilogramas por Hectare
MU,3167509,Simão Pereira (MG),..,Quilogramas por Hectare,-,Quilogramas por Hectare
MU,3167608,Simonésia (MG),..,Quilogramas por Hectare,-,Quilogramas por Hectare
MU,3167707,Sobrália (MG),..,Quilogramas por Hectare,-,Quilogramas por Hectare
MU,3167806,Soledade de Minas (MG),..,Quilogramas por Hectare,-,Quilogramas por Hectare
MU,3167905,Tabuleiro (MG),..,Quilogramas por Hectare,-,Quilogramas por Hectare
MU,3168002,Taiobeiras (MG),..,Quilogramas por Hectare,-,Quilogramas por Hectare
MU,3168051,Taparuba (MG),..,Quilogramas por Hectare,-,Quilogramas por Hectare
MU,3168101,Tapira (MG),..,Quilogramas por Hectare,-,Quilogramas por Hectare
MU,3168200,Tapiraí (MG),..,Quilogramas por Hectare,-,Quilogramas por Hectare
MU,3168309,Taquaraçu de Minas (MG),..,Quilogramas por Hectare,-,Quilogramas por Hectare
MU,3168408,Tarumirim (MG),..,Quilogramas por Hectare,-,Quilogramas por Hectare
MU,3168507,Teixeiras (MG),..,Quilogramas por Hectare,-,Quilogramas por Hectare
MU,3168606,Teófilo Otoni (MG),..,Quilogramas por Hectare,-,Quilogramas por Hectare
MU,3168705,Timóteo (MG),..,Quilogramas por Hectare,-,Quilogramas por Hectare
MU,3168804,Tiradentes (MG),..,Quilogramas por Hectare,-,Quilogramas por Hectare
MU,3168903,Tiros (MG),..,Quilogramas por Hectare,-,Quilogramas por Hectare
MU,3169000,Tocantins (MG),..,Quilogramas por Hectare,-,Quilogramas por Hectare
MU,3169059,Tocos do Moji (MG),..,Quilogramas por Hectare,-,Quilogramas por Hectare
MU,3169109,Toledo (MG),..,Quilogramas por Hectare,-,Quilogramas por Hectare
MU,3169208,Tombos (MG),..,Quilogramas por Hectare,-,Quilogramas por Hectare
MU,3169307,Três Corações (MG),..,Quilogramas por Hectare,-,Quilogramas por Hectare
MU,3169356,Três Marias (MG),..,Quilogramas por Hectare,-,Quilogramas por Hectare
MU,3169406,Três Pontas (MG),..,Quilogramas por Hectare,-,Quilogramas por Hectare
MU,3169505,Tumiritinga (MG),..,Quilogramas por Hectare,-,Quilogramas por Hectare
MU,3169604,Tupaciguara (MG),..,Quilogramas por Hectare,-,Quilogramas por Hectare
MU,3169703,Turmalina (MG),..,Quilogramas por Hectare,-,Quilogramas por Hectare
MU,3169802,Turvolândia (MG),..,Quilogramas por Hectare,-,Quilogramas por Hectare
MU,3169901,Ubá (MG),..,Quilogramas por Hectare,-,Quilogramas por Hectare
MU,3170008,Ubaí (MG),..,Quilogramas por Hectare,-,Quilogramas por Hectare
MU,3170057,Ubaporanga (MG),..,Quilogramas por Hectare,-,Quilogramas por Hectare
MU,3170107,Uberaba (MG),..,Quilogramas por Hectare,-,Quilogramas por Hectare
MU,3170206,Uberlândia (MG),..,Quilogramas por Hectare,-,Quilogramas por Hectare
MU,3170305,Umburatiba (MG),..,Quilogramas por Hectare,...,Quilogramas por Hectare
MU,3170404,Unaí (MG),..,Quilogramas por Hectare,-,Quilogramas por Hectare
MU,3170438,União de Minas (MG),..,Quilogramas por Hectare,-,Quilogramas por Hectare
MU,3170479,Uruana de Minas (MG),..,Quilogramas por Hectare,-,Quilogramas por Hectare
MU,3170503,Urucânia (MG),..,Quilogramas por Hectare,-,Quilogramas por Hectare
MU,3170529,Urucuia (MG),..,Quilogramas por Hectare,-,Quilogramas por Hectare
MU,3170578,Vargem Alegre (MG),..,Quilogramas por Hectare,-,Quilogramas por Hectare
MU,3170602,Vargem Bonita (MG),..,Quilogramas por Hectare,-,Quilogramas por Hectare
MU,3170651,Vargem Grande do Rio Pardo (MG),..,Quilogramas por Hectare,-,Quilogramas por Hectare
MU,3170701,Varginha (MG),..,Quilogramas por Hectare,-,Quilogramas por Hectare
MU,3170750,Varjão de Minas (MG),..,Quilogramas por Hectare,-,Quilogramas por Hectare
MU,3170800,Várzea da Palma (MG),..,Quilogramas por Hectare,-,Quilogramas por Hectare
MU,3170909,Varzelândia (MG),..,Quilogramas por Hectare,-,Quilogramas por Hectare
MU,3171006,Vazante (MG),..,Quilogramas por Hectare,...,Quilogramas por Hectare
MU,3171030,Verdelândia (MG),..,Quilogramas por Hectare,-,Quilogramas por Hectare
MU,3171071,Veredinha (MG),..,Quilogramas por Hectare,-,Quilogramas por Hectare
MU,3171105,Veríssimo (MG),..,Quilogramas por Hectare,-,Quilogramas por Hectare
MU,3171154,Vermelho Novo (MG),..,Quilogramas por Hectare,-,Quilogramas por Hectare
MU,3171204,Vespasiano (MG),..,Quilogramas por Hectare,...,Quilogramas por Hectare
MU,3171303,Viçosa (MG),..,Quilogramas por Hectare,-,Quilogramas por Hectare
MU,3171402,Vieiras (MG),..,Quilogramas por Hectare,-,Quilogramas por Hectare
MU,3171501,Mathias Lobato (MG),..,Quilogramas por Hectare,-,Quilogramas por Hectare
MU,3171600,Virgem da Lapa (MG),..,Quilogramas por Hectare,-,Quilogramas por Hectare
MU,3171709,Virgínia (MG),..,Quilogramas por Hectare,-,Quilogramas por Hectare
MU,3171808,Virginópolis (MG),..,Quilogramas por Hectare,-,Quilogramas por Hectare
MU,3171907,Virgolândia (MG),..,Quilogramas por Hectare,-,Quilogramas por Hectare
MU,3172004,Visconde do Rio Branco (MG),..,Quilogramas por Hectare,-,Quilogramas por Hectare
MU,3172103,Volta Grande (MG),..,Quilogramas por Hectare,-,Quilogramas por Hectare
MU,3172202,Wenceslau Braz (MG),..,Quilogramas por Hectare,-,Quilogramas por Hectare
MU,3200102,Afonso Cláudio (ES),..,Quilogramas por Hectare,-,Quilogramas por Hectare
MU,3200136,Águia Branca (ES),..,Quilogramas por Hectare,-,Quilogramas por Hectare
MU,3200169,Água Doce do Norte (ES),..,Quilogramas por Hectare,-,Quilogramas por Hectare
MU,3200201,Alegre (ES),..,Quilogramas por Hectare,-,Quilogramas por Hectare
MU,3200300,Alfredo Chaves (ES),..,Quilogramas por Hectare,3167,Quilogramas por Hectare
MU,3200359,Alto Rio Novo (ES),..,Quilogramas por Hectare,-,Quilogramas por Hectare
MU,3200409,Anchieta (ES),..,Quilogramas por Hectare,3000,Quilogramas por Hectare
MU,3200508,Apiacá (ES),..,Quilogramas por Hectare,-,Quilogramas por Hectare
MU,3200607,Aracruz (ES),..,Quilogramas por Hectare,-,Quilogramas por Hectare
MU,3200706,Atílio Vivácqua (ES),..,Quilogramas por Hectare,-,Quilogramas por Hectare
MU,3200805,Baixo Guandu (ES),..,Quilogramas por Hectare,-,Quilogramas por Hectare
MU,3200904,Barra de São Francisco (ES),..,Quilogramas por Hectare,-,Quilogramas por Hectare
MU,3201001,Boa Esperança (ES),..,Quilogramas por Hectare,-,Quilogramas por Hectare
MU,3201100,Bom Jesus do Norte (ES),..,Quilogramas por Hectare,-,Quilogramas por Hectare
MU,3201159,Brejetuba (ES),..,Quilogramas por Hectare,-,Quilogramas por Hectare
MU,3201209,Cachoeiro de Itapemirim (ES),..,Quilogramas por Hectare,-,Quilogramas por Hectare
MU,3201308,Cariacica (ES),..,Quilogramas por Hectare,-,Quilogramas por Hectare
MU,3201407,Castelo (ES),..,Quilogramas por Hectare,-,Quilogramas por Hectare
MU,3201506,Colatina (ES),..,Quilogramas por Hectare,4000,Quilogramas por Hectare
MU,3201605,Conceição da Barra (ES),..,Quilogramas por Hectare,-,Quilogramas por Hectare
MU,3201704,Conceição do Castelo (ES),..,Quilogramas por Hectare,-,Quilogramas por Hectare
MU,3201803,Divino de São Lourenço (ES),..,Quilogramas por Hectare,-,Quilogramas por Hectare
MU,3201902,Domingos Martins (ES),..,Quilogramas por Hectare,-,Quilogramas por Hectare
MU,3202009,Dores do Rio Preto (ES),..,Quilogramas por Hectare,-,Quilogramas por Hectare
MU,3202108,Ecoporanga (ES),..,Quilogramas por Hectare,-,Quilogramas por Hectare
MU,3202207,Fundão (ES),..,Quilogramas por Hectare,-,Quilogramas por Hectare
MU,3202256,Governador Lindenberg (ES),..,Quilogramas por Hectare,-,Quilogramas por Hectare
MU,3202306,Guaçuí (ES),..,Quilogramas por Hectare,-,Quilogramas por Hectare
MU,3202405,Guarapari (ES),..,Quilogramas por Hectare,-,Quilogramas por Hectare
MU,3202454,Ibatiba (ES),..,Quilogramas por Hectare,-,Quilogramas por Hectare
MU,3202504,Ibiraçu (ES),..,Quilogramas por Hectare,-,Quilogramas por Hectare
MU,3202553,Ibitirama (ES),..,Quilogramas por Hectare,-,Quilogramas por Hectare
MU,3202603,Iconha (ES),..,Quilogramas por Hectare,5000,Quilogramas por Hectare
MU,3202652,Irupi (ES),..,Quilogramas por Hectare,-,Quilogramas por Hectare
MU,3202702,Itaguaçu (ES),..,Quilogramas por Hectare,-,Quilogramas por Hectare
MU,3202801,Itapemirim (ES),..,Quilogramas por Hectare,-,Quilogramas por Hectare
MU,3202900,Itarana (ES),..,Quilogramas por Hectare,-,Quilogramas por Hectare
MU,3203007,Iúna (ES),..,Quilogramas por Hectare,-,Quilogramas por Hectare
MU,3203056,Jaguaré (ES),..,Quilogramas por Hectare,-,Quilogramas por Hectare
MU,3203106,Jerônimo Monteiro (ES),..,Quilogramas por Hectare,-,Quilogramas por Hectare
MU,3203130,João Neiva (ES),..,Quilogramas por Hectare,-,Quilogramas por Hectare
MU,3203163,Laranja da Terra (ES),..,Quilogramas por Hectare,-,Quilogramas por Hectare
MU,3203205,Linhares (ES),..,Quilogramas por Hectare,-,Quilogramas por Hectare
MU,3203304,Mantenópolis (ES),..,Quilogramas por Hectare,-,Quilogramas por Hectare
MU,3203320,Marataízes (ES),..,Quilogramas por Hectare,-,Quilogramas por Hectare
MU,3203346,Marechal Floriano (ES),..,Quilogramas por Hectare,-,Quilogramas por Hectare
MU,3203353,Marilândia (ES),..,Quilogramas por Hectare,-,Quilogramas por Hectare
MU,3203403,Mimoso do Sul (ES),..,Quilogramas por Hectare,-,Quilogramas por Hectare
MU,3203502,Montanha (ES),..,Quilogramas por Hectare,-,Quilogramas por Hectare
MU,3203601,Mucurici (ES),..,Quilogramas por Hectare,-,Quilogramas por Hectare
MU,3203700,Muniz Freire (ES),..,Quilogramas por Hectare,-,Quilogramas por Hectare
MU,3203809,Muqui (ES),..,Quilogramas por Hectare,-,Quilogramas por Hectare
MU,3203908,Nova Venécia (ES),..,Quilogramas por Hectare,-,Quilogramas por Hectare
MU,3204005,Pancas (ES),..,Quilogramas por Hectare,-,Quilogramas por Hectare
MU,3204054,Pedro Canário (ES),..,Quilogramas por Hectare,-,Quilogramas por Hectare
MU,3204104,Pinheiros (ES),..,Quilogramas por Hectare,-,Quilogramas por Hectare
MU,3204203,Piúma (ES),..,Quilogramas por Hectare,-,Quilogramas por Hectare
MU,3204252,Ponto Belo (ES),..,Quilogramas por Hectare,-,Quilogramas por Hectare
MU,3204302,Presidente Kennedy (ES),..,Quilogramas por Hectare,-,Quilogramas por Hectare
MU,3204351,Rio Bananal (ES),..,Quilogramas por Hectare,-,Quilogramas por Hectare
MU,3204401,Rio Novo do Sul (ES),..,Quilogramas por Hectare,-,Quilogramas por Hectare
MU,3204500,Santa Leopoldina (ES),..,Quilogramas por Hectare,3500,Quilogramas por Hectare
MU,3204559,Santa Maria de Jetibá (ES),..,Quilogramas por Hectare,-,Quilogramas por Hectare
MU,3204609,Santa Teresa (ES),..,Quilogramas por Hectare,-,Quilogramas por Hectare
MU,3204658,São Domingos do Norte (ES),..,Quilogramas por Hectare,-,Quilogramas por Hectare
MU,3204708,São Gabriel da Palha (ES),..,Quilogramas por Hectare,-,Quilogramas por Hectare
MU,3204807,São José do Calçado (ES),..,Quilogramas por Hectare,-,Quilogramas por Hectare
MU,3204906,São Mateus (ES),..,Quilogramas por Hectare,-,Quilogramas por Hectare
MU,3204955,São Roque do Canaã (ES),..,Quilogramas por Hectare,-,Quilogramas por Hectare
MU,3205002,Serra (ES),..,Quilogramas por Hectare,-,Quilogramas por Hectare
MU,3205010,Sooretama (ES),..,Quilogramas por Hectare,-,Quilogramas por Hectare
MU,3205036,Vargem Alta (ES),..,Quilogramas por Hectare,-,Quilogramas por Hectare
MU,3205069,Venda Nova do Imigrante (ES),..,Quilogramas por Hectare,-,Quilogramas por Hectare
MU,3205101,Viana (ES),..,Quilogramas por Hectare,-,Quilogramas por Hectare
MU,3205150,Vila Pavão (ES),..,Quilogramas por Hectare,-,Quilogramas por Hectare
MU,3205176,Vila Valério (ES),..,Quilogramas por Hectare,-,Quilogramas por Hectare
MU,3205200,Vila Velha (ES),..,Quilogramas por Hectare,-,Quilogramas por Hectare
MU,3205309,Vitória (ES),..,Quilogramas por Hectare,...,Quilogramas por Hectare
MU,3300100,Angra dos Reis (RJ),..,Quilogramas por Hectare,-,Quilogramas por Hectare
MU,3300159,Aperibé (RJ),..,Quilogramas por Hectare,-,Quilogramas por Hectare
MU,3300209,Araruama (RJ),..,Quilogramas por Hectare,-,Quilogramas por Hectare
MU,3300225,Areal (RJ),..,Quilogramas por Hectare,-,Quilogramas por Hectare
MU,3300233,Armação dos Búzios (RJ),..,Quilogramas por Hectare,-,Quilogramas por Hectare
MU,3300308,Barra do Piraí (RJ),..,Quilogramas por Hectare,-,Quilogramas por Hectare
MU,3300407,Barra Mansa (RJ),..,Quilogramas por Hectare,-,Quilogramas por Hectare
MU,3300456,Belford Roxo (RJ),..,Quilogramas por Hectare,...,Quilogramas por Hectare
MU,3300506,Bom Jardim (RJ),..,Quilogramas por Hectare,-,Quilogramas por Hectare
MU,3300605,Bom Jesus do Itabapoana (RJ),..,Quilogramas por Hectare,-,Quilogramas por Hectare
MU,3300704,Cabo Frio (RJ),..,Quilogramas por Hectare,-,Quilogramas por Hectare
MU,3300803,Cachoeiras de Macacu (RJ),..,Quilogramas por Hectare,-,Quilogramas por Hectare
MU,3300902,Cambuci (RJ),..,Quilogramas por Hectare,-,Quilogramas por Hectare
MU,3300936,Carapebus (RJ),..,Quilogramas por Hectare,-,Quilogramas por Hectare
MU,3300951,Comendador Levy Gasparian (RJ),..,Quilogramas por Hectare,-,Quilogramas por Hectare
MU,3301009,Campos dos Goytacazes (RJ),..,Quilogramas por Hectare,-,Quilogramas por Hectare
MU,3301108,Cantagalo (RJ),..,Quilogramas por Hectare,-,Quilogramas por Hectare
MU,3301157,Cardoso Moreira (RJ),..,Quilogramas por Hectare,-,Quilogramas por Hectare
MU,3301207,Carmo (RJ),..,Quilogramas por Hectare,-,Quilogramas por Hectare
MU,3301306,Casimiro de Abreu (RJ),..,Quilogramas por Hectare,-,Quilogramas por Hectare
MU,3301405,Conceição de Macabu (RJ),..,Quilogramas por Hectare,-,Quilogramas por Hectare
MU,3301504,Cordeiro (RJ),..,Quilogramas por Hectare,-,Quilogramas por Hectare
MU,3301603,Duas Barras (RJ),..,Quilogramas por Hectare,-,Quilogramas por Hectare
MU,3301702,Duque de Caxias (RJ),..,Quilogramas por Hectare,-,Quilogramas por Hectare
MU,3301801,Engenheiro Paulo de Frontin (RJ),..,Quilogramas por Hectare,-,Quilogramas por Hectare
MU,3301850,Guapimirim (RJ),..,Quilogramas por Hectare,-,Quilogramas por Hectare
MU,3301876,Iguaba Grande (RJ),..,Quilogramas por Hectare,-,Quilogramas por Hectare
MU,3301900,Itaboraí (RJ),..,Quilogramas por Hectare,-,Quilogramas por Hectare
MU,3302007,Itaguaí (RJ),..,Quilogramas por Hectare,-,Quilogramas por Hectare
MU,3302056,Italva (RJ),..,Quilogramas por Hectare,-,Quilogramas por Hectare
MU,3302106,Itaocara (RJ),..,Quilogramas por Hectare,-,Quilogramas por Hectare
MU,3302205,Itaperuna (RJ),..,Quilogramas por Hectare,-,Quilogramas por Hectare
MU,3302254,Itatiaia (RJ),..,Quilogramas por Hectare,...,Quilogramas por Hectare
MU,3302270,Japeri (RJ),..,Quilogramas por Hectare,-,Quilogramas por Hectare
MU,3302304,Laje do Muriaé (RJ),..,Quilogramas por Hectare,-,Quilogramas por Hectare
MU,3302403,Macaé (RJ),..,Quilogramas por Hectare,-,Quilogramas por Hectare
MU,3302452,Macuco (RJ),..,Quilogramas por Hectare,-,Quilogramas por Hectare
MU,3302502,Magé (RJ),..,Quilogramas por Hectare,-,Quilogramas por Hectare
MU,3302601,Mangaratiba (RJ),..,Quilogramas por Hectare,-,Quilogramas por Hectare
MU,3302700,Maricá (RJ),..,Quilogramas por Hectare,-,Quilogramas por Hectare
MU,3302809,Mendes (RJ),..,Quilogramas por Hectare,-,Quilogramas por Hectare
MU,3302858,Mesquita (RJ),..,Quilogramas por Hectare,...,Quilogramas por Hectare
MU,3302908,Miguel Pereira (RJ),..,Quilogramas por Hectare,-,Quilogramas por Hectare
MU,3303005,Miracema (RJ),..,Quilogramas por Hectare,-,Quilogramas por Hectare
MU,3303104,Natividade (RJ),..,Quilogramas por Hectare,-,Quilogramas por Hectare
MU,3303302,Niterói (RJ),..,Quilogramas por Hectare,-,Quilogramas por Hectare
MU,3303401,Nova Friburgo (RJ),..,Quilogramas por Hectare,-,Quilogramas por Hectare
MU,3303500,Nova Iguaçu (RJ),..,Quilogramas por Hectare,-,Quilogramas por Hectare
MU,3303609,Paracambi (RJ),..,Quilogramas por Hectare,-,Quilogramas por Hectare
MU,3303708,Paraíba do Sul (RJ),..,Quilogramas por Hectare,-,Quilogramas por Hectare
MU,3303807,Paraty (RJ),..,Quilogramas por Hectare,-,Quilogramas por Hectare
MU,3303856,Paty do Alferes (RJ),..,Quilogramas por Hectare,-,Quilogramas por Hectare
MU,3303906,Petrópolis (RJ),..,Quilogramas por Hectare,-,Quilogramas por Hectare
MU,3303955,Pinheiral (RJ),..,Quilogramas por Hectare,-,Quilogramas por Hectare
MU,3304003,Piraí (RJ),..,Quilogramas por Hectare,-,Quilogramas por Hectare
MU,3304102,Porciúncula (RJ),..,Quilogramas por Hectare,-,Quilogramas por Hectare
MU,3304110,Porto Real (RJ),..,Quilogramas por Hectare,-,Quilogramas por Hectare
MU,3304128,Quatis (RJ),..,Quilogramas por Hectare,-,Quilogramas por Hectare
MU,3304144,Queimados (RJ),..,Quilogramas por Hectare,-,Quilogramas por Hectare
MU,3304151,Quissamã (RJ),..,Quilogramas por Hectare,-,Quilogramas por Hectare
MU,3304201,Resende (RJ),..,Quilogramas por Hectare,...,Quilogramas por Hectare
MU,3304300,Rio Bonito (RJ),..,Quilogramas por Hectare,-,Quilogramas por Hectare
MU,3304409,Rio Claro (RJ),..,Quilogramas por Hectare,-,Quilogramas por Hectare
MU,3304508,Rio das Flores (RJ),..,Quilogramas por Hectare,-,Quilogramas por Hectare
MU,3304524,Rio das Ostras (RJ),..,Quilogramas por Hectare,-,Quilogramas por Hectare
MU,3304557,Rio de Janeiro (RJ),..,Quilogramas por Hectare,-,Quilogramas por Hectare
MU,3304607,Santa Maria Madalena (RJ),..,Quilogramas por Hectare,-,Quilogramas por Hectare
MU,3304706,Santo Antônio de Pádua (RJ),..,Quilogramas por Hectare,-,Quilogramas por Hectare
MU,3304755,São Francisco de Itabapoana (RJ),..,Quilogramas por Hectare,-,Quilogramas por Hectare
MU,3304805,São Fidélis (RJ),..,Quilogramas por Hectare,-,Quilogramas por Hectare
MU,3304904,São Gonçalo (RJ),..,Quilogramas por Hectare,-,Quilogramas por Hectare
MU,3305000,São João da Barra (RJ),..,Quilogramas por Hectare,-,Quilogramas por Hectare
MU,3305133,São José de Ubá (RJ),..,Quilogramas por Hectare,-,Quilogramas por Hectare
MU,3305158,São José do Vale do Rio Preto (RJ),..,Quilogramas por Hectare,-,Quilogramas por Hectare
MU,3305208,São Pedro da Aldeia (RJ),..,Quilogramas por Hectare,-,Quilogramas por Hectare
MU,3305307,São Sebastião do Alto (RJ),..,Quilogramas por Hectare,-,Quilogramas por Hectare
MU,3305406,Sapucaia (RJ),..,Quilogramas por Hectare,-,Quilogramas por Hectare
MU,3305505,Saquarema (RJ),..,Quilogramas por Hectare,-,Quilogramas por Hectare
MU,3305554,Seropédica (RJ),..,Quilogramas por Hectare,-,Quilogramas por Hectare
MU,3305604,Silva Jardim (RJ),..,Quilogramas por Hectare,-,Quilogramas por Hectare
MU,3305703,Sumidouro (RJ),..,Quilogramas por Hectare,-,Quilogramas por Hectare
MU,3305752,Tanguá (RJ),..,Quilogramas por Hectare,-,Quilogramas por Hectare
MU,3305802,Teresópolis (RJ),..,Quilogramas por Hectare,-,Quilogramas por Hectare
MU,3305901,Trajano de Moraes (RJ),..,Quilogramas por Hectare,-,Quilogramas por Hectare
MU,3306008,Três Rios (RJ),..,Quilogramas por Hectare,-,Quilogramas por Hectare
MU,3306107,Valença (RJ),..,Quilogramas por Hectare,-,Quilogramas por Hectare
MU,3306156,Varre-Sai (RJ),..,Quilogramas por Hectare,-,Quilogramas por Hectare
MU,3306206,Vassouras (RJ),..,Quilogramas por Hectare,-,Quilogramas por Hectare
MU,3306305,Volta Redonda (RJ),..,Quilogramas por Hectare,-,Quilogramas por Hectare
MU,3500105,Adamantina (SP),..,Quilogramas por Hectare,-,Quilogramas por Hectare
MU,3500204,Adolfo (SP),..,Quilogramas por Hectare,-,Quilogramas por Hectare
MU,3500303,Aguaí (SP),..,Quilogramas por Hectare,-,Quilogramas por Hectare
MU,3500402,Águas da Prata (SP),..,Quilogramas por Hectare,-,Quilogramas por Hectare
MU,3500501,Águas de Lindóia (SP),..,Quilogramas por Hectare,-,Quilogramas por Hectare
MU,3500550,Águas de Santa Bárbara (SP),..,Quilogramas por Hectare,-,Quilogramas por Hectare
MU,3500600,Águas de São Pedro (SP),..,Quilogramas por Hectare,...,Quilogramas por Hectare
MU,3500709,Agudos (SP),..,Quilogramas por Hectare,-,Quilogramas por Hectare
MU,3500758,Alambari (SP),..,Quilogramas por Hectare,-,Quilogramas por Hectare
MU,3500808,Alfredo Marcondes (SP),..,Quilogramas por Hectare,-,Quilogramas por Hectare
MU,3500907,Altair (SP),..,Quilogramas por Hectare,-,Quilogramas por Hectare
MU,3501004,Altinópolis (SP),..,Quilogramas por Hectare,-,Quilogramas por Hectare
MU,3501103,Alto Alegre (SP),..,Quilogramas por Hectare,-,Quilogramas por Hectare
MU,3501152,Alumínio (SP),..,Quilogramas por Hectare,...,Quilogramas por Hectare
MU,3501202,Álvares Florence (SP),..,Quilogramas por Hectare,-,Quilogramas por Hectare
MU,3501301,Álvares Machado (SP),..,Quilogramas por Hectare,-,Quilogramas por Hectare
MU,3501400,Álvaro de Carvalho (SP),..,Quilogramas por Hectare,-,Quilogramas por Hectare
MU,3501509,Alvinlândia (SP),..,Quilogramas por Hectare,-,Quilogramas por Hectare
MU,3501608,Americana (SP),..,Quilogramas por Hectare,...,Quilogramas por Hectare
MU,3501707,Américo Brasiliense (SP),..,Quilogramas por Hectare,-,Quilogramas por Hectare
MU,3501806,Américo de Campos (SP),..,Quilogramas por Hectare,-,Quilogramas por Hectare
MU,3501905,Amparo (SP),..,Quilogramas por Hectare,-,Quilogramas por Hectare
MU,3502002,Analândia (SP),..,Quilogramas por Hectare,-,Quilogramas por Hectare
MU,3502101,Andradina (SP),..,Quilogramas por Hectare,-,Quilogramas por Hectare
MU,3502200,Angatuba (SP),..,Quilogramas por Hectare,-,Quilogramas por Hectare
MU,3502309,Anhembi (SP),..,Quilogramas por Hectare,-,Quilogramas por Hectare
MU,3502408,Anhumas (SP),..,Quilogramas por Hectare,-,Quilogramas por Hectare
MU,3502507,Aparecida (SP),..,Quilogramas por Hectare,...,Quilogramas por Hectare
MU,3502606,Aparecida d'Oeste (SP),..,Quilogramas por Hectare,-,Quilogramas por Hectare
MU,3502705,Apiaí (SP),..,Quilogramas por Hectare,-,Quilogramas por Hectare
MU,3502754,Araçariguama (SP),..,Quilogramas por Hectare,-,Quilogramas por Hectare
MU,3502804,Araçatuba (SP),..,Quilogramas por Hectare,-,Quilogramas por Hectare
MU,3502903,Araçoiaba da Serra (SP),..,Quilogramas por Hectare,-,Quilogramas por Hectare
MU,3503000,Aramina (SP),..,Quilogramas por Hectare,-,Quilogramas por Hectare
MU,3503109,Arandu (SP),..,Quilogramas por Hectare,-,Quilogramas por Hectare
MU,3503158,Arapeí (SP),..,Quilogramas por Hectare,-,Quilogramas por Hectare
MU,3503208,Araraquara (SP),..,Quilogramas por Hectare,-,Quilogramas por Hectare
MU,3503307,Araras (SP),..,Quilogramas por Hectare,-,Quilogramas por Hectare
MU,3503356,Arco-Íris (SP),..,Quilogramas por Hectare,-,Quilogramas por Hectare
MU,3503406,Arealva (SP),..,Quilogramas por Hectare,-,Quilogramas por Hectare
MU,3503505,Areias (SP),..,Quilogramas por Hectare,-,Quilogramas por Hectare
MU,3503604,Areiópolis (SP),..,Quilogramas por Hectare,-,Quilogramas por Hectare
MU,3503703,Ariranha (SP),..,Quilogramas por Hectare,-,Quilogramas por Hectare
MU,3503802,Artur Nogueira (SP),..,Quilogramas por Hectare,-,Quilogramas por Hectare
MU,3503901,Arujá (SP),..,Quilogramas por Hectare,...,Quilogramas por Hectare
MU,3503950,Aspásia (SP),..,Quilogramas por Hectare,-,Quilogramas por Hectare
MU,3504008,Assis (SP),..,Quilogramas por Hectare,-,Quilogramas por Hectare
MU,3504107,Atibaia (SP),..,Quilogramas por Hectare,-,Quilogramas por Hectare
MU,3504206,Auriflama (SP),..,Quilogramas por Hectare,-,Quilogramas por Hectare
MU,3504305,Avaí (SP),..,Quilogramas por Hectare,-,Quilogramas por Hectare
MU,3504404,Avanhandava (SP),..,Quilogramas por Hectare,-,Quilogramas por Hectare
MU,3504503,Avaré (SP),..,Quilogramas por Hectare,-,Quilogramas por Hectare
MU,3504602,Bady Bassitt (SP),..,Quilogramas por Hectare,-,Quilogramas por Hectare
MU,3504701,Balbinos (SP),..,Quilogramas por Hectare,-,Quilogramas por Hectare
MU,3504800,Bálsamo (SP),..,Quilogramas por Hectare,-,Quilogramas por Hectare
MU,3504909,Bananal (SP),..,Quilogramas por Hectare,-,Quilogramas por Hectare
MU,3505005,Barão de Antonina (SP),..,Quilogramas por Hectare,-,Quilogramas por Hectare
MU,3505104,Barbosa (SP),..,Quilogramas por Hectare,-,Quilogramas por Hectare
MU,3505203,Bariri (SP),..,Quilogramas por Hectare,-,Quilogramas por Hectare
MU,3505302,Barra Bonita (SP),..,Quilogramas por Hectare,...,Quilogramas por Hectare
MU,3505351,Barra do Chapéu (SP),..,Quilogramas por Hectare,-,Quilogramas por Hectare
MU,3505401,Barra do Turvo (SP),..,Quilogramas por Hectare,-,Quilogramas por Hectare
MU,3505500,Barretos (SP),..,Quilogramas por Hectare,-,Quilogramas por Hectare
MU,3505609,Barrinha (SP),..,Quilogramas por Hectare,...,Quilogramas por Hectare
MU,3505708,Barueri (SP),..,Quilogramas por Hectare,...,Quilogramas por Hectare
MU,3505807,Bastos (SP),..,Quilogramas por Hectare,-,Quilogramas por Hectare
MU,3505906,Batatais (SP),..,Quilogramas por Hectare,-,Quilogramas por Hectare
MU,3506003,Bauru (SP),..,Quilogramas por Hectare,-,Quilogramas por Hectare
MU,3506102,Bebedouro (SP),..,Quilogramas por Hectare,-,Quilogramas por Hectare
MU,3506201,Bento de Abreu (SP),..,Quilogramas por Hectare,-,Quilogramas por Hectare
MU,3506300,Bernardino de Campos (SP),..,Quilogramas por Hectare,-,Quilogramas por Hectare
MU,3506359,Bertioga (SP),..,Quilogramas por Hectare,...,Quilogramas por Hectare
MU,3506409,Bilac (SP),..,Quilogramas por Hectare,-,Quilogramas por Hectare
MU,3506508,Birigui (SP),..,Quilogramas por Hectare,-,Quilogramas por Hectare
MU,3506607,Biritiba Mirim (SP),..,Quilogramas por Hectare,-,Quilogramas por Hectare
MU,3506706,Boa Esperança do Sul (SP),..,Quilogramas por Hectare,-,Quilogramas por Hectare
MU,3506805,Bocaina (SP),..,Quilogramas por Hectare,-,Quilogramas por Hectare
MU,3506904,Bofete (SP),..,Quilogramas por Hectare,-,Quilogramas por Hectare
MU,3507001,Boituva (SP),..,Quilogramas por Hectare,-,Quilogramas por Hectare
MU,3507100,Bom Jesus dos Perdões (SP),..,Quilogramas por Hectare,-,Quilogramas por Hectare
MU,3507159,Bom Sucesso de Itararé (SP),..,Quilogramas por Hectare,-,Quilogramas por Hectare
MU,3507209,Borá (SP),..,Quilogramas por Hectare,...,Quilogramas por Hectare
MU,3507308,Boracéia (SP),..,Quilogramas por Hectare,-,Quilogramas por Hectare
MU,3507407,Borborema (SP),..,Quilogramas por Hectare,-,Quilogramas por Hectare
MU,3507456,Borebi (SP),..,Quilogramas por Hectare,-,Quilogramas por Hectare
MU,3507506,Botucatu (SP),..,Quilogramas por Hectare,-,Quilogramas por Hectare
MU,3507605,Bragança Paulista (SP),..,Quilogramas por Hectare,-,Quilogramas por Hectare
MU,3507704,Braúna (SP),..,Quilogramas por Hectare,-,Quilogramas por Hectare
MU,3507753,Brejo Alegre (SP),..,Quilogramas por Hectare,-,Quilogramas por Hectare
MU,3507803,Brodowski (SP),..,Quilogramas por Hectare,-,Quilogramas por Hectare
MU,3507902,Brotas (SP),..,Quilogramas por Hectare,-,Quilogramas por Hectare
MU,3508009,Buri (SP),..,Quilogramas por Hectare,-,Quilogramas por Hectare
MU,3508108,Buritama (SP),..,Quilogramas por Hectare,-,Quilogramas por Hectare
MU,3508207,Buritizal (SP),..,Quilogramas por Hectare,-,Quilogramas por Hectare
MU,3508306,Cabrália Paulista (SP),..,Quilogramas por Hectare,-,Quilogramas por Hectare
MU,3508405,Cabreúva (SP),..,Quilogramas por Hectare,-,Quilogramas por Hectare
MU,3508504,Caçapava (SP),..,Quilogramas por Hectare,-,Quilogramas por Hectare
MU,3508603,Cachoeira Paulista (SP),..,Quilogramas por Hectare,-,Quilogramas por Hectare
MU,3508702,Caconde (SP),..,Quilogramas por Hectare,-,Quilogramas por Hectare
MU,3508801,Cafelândia (SP),..,Quilogramas por Hectare,-,Quilogramas por Hectare
MU,3508900,Caiabu (SP),..,Quilogramas por Hectare,-,Quilogramas por Hectare
MU,3509007,Caieiras (SP),..,Quilogramas por Hectare,-,Quilogramas por Hectare
MU,3509106,Caiuá (SP),..,Quilogramas por Hectare,-,Quilogramas por Hectare
MU,3509205,Cajamar (SP),..,Quilogramas por Hectare,...,Quilogramas por Hectare
MU,3509254,Cajati (SP),..,Quilogramas por Hectare,-,Quilogramas por Hectare
MU,3509304,Cajobi (SP),..,Quilogramas por Hectare,-,Quilogramas por Hectare
MU,3509403,Cajuru (SP),..,Quilogramas por Hectare,-,Quilogramas por Hectare
MU,3509452,Campina do Monte Alegre (SP),..,Quilogramas por Hectare,-,Quilogramas por Hectare
MU,3509502,Campinas (SP),..,Quilogramas por Hectare,-,Quilogramas por Hectare
MU,3509601,Campo Limpo Paulista (SP),..,Quilogramas por Hectare,...,Quilogramas por Hectare
MU,3509700,Campos do Jordão (SP),..,Quilogramas por Hectare,...,Quilogramas por Hectare
MU,3509809,Campos Novos Paulista (SP),..,Quilogramas por Hectare,-,Quilogramas por Hectare
MU,3509908,Cananéia (SP),..,Quilogramas por Hectare,-,Quilogramas por Hectare
MU,3509957,Canas (SP),..,Quilogramas por Hectare,...,Quilogramas por Hectare
MU,3510005,Cândido Mota (SP),..,Quilogramas por Hectare,-,Quilogramas por Hectare
MU,3510104,Cândido Rodrigues (SP),..,Quilogramas por Hectare,-,Quilogramas por Hectare
MU,3510153,Canitar (SP),..,Quilogramas por Hectare,...,Quilogramas por Hectare
MU,3510203,Capão Bonito (SP),..,Quilogramas por Hectare,-,Quilogramas por Hectare
MU,3510302,Capela do Alto (SP),..,Quilogramas por Hectare,-,Quilogramas por Hectare
MU,3510401,Capivari (SP),..,Quilogramas por Hectare,...,Quilogramas por Hectare
MU,3510500,Caraguatatuba (SP),..,Quilogramas por Hectare,-,Quilogramas por Hectare
MU,3510708,Cardoso (SP),..,Quilogramas por Hectare,-,Quilogramas por Hectare
MU,3510807,Casa Branca (SP),..,Quilogramas por Hectare,-,Quilogramas por Hectare
MU,3510906,Cássia dos Coqueiros (SP),..,Quilogramas por Hectare,-,Quilogramas por Hectare
MU,3511003,Castilho (SP),..,Quilogramas por Hectare,-,Quilogramas por Hectare
MU,3511102,Catanduva (SP),..,Quilogramas por Hectare,-,Quilogramas por Hectare
MU,3511201,Catiguá (SP),..,Quilogramas por Hectare,-,Quilogramas por Hectare
MU,3511300,Cedral (SP),..,Quilogramas por Hectare,-,Quilogramas por Hectare
MU,3511409,Cerqueira César (SP),..,Quilogramas por Hectare,-,Quilogramas por Hectare
MU,3511508,Cerquilho (SP),..,Quilogramas por Hectare,-,Quilogramas por Hectare
MU,3511607,Cesário Lange (SP),..,Quilogramas por Hectare,-,Quilogramas por Hectare
MU,3511706,Charqueada (SP),..,Quilogramas por Hectare,-,Quilogramas por Hectare
MU,3511904,Clementina (SP),..,Quilogramas por Hectare,-,Quilogramas por Hectare
MU,3512001,Colina (SP),..,Quilogramas por Hectare,-,Quilogramas por Hectare
MU,3512100,Colômbia (SP),..,Quilogramas por Hectare,-,Quilogramas por Hectare
MU,3512209,Conchal (SP),..,Quilogramas por Hectare,-,Quilogramas por Hectare
MU,3512308,Conchas (SP),..,Quilogramas por Hectare,-,Quilogramas por Hectare
MU,3512407,Cordeirópolis (SP),..,Quilogramas por Hectare,-,Quilogramas por Hectare
MU,3512506,Coroados (SP),..,Quilogramas por Hectare,-,Quilogramas por Hectare
MU,3512605,Coronel Macedo (SP),..,Quilogramas por Hectare,-,Quilogramas por Hectare
MU,3512704,Corumbataí (SP),..,Quilogramas por Hectare,-,Quilogramas por Hectare
MU,3512803,Cosmópolis (SP),..,Quilogramas por Hectare,-,Quilogramas por Hectare
MU,3512902,Cosmorama (SP),..,Quilogramas por Hectare,-,Quilogramas por Hectare
MU,3513009,Cotia (SP),..,Quilogramas por Hectare,...,Quilogramas por Hectare
MU,3513108,Cravinhos (SP),..,Quilogramas por Hectare,-,Quilogramas por Hectare
MU,3513207,Cristais Paulista (SP),..,Quilogramas por Hectare,-,Quilogramas por Hectare
MU,3513306,Cruzália (SP),..,Quilogramas por Hectare,-,Quilogramas por Hectare
MU,3513405,Cruzeiro (SP),..,Quilogramas por Hectare,-,Quilogramas por Hectare
MU,3513504,Cubatão (SP),..,Quilogramas por Hectare,...,Quilogramas por Hectare
MU,3513603,Cunha (SP),..,Quilogramas por Hectare,-,Quilogramas por Hectare
MU,3513702,Descalvado (SP),..,Quilogramas por Hectare,-,Quilogramas por Hectare
MU,3513850,Dirce Reis (SP),..,Quilogramas por Hectare,-,Quilogramas por Hectare
MU,3513900,Divinolândia (SP),..,Quilogramas por Hectare,-,Quilogramas por Hectare
MU,3514007,Dobrada (SP),..,Quilogramas por Hectare,-,Quilogramas por Hectare
MU,3514106,Dois Córregos (SP),..,Quilogramas por Hectare,-,Quilogramas por Hectare
MU,3514205,Dolcinópolis (SP),..,Quilogramas por Hectare,-,Quilogramas por Hectare
MU,3514304,Dourado (SP),..,Quilogramas por Hectare,-,Quilogramas por Hectare
MU,3514403,Dracena (SP),..,Quilogramas por Hectare,-,Quilogramas por Hectare
MU,3514502,Duartina (SP),..,Quilogramas por Hectare,-,Quilogramas por Hectare
MU,3514601,Dumont (SP),..,Quilogramas por Hectare,-,Quilogramas por Hectare
MU,3514700,Echaporã (SP),..,Quilogramas por Hectare,-,Quilogramas por Hectare
MU,3514809,Eldorado (SP),..,Quilogramas por Hectare,-,Quilogramas por Hectare
MU,3514908,Elias Fausto (SP),..,Quilogramas por Hectare,-,Quilogramas por Hectare
MU,3514924,Elisiário (SP),..,Quilogramas por Hectare,-,Quilogramas por Hectare
MU,3514957,Embaúba (SP),..,Quilogramas por Hectare,-,Quilogramas por Hectare
MU,3515004,Embu das Artes (SP),..,Quilogramas por Hectare,...,Quilogramas por Hectare
MU,3515103,Embu-Guaçu (SP),..,Quilogramas por Hectare,...,Quilogramas por Hectare
MU,3515129,Emilianópolis (SP),..,Quilogramas por Hectare,-,Quilogramas por Hectare
MU,3515152,Engenheiro Coelho (SP),..,Quilogramas por Hectare,-,Quilogramas por Hectare
MU,3515186,Espírito Santo do Pinhal (SP),..,Quilogramas por Hectare,-,Quilogramas por Hectare
MU,3515194,Espírito Santo do Turvo (SP),..,Quilogramas por Hectare,-,Quilogramas por Hectare
MU,3515202,Estrela d'Oeste (SP),..,Quilogramas por Hectare,-,Quilogramas por Hectare
MU,3515301,Estrela do Norte (SP),..,Quilogramas por Hectare,-,Quilogramas por Hectare
MU,3515350,Euclides da Cunha Paulista (SP),..,Quilogramas por Hectare,-,Quilogramas por Hectare
MU,3515400,Fartura (SP),..,Quilogramas por Hectare,-,Quilogramas por Hectare
MU,3515509,Fernandópolis (SP),..,Quilogramas por Hectare,-,Quilogramas por Hectare
MU,3515608,Fernando Prestes (SP),..,Quilogramas por Hectare,-,Quilogramas por Hectare
MU,3515657,Fernão (SP),..,Quilogramas por Hectare,-,Quilogramas por Hectare
MU,3515707,Ferraz de Vasconcelos (SP),..,Quilogramas por Hectare,...,Quilogramas por Hectare
MU,3515806,Flora Rica (SP),..,Quilogramas por Hectare,-,Quilogramas por Hectare
MU,3515905,Floreal (SP),..,Quilogramas por Hectare,-,Quilogramas por Hectare
MU,3516002,Flórida Paulista (SP),..,Quilogramas por Hectare,-,Quilogramas por Hectare
MU,3516101,Florínea (SP),..,Quilogramas por Hectare,-,Quilogramas por Hectare
MU,3516200,Franca (SP),..,Quilogramas por Hectare,-,Quilogramas por Hectare
MU,3516309,Francisco Morato (SP),..,Quilogramas por Hectare,-,Quilogramas por Hectare
MU,3516408,Franco da Rocha (SP),..,Quilogramas por Hectare,...,Quilogramas por Hectare
MU,3516507,Gabriel Monteiro (SP),..,Quilogramas por Hectare,-,Quilogramas por Hectare
MU,3516606,Gália (SP),..,Quilogramas por Hectare,-,Quilogramas por Hectare
MU,3516705,Garça (SP),..,Quilogramas por Hectare,-,Quilogramas por Hectare
MU,3516804,Gastão Vidigal (SP),..,Quilogramas por Hectare,-,Quilogramas por Hectare
MU,3516853,Gavião Peixoto (SP),..,Quilogramas por Hectare,-,Quilogramas por Hectare
MU,3516903,General Salgado (SP),..,Quilogramas por Hectare,-,Quilogramas por Hectare
MU,3517000,Getulina (SP),..,Quilogramas por Hectare,-,Quilogramas por Hectare
MU,3517109,Glicério (SP),..,Quilogramas por Hectare,-,Quilogramas por Hectare
MU,3517208,Guaiçara (SP),..,Quilogramas por Hectare,-,Quilogramas por Hectare
MU,3517307,Guaimbê (SP),..,Quilogramas por Hectare,-,Quilogramas por Hectare
MU,3517406,Guaíra (SP),..,Quilogramas por Hectare,-,Quilogramas por Hectare
MU,3517505,Guapiaçu (SP),..,Quilogramas por Hectare,-,Quilogramas por Hectare
MU,3517604,Guapiara (SP),..,Quilogramas por Hectare,-,Quilogramas por Hectare
MU,3517703,Guará (SP),..,Quilogramas por Hectare,-,Quilogramas por Hectare
MU,3517802,Guaraçaí (SP),..,Quilogramas por Hectare,-,Quilogramas por Hectare
MU,3517901,Guaraci (SP),..,Quilogramas por Hectare,-,Quilogramas por Hectare
MU,3518008,Guarani d'Oeste (SP),..,Quilogramas por Hectare,-,Quilogramas por Hectare
MU,3518107,Guarantã (SP),..,Quilogramas por Hectare,-,Quilogramas por Hectare
MU,3518206,Guararapes (SP),..,Quilogramas por Hectare,-,Quilogramas por Hectare
MU,3518305,Guararema (SP),..,Quilogramas por Hectare,-,Quilogramas por Hectare
MU,3518404,Guaratinguetá (SP),..,Quilogramas por Hectare,-,Quilogramas por Hectare
MU,3518503,Guareí (SP),..,Quilogramas por Hectare,-,Quilogramas por Hectare
MU,3518602,Guariba (SP),..,Quilogramas por Hectare,...,Quilogramas por Hectare
MU,3518701,Guarujá (SP),..,Quilogramas por Hectare,...,Quilogramas por Hectare
MU,3518800,Guarulhos (SP),..,Quilogramas por Hectare,...,Quilogramas por Hectare
MU,3518859,Guatapará (SP),..,Quilogramas por Hectare,...,Quilogramas por Hectare
MU,3518909,Guzolândia (SP),..,Quilogramas por Hectare,-,Quilogramas por Hectare
MU,3519006,Herculândia (SP),..,Quilogramas por Hectare,-,Quilogramas por Hectare
MU,3519055,Holambra (SP),..,Quilogramas por Hectare,-,Quilogramas por Hectare
MU,3519071,Hortolândia (SP),..,Quilogramas por Hectare,...,Quilogramas por Hectare
MU,3519105,Iacanga (SP),..,Quilogramas por Hectare,-,Quilogramas por Hectare
MU,3519204,Iacri (SP),..,Quilogramas por Hectare,-,Quilogramas por Hectare
MU,3519253,Iaras (SP),..,Quilogramas por Hectare,-,Quilogramas por Hectare
MU,3519303,Ibaté (SP),..,Quilogramas por Hectare,-,Quilogramas por Hectare
MU,3519402,Ibirá (SP),..,Quilogramas por Hectare,-,Quilogramas por Hectare
MU,3519501,Ibirarema (SP),..,Quilogramas por Hectare,-,Quilogramas por Hectare
MU,3519600,Ibitinga (SP),..,Quilogramas por Hectare,-,Quilogramas por Hectare
MU,3519709,Ibiúna (SP),..,Quilogramas por Hectare,-,Quilogramas por Hectare
MU,3519808,Icém (SP),..,Quilogramas por Hectare,-,Quilogramas por Hectare
MU,3519907,Iepê (SP),..,Quilogramas por Hectare,-,Quilogramas por Hectare
MU,3520004,Igaraçu do Tietê (SP),..,Quilogramas por Hectare,...,Quilogramas por Hectare
MU,3520103,Igarapava (SP),..,Quilogramas por Hectare,-,Quilogramas por Hectare
MU,3520202,Igaratá (SP),..,Quilogramas por Hectare,...,Quilogramas por Hectare
MU,3520301,Iguape (SP),..,Quilogramas por Hectare,-,Quilogramas por Hectare
MU,3520400,Ilhabela (SP),..,Quilogramas por Hectare,-,Quilogramas por Hectare
MU,3520442,Ilha Solteira (SP),..,Quilogramas por Hectare,-,Quilogramas por Hectare
MU,3520509,Indaiatuba (SP),..,Quilogramas por Hectare,-,Quilogramas por Hectare
MU,3520608,Indiana (SP),..,Quilogramas por Hectare,-,Quilogramas por Hectare
MU,3520707,Indiaporã (SP),..,Quilogramas por Hectare,-,Quilogramas por Hectare
MU,3520806,Inúbia Paulista (SP),..,Quilogramas por Hectare,-,Quilogramas por Hectare
MU,3520905,Ipaussu (SP),..,Quilogramas por Hectare,-,Quilogramas por Hectare
MU,3521002,Iperó (SP),..,Quilogramas por Hectare,-,Quilogramas por Hectare
MU,3521101,Ipeúna (SP),..,Quilogramas por Hectare,-,Quilogramas por Hectare
MU,3521150,Ipiguá (SP),..,Quilogramas por Hectare,-,Quilogramas por Hectare
MU,3521200,Iporanga (SP),..,Quilogramas por Hectare,-,Quilogramas por Hectare
MU,3521309,Ipuã (SP),..,Quilogramas por Hectare,...,Quilogramas por Hectare
MU,3521408,Iracemápolis (SP),..,Quilogramas por Hectare,-,Quilogramas por Hectare
MU,3521507,Irapuã (SP),..,Quilogramas por Hectare,-,Quilogramas por Hectare
MU,3521606,Irapuru (SP),..,Quilogramas por Hectare,-,Quilogramas por Hectare
MU,3521705,Itaberá (SP),..,Quilogramas por Hectare,-,Quilogramas por Hectare
MU,3521804,Itaí (SP),..,Quilogramas por Hectare,-,Quilogramas por Hectare
MU,3521903,Itajobi (SP),..,Quilogramas por Hectare,-,Quilogramas por Hectare
MU,3522000,Itaju (SP),..,Quilogramas por Hectare,-,Quilogramas por Hectare
MU,3522109,Itanhaém (SP),..,Quilogramas por Hectare,-,Quilogramas por Hectare
MU,3522158,Itaoca (SP),..,Quilogramas por Hectare,-,Quilogramas por Hectare
MU,3522208,Itapecerica da Serra (SP),..,Quilogramas por Hectare,...,Quilogramas por Hectare
MU,3522307,Itapetininga (SP),..,Quilogramas por Hectare,-,Quilogramas por Hectare
MU,3522406,Itapeva (SP),..,Quilogramas por Hectare,-,Quilogramas por Hectare
MU,3522505,Itapevi (SP),..,Quilogramas por Hectare,...,Quilogramas por Hectare
MU,3522604,Itapira (SP),..,Quilogramas por Hectare,-,Quilogramas por Hectare
MU,3522653,Itapirapuã Paulista (SP),..,Quilogramas por Hectare,-,Quilogramas por Hectare
MU,3522703,Itápolis (SP),..,Quilogramas por Hectare,-,Quilogramas por Hectare
MU,3522802,Itaporanga (SP),..,Quilogramas por Hectare,-,Quilogramas por Hectare
MU,3522901,Itapuí (SP),..,Quilogramas por Hectare,-,Quilogramas por Hectare
MU,3523008,Itapura (SP),..,Quilogramas por Hectare,-,Quilogramas por Hectare
MU,3523107,Itaquaquecetuba (SP),..,Quilogramas por Hectare,...,Quilogramas por Hectare
MU,3523206,Itararé (SP),..,Quilogramas por Hectare,-,Quilogramas por Hectare
MU,3523305,Itariri (SP),..,Quilogramas por Hectare,-,Quilogramas por Hectare
MU,3523404,Itatiba (SP),..,Quilogramas por Hectare,-,Quilogramas por Hectare
MU,3523503,Itatinga (SP),..,Quilogramas por Hectare,-,Quilogramas por Hectare
MU,3523602,Itirapina (SP),..,Quilogramas por Hectare,-,Quilogramas por Hectare
MU,3523701,Itirapuã (SP),..,Quilogramas por Hectare,-,Quilogramas por Hectare
MU,3523800,Itobi (SP),..,Quilogramas por Hectare,-,Quilogramas por Hectare
MU,3523909,Itu (SP),..,Quilogramas por Hectare,-,Quilogramas por Hectare
MU,3524006,Itupeva (SP),..,Quilogramas por Hectare,-,Quilogramas por Hectare
MU,3524105,Ituverava (SP),..,Quilogramas por Hectare,-,Quilogramas por Hectare
MU,3524204,Jaborandi (SP),..,Quilogramas por Hectare,-,Quilogramas por Hectare
MU,3524303,Jaboticabal (SP),..,Quilogramas por Hectare,-,Quilogramas por Hectare
MU,3524402,Jacareí (SP),..,Quilogramas por Hectare,-,Quilogramas por Hectare
MU,3524501,Jaci (SP),..,Quilogramas por Hectare,-,Quilogramas por Hectare
MU,3524600,Jacupiranga (SP),..,Quilogramas por Hectare,-,Quilogramas por Hectare
MU,3524709,Jaguariúna (SP),..,Quilogramas por Hectare,-,Quilogramas por Hectare
MU,3524808,Jales (SP),..,Quilogramas por Hectare,-,Quilogramas por Hectare
MU,3524907,Jambeiro (SP),..,Quilogramas por Hectare,...,Quilogramas por Hectare
MU,3525003,Jandira (SP),..,Quilogramas por Hectare,...,Quilogramas por Hectare
MU,3525102,Jardinópolis (SP),..,Quilogramas por Hectare,-,Quilogramas por Hectare
MU,3525201,Jarinu (SP),..,Quilogramas por Hectare,-,Quilogramas por Hectare
MU,3525300,Jaú (SP),..,Quilogramas por Hectare,-,Quilogramas por Hectare
MU,3525409,Jeriquara (SP),..,Quilogramas por Hectare,-,Quilogramas por Hectare
MU,3525508,Joanópolis (SP),..,Quilogramas por Hectare,-,Quilogramas por Hectare
MU,3525607,João Ramalho (SP),..,Quilogramas por Hectare,-,Quilogramas por Hectare
MU,3525706,José Bonifácio (SP),..,Quilogramas por Hectare,-,Quilogramas por Hectare
MU,3525805,Júlio Mesquita (SP),..,Quilogramas por Hectare,-,Quilogramas por Hectare
MU,3525854,Jumirim (SP),..,Quilogramas por Hectare,...,Quilogramas por Hectare
MU,3525904,Jundiaí (SP),..,Quilogramas por Hectare,-,Quilogramas por Hectare
MU,3526001,Junqueirópolis (SP),..,Quilogramas por Hectare,-,Quilogramas por Hectare
MU,3526100,Juquiá (SP),..,Quilogramas por Hectare,-,Quilogramas por Hectare
MU,3526209,Juquitiba (SP),..,Quilogramas por Hectare,...,Quilogramas por Hectare
MU,3526308,Lagoinha (SP),..,Quilogramas por Hectare,-,Quilogramas por Hectare
MU,3526407,Laranjal Paulista (SP),..,Quilogramas por Hectare,-,Quilogramas por Hectare
MU,3526506,Lavínia (SP),..,Quilogramas por Hectare,-,Quilogramas por Hectare
MU,3526605,Lavrinhas (SP),..,Quilogramas por Hectare,...,Quilogramas por Hectare
MU,3526704,Leme (SP),..,Quilogramas por Hectare,-,Quilogramas por Hectare
MU,3526803,Lençóis Paulista (SP),..,Quilogramas por Hectare,-,Quilogramas por Hectare
MU,3526902,Limeira (SP),..,Quilogramas por Hectare,-,Quilogramas por Hectare
MU,3527009,Lindóia (SP),..,Quilogramas por Hectare,-,Quilogramas por Hectare
MU,3527108,Lins (SP),..,Quilogramas por Hectare,-,Quilogramas por Hectare
MU,3527207,Lorena (SP),..,Quilogramas por Hectare,...,Quilogramas por Hectare
MU,3527256,Lourdes (SP),..,Quilogramas por Hectare,-,Quilogramas por Hectare
MU,3527306,Louveira (SP),..,Quilogramas por Hectare,-,Quilogramas por Hectare
MU,3527405,Lucélia (SP),..,Quilogramas por Hectare,-,Quilogramas por Hectare
MU,3527504,Lucianópolis (SP),..,Quilogramas por Hectare,-,Quilogramas por Hectare
MU,3527603,Luís Antônio (SP),..,Quilogramas por Hectare,-,Quilogramas por Hectare
MU,3527702,Luiziânia (SP),..,Quilogramas por Hectare,-,Quilogramas por Hectare
MU,3527801,Lupércio (SP),..,Quilogramas por Hectare,-,Quilogramas por Hectare
MU,3527900,Lutécia (SP),..,Quilogramas por Hectare,...,Quilogramas por Hectare
MU,3528007,Macatuba (SP),..,Quilogramas por Hectare,-,Quilogramas por Hectare
MU,3528106,Macaubal (SP),..,Quilogramas por Hectare,-,Quilogramas por Hectare
MU,3528205,Macedônia (SP),..,Quilogramas por Hectare,-,Quilogramas por Hectare
MU,3528304,Magda (SP),..,Quilogramas por Hectare,-,Quilogramas por Hectare
MU,3528403,Mairinque (SP),..,Quilogramas por Hectare,...,Quilogramas por Hectare
MU,3528502,Mairiporã (SP),..,Quilogramas por Hectare,...,Quilogramas por Hectare
MU,3528601,Manduri (SP),..,Quilogramas por Hectare,-,Quilogramas por Hectare
MU,3528700,Marabá Paulista (SP),..,Quilogramas por Hectare,-,Quilogramas por Hectare
MU,3528809,Maracaí (SP),..,Quilogramas por Hectare,...,Quilogramas por Hectare
MU,3528858,Marapoama (SP),..,Quilogramas por Hectare,-,Quilogramas por Hectare
MU,3528908,Mariápolis (SP),..,Quilogramas por Hectare,-,Quilogramas por Hectare
MU,3529005,Marília (SP),..,Quilogramas por Hectare,-,Quilogramas por Hectare
MU,3529104,Marinópolis (SP),..,Quilogramas por Hectare,-,Quilogramas por Hectare
MU,3529203,Martinópolis (SP),..,Quilogramas por Hectare,-,Quilogramas por Hectare
MU,3529302,Matão (SP),..,Quilogramas por Hectare,-,Quilogramas por Hectare
MU,3529401,Mauá (SP),..,Quilogramas por Hectare,...,Quilogramas por Hectare
MU,3529500,Mendonça (SP),..,Quilogramas por Hectare,-,Quilogramas por Hectare
MU,3529609,Meridiano (SP),..,Quilogramas por Hectare,-,Quilogramas por Hectare
MU,3529658,Mesópolis (SP),..,Quilogramas por Hectare,-,Quilogramas por Hectare
MU,3529708,Miguelópolis (SP),..,Quilogramas por Hectare,-,Quilogramas por Hectare
MU,3529807,Mineiros do Tietê (SP),..,Quilogramas por Hectare,-,Quilogramas por Hectare
MU,3529906,Miracatu (SP),..,Quilogramas por Hectare,-,Quilogramas por Hectare
MU,3530003,Mira Estrela (SP),..,Quilogramas por Hectare,-,Quilogramas por Hectare
MU,3530102,Mirandópolis (SP),..,Quilogramas por Hectare,-,Quilogramas por Hectare
MU,3530201,Mirante do Paranapanema (SP),..,Quilogramas por Hectare,-,Quilogramas por Hectare
MU,3530300,Mirassol (SP),..,Quilogramas por Hectare,-,Quilogramas por Hectare
MU,3530409,Mirassolândia (SP),..,Quilogramas por Hectare,-,Quilogramas por Hectare
MU,3530508,Mococa (SP),..,Quilogramas por Hectare,-,Quilogramas por Hectare
MU,3530607,Mogi das Cruzes (SP),..,Quilogramas por Hectare,-,Quilogramas por Hectare
MU,3530706,Mogi Guaçu (SP),..,Quilogramas por Hectare,-,Quilogramas por Hectare
MU,3530805,Mogi Mirim (SP),..,Quilogramas por Hectare,-,Quilogramas por Hectare
MU,3530904,Mombuca (SP),..,Quilogramas por Hectare,-,Quilogramas por Hectare
MU,3531001,Monções (SP),..,Quilogramas por Hectare,-,Quilogramas por Hectare
MU,3531100,Mongaguá (SP),..,Quilogramas por Hectare,-,Quilogramas por Hectare
MU,3531209,Monte Alegre do Sul (SP),..,Quilogramas por Hectare,-,Quilogramas por Hectare
MU,3531308,Monte Alto (SP),..,Quilogramas por Hectare,-,Quilogramas por Hectare
MU,3531407,Monte Aprazível (SP),..,Quilogramas por Hectare,-,Quilogramas por Hectare
MU,3531506,Monte Azul Paulista (SP),..,Quilogramas por Hectare,-,Quilogramas por Hectare
MU,3531605,Monte Castelo (SP),..,Quilogramas por Hectare,-,Quilogramas por Hectare
MU,3531704,Monteiro Lobato (SP),..,Quilogramas por Hectare,...,Quilogramas por Hectare
MU,3531803,Monte Mor (SP),..,Quilogramas por Hectare,-,Quilogramas por Hectare
MU,3531902,Morro Agudo (SP),..,Quilogramas por Hectare,-,Quilogramas por Hectare
MU,3532009,Morungaba (SP),..,Quilogramas por Hectare,-,Quilogramas por Hectare
MU,3532058,Motuca (SP),..,Quilogramas por Hectare,-,Quilogramas por Hectare
MU,3532108,Murutinga do Sul (SP),..,Quilogramas por Hectare,-,Quilogramas por Hectare
MU,3532157,Nantes (SP),..,Quilogramas por Hectare,-,Quilogramas por Hectare
MU,3532207,Narandiba (SP),..,Quilogramas por Hectare,-,Quilogramas por Hectare
MU,3532306,Natividade da Serra (SP),..,Quilogramas por Hectare,-,Quilogramas por Hectare
MU,3532405,Nazaré Paulista (SP),..,Quilogramas por Hectare,-,Quilogramas por Hectare
MU,3532504,Neves Paulista (SP),..,Quilogramas por Hectare,-,Quilogramas por Hectare
MU,3532603,Nhandeara (SP),..,Quilogramas por Hectare,-,Quilogramas por Hectare
MU,3532702,Nipoã (SP),..,Quilogramas por Hectare,-,Quilogramas por Hectare
MU,3532801,Nova Aliança (SP),..,Quilogramas por Hectare,-,Quilogramas por Hectare
MU,3532827,Nova Campina (SP),..,Quilogramas por Hectare,-,Quilogramas por Hectare
MU,3532843,Nova Canaã Paulista (SP),..,Quilogramas por Hectare,-,Quilogramas por Hectare
MU,3532868,Nova Castilho (SP),..,Quilogramas por Hectare,-,Quilogramas por Hectare
MU,3532900,Nova Europa (SP),..,Quilogramas por Hectare,-,Quilogramas por Hectare
MU,3533007,Nova Granada (SP),..,Quilogramas por Hectare,-,Quilogramas por Hectare
MU,3533106,Nova Guataporanga (SP),..,Quilogramas por Hectare,-,Quilogramas por Hectare
MU,3533205,Nova Independência (SP),..,Quilogramas por Hectare,-,Quilogramas por Hectare
MU,3533254,Novais (SP),..,Quilogramas por Hectare,-,Quilogramas por Hectare
MU,3533304,Nova Luzitânia (SP),..,Quilogramas por Hectare,-,Quilogramas por Hectare
MU,3533403,Nova Odessa (SP),..,Quilogramas por Hectare,-,Quilogramas por Hectare
MU,3533502,Novo Horizonte (SP),..,Quilogramas por Hectare,-,Quilogramas por Hectare
MU,3533601,Nuporanga (SP),..,Quilogramas por Hectare,-,Quilogramas por Hectare
MU,3533700,Ocauçu (SP),..,Quilogramas por Hectare,-,Quilogramas por Hectare
MU,3533809,Óleo (SP),..,Quilogramas por Hectare,-,Quilogramas por Hectare
MU,3533908,Olímpia (SP),..,Quilogramas por Hectare,-,Quilogramas por Hectare
MU,3534005,Onda Verde (SP),..,Quilogramas por Hectare,-,Quilogramas por Hectare
MU,3534104,Oriente (SP),..,Quilogramas por Hectare,-,Quilogramas por Hectare
MU,3534203,Orindiúva (SP),..,Quilogramas por Hectare,-,Quilogramas por Hectare
MU,3534302,Orlândia (SP),..,Quilogramas por Hectare,-,Quilogramas por Hectare
MU,3534500,Oscar Bressane (SP),..,Quilogramas por Hectare,-,Quilogramas por Hectare
MU,3534609,Osvaldo Cruz (SP),..,Quilogramas por Hectare,-,Quilogramas por Hectare
MU,3534708,Ourinhos (SP),..,Quilogramas por Hectare,-,Quilogramas por Hectare
MU,3534757,Ouroeste (SP),..,Quilogramas por Hectare,-,Quilogramas por Hectare
MU,3534807,Ouro Verde (SP),..,Quilogramas por Hectare,-,Quilogramas por Hectare
MU,3534906,Pacaembu (SP),..,Quilogramas por Hectare,-,Quilogramas por Hectare
MU,3535002,Palestina (SP),..,Quilogramas por Hectare,-,Quilogramas por Hectare
MU,3535101,Palmares Paulista (SP),..,Quilogramas por Hectare,-,Quilogramas por Hectare
MU,3535200,Palmeira d'Oeste (SP),..,Quilogramas por Hectare,-,Quilogramas por Hectare
MU,3535309,Palmital (SP),..,Quilogramas por Hectare,-,Quilogramas por Hectare
MU,3535408,Panorama (SP),..,Quilogramas por Hectare,-,Quilogramas por Hectare
MU,3535507,Paraguaçu Paulista (SP),..,Quilogramas por Hectare,-,Quilogramas por Hectare
MU,3535606,Paraibuna (SP),..,Quilogramas por Hectare,-,Quilogramas por Hectare
MU,3535705,Paraíso (SP),..,Quilogramas por Hectare,-,Quilogramas por Hectare
MU,3535804,Paranapanema (SP),..,Quilogramas por Hectare,-,Quilogramas por Hectare
MU,3535903,Paranapuã (SP),..,Quilogramas por Hectare,-,Quilogramas por Hectare
MU,3536000,Parapuã (SP),..,Quilogramas por Hectare,-,Quilogramas por Hectare
MU,3536109,Pardinho (SP),..,Quilogramas por Hectare,-,Quilogramas por Hectare
MU,3536208,Pariquera-Açu (SP),..,Quilogramas por Hectare,-,Quilogramas por Hectare
MU,3536257,Parisi (SP),..,Quilogramas por Hectare,-,Quilogramas por Hectare
MU,3536307,Patrocínio Paulista (SP),..,Quilogramas por Hectare,-,Quilogramas por Hectare
MU,3536406,Paulicéia (SP),..,Quilogramas por Hectare,-,Quilogramas por Hectare
MU,3536505,Paulínia (SP),..,Quilogramas por Hectare,-,Quilogramas por Hectare
MU,3536570,Paulistânia (SP),..,Quilogramas por Hectare,-,Quilogramas por Hectare
MU,3536604,Paulo de Faria (SP),..,Quilogramas por Hectare,-,Quilogramas por Hectare
MU,3536703,Pederneiras (SP),..,Quilogramas por Hectare,-,Quilogramas por Hectare
MU,3536802,Pedra Bela (SP),..,Quilogramas por Hectare,-,Quilogramas por Hectare
MU,3536901,Pedranópolis (SP),..,Quilogramas por Hectare,-,Quilogramas por Hectare
MU,3537008,Pedregulho (SP),..,Quilogramas por Hectare,-,Quilogramas por Hectare
MU,3537107,Pedreira (SP),..,Quilogramas por Hectare,-,Quilogramas por Hectare
MU,3537156,Pedrinhas Paulista (SP),..,Quilogramas por Hectare,...,Quilogramas por Hectare
MU,3537206,Pedro de Toledo (SP),..,Quilogramas por Hectare,-,Quilogramas por Hectare
MU,3537305,Penápolis (SP),..,Quilogramas por Hectare,-,Quilogramas por Hectare
MU,3537404,Pereira Barreto (SP),..,Quilogramas por Hectare,-,Quilogramas por Hectare
MU,3537503,Pereiras (SP),..,Quilogramas por Hectare,...,Quilogramas por Hectare
MU,3537602,Peruíbe (SP),..,Quilogramas por Hectare,-,Quilogramas por Hectare
MU,3537701,Piacatu (SP),..,Quilogramas por Hectare,-,Quilogramas por Hectare
MU,3537800,Piedade (SP),..,Quilogramas por Hectare,-,Quilogramas por Hectare
MU,3537909,Pilar do Sul (SP),..,Quilogramas por Hectare,-,Quilogramas por Hectare
MU,3538006,Pindamonhangaba (SP),..,Quilogramas por Hectare,-,Quilogramas por Hectare
MU,3538105,Pindorama (SP),..,Quilogramas por Hectare,-,Quilogramas por Hectare
MU,3538204,Pinhalzinho (SP),..,Quilogramas por Hectare,-,Quilogramas por Hectare
MU,3538303,Piquerobi (SP),..,Quilogramas por Hectare,-,Quilogramas por Hectare
MU,3538501,Piquete (SP),..,Quilogramas por Hectare,-,Quilogramas por Hectare
MU,3538600,Piracaia (SP),..,Quilogramas por Hectare,-,Quilogramas por Hectare
MU,3538709,Piracicaba (SP),..,Quilogramas por Hectare,-,Quilogramas por Hectare
MU,3538808,Piraju (SP),..,Quilogramas por Hectare,-,Quilogramas por Hectare
MU,3538907,Pirajuí (SP),..,Quilogramas por Hectare,-,Quilogramas por Hectare
MU,3539004,Pirangi (SP),..,Quilogramas por Hectare,-,Quilogramas por Hectare
MU,3539103,Pirapora do Bom Jesus (SP),..,Quilogramas por Hectare,...,Quilogramas por Hectare
MU,3539202,Pirapozinho (SP),..,Quilogramas por Hectare,-,Quilogramas por Hectare
MU,3539301,Pirassununga (SP),..,Quilogramas por Hectare,-,Quilogramas por Hectare
MU,3539400,Piratininga (SP),..,Quilogramas por Hectare,-,Quilogramas por Hectare
MU,3539509,Pitangueiras (SP),..,Quilogramas por Hectare,-,Quilogramas por Hectare
MU,3539608,Planalto (SP),..,Quilogramas por Hectare,-,Quilogramas por Hectare
MU,3539707,Platina (SP),..,Quilogramas por Hectare,...,Quilogramas por Hectare
MU,3539806,Poá (SP),..,Quilogramas por Hectare,...,Quilogramas por Hectare
MU,3539905,Poloni (SP),..,Quilogramas por Hectare,-,Quilogramas por Hectare
MU,3540002,Pompéia (SP),..,Quilogramas por Hectare,-,Quilogramas por Hectare
MU,3540101,Pongaí (SP),..,Quilogramas por Hectare,-,Quilogramas por Hectare
MU,3540200,Pontal (SP),..,Quilogramas por Hectare,...,Quilogramas por Hectare
MU,3540259,Pontalinda (SP),..,Quilogramas por Hectare,-,Quilogramas por Hectare
MU,3540309,Pontes Gestal (SP),..,Quilogramas por Hectare,-,Quilogramas por Hectare
MU,3540408,Populina (SP),..,Quilogramas por Hectare,-,Quilogramas por Hectare
MU,3540507,Porangaba (SP),..,Quilogramas por Hectare,-,Quilogramas por Hectare
MU,3540606,Porto Feliz (SP),..,Quilogramas por Hectare,-,Quilogramas por Hectare
MU,3540705,Porto Ferreira (SP),..,Quilogramas por Hectare,-,Quilogramas por Hectare
MU,3540754,Potim (SP),..,Quilogramas por Hectare,...,Quilogramas por Hectare
MU,3540804,Potirendaba (SP),..,Quilogramas por Hectare,-,Quilogramas por Hectare
MU,3540853,Pracinha (SP),..,Quilogramas por Hectare,-,Quilogramas por Hectare
MU,3540903,Pradópolis (SP),..,Quilogramas por Hectare,-,Quilogramas por Hectare
MU,3541000,Praia Grande (SP),..,Quilogramas por Hectare,...,Quilogramas por Hectare
MU,3541059,Pratânia (SP),..,Quilogramas por Hectare,-,Quilogramas por Hectare
MU,3541109,Presidente Alves (SP),..,Quilogramas por Hectare,-,Quilogramas por Hectare
MU,3541208,Presidente Bernardes (SP),..,Quilogramas por Hectare,-,Quilogramas por Hectare
MU,3541307,Presidente Epitácio (SP),..,Quilogramas por Hectare,-,Quilogramas por Hectare
MU,3541406,Presidente Prudente (SP),..,Quilogramas por Hectare,-,Quilogramas por Hectare
MU,3541505,Presidente Venceslau (SP),..,Quilogramas por Hectare,-,Quilogramas por Hectare
MU,3541604,Promissão (SP),..,Quilogramas por Hectare,-,Quilogramas por Hectare
MU,3541653,Quadra (SP),..,Quilogramas por Hectare,-,Quilogramas por Hectare
MU,3541703,Quatá (SP),..,Quilogramas por Hectare,-,Quilogramas por Hectare
MU,3541802,Queiroz (SP),..,Quilogramas por Hectare,-,Quilogramas por Hectare
MU,3541901,Queluz (SP),..,Quilogramas por Hectare,-,Quilogramas por Hectare
MU,3542008,Quintana (SP),..,Quilogramas por Hectare,-,Quilogramas por Hectare
MU,3542107,Rafard (SP),..,Quilogramas por Hectare,...,Quilogramas por Hectare
MU,3542206,Rancharia (SP),..,Quilogramas por Hectare,-,Quilogramas por Hectare
MU,3542305,Redenção da Serra (SP),..,Quilogramas por Hectare,-,Quilogramas por Hectare
MU,3542404,Regente Feijó (SP),..,Quilogramas por Hectare,-,Quilogramas por Hectare
MU,3542503,Reginópolis (SP),..,Quilogramas por Hectare,-,Quilogramas por Hectare
MU,3542602,Registro (SP),..,Quilogramas por Hectare,-,Quilogramas por Hectare
MU,3542701,Restinga (SP),..,Quilogramas por Hectare,-,Quilogramas por Hectare
MU,3542800,Ribeira (SP),..,Quilogramas por Hectare,-,Quilogramas por Hectare
MU,3542909,Ribeirão Bonito (SP),..,Quilogramas por Hectare,-,Quilogramas por Hectare
MU,3543006,Ribeirão Branco (SP),..,Quilogramas por Hectare,-,Quilogramas por Hectare
MU,3543105,Ribeirão Corrente (SP),..,Quilogramas por Hectare,-,Quilogramas por Hectare
MU,3543204,Ribeirão do Sul (SP),..,Quilogramas por Hectare,-,Quilogramas por Hectare
MU,3543238,Ribeirão dos Índios (SP),..,Quilogramas por Hectare,-,Quilogramas por Hectare
MU,3543253,Ribeirão Grande (SP),..,Quilogramas por Hectare,-,Quilogramas por Hectare
MU,3543303,Ribeirão Pires (SP),..,Quilogramas por Hectare,...,Quilogramas por Hectare
MU,3543402,Ribeirão Preto (SP),..,Quilogramas por Hectare,-,Quilogramas por Hectare
MU,3543501,Riversul (SP),..,Quilogramas por Hectare,...,Quilogramas por Hectare
MU,3543600,Rifaina (SP),..,Quilogramas por Hectare,-,Quilogramas por Hectare
MU,3543709,Rincão (SP),..,Quilogramas por Hectare,-,Quilogramas por Hectare
MU,3543808,Rinópolis (SP),..,Quilogramas por Hectare,-,Quilogramas por Hectare
MU,3543907,Rio Claro (SP),..,Quilogramas por Hectare,-,Quilogramas por Hectare
MU,3544004,Rio das Pedras (SP),..,Quilogramas por Hectare,...,Quilogramas por Hectare
MU,3544202,Riolândia (SP),..,Quilogramas por Hectare,-,Quilogramas por Hectare
MU,3544251,Rosana (SP),..,Quilogramas por Hectare,-,Quilogramas por Hectare
MU,3544301,Roseira (SP),..,Quilogramas por Hectare,-,Quilogramas por Hectare
MU,3544400,Rubiácea (SP),..,Quilogramas por Hectare,-,Quilogramas por Hectare
MU,3544509,Rubinéia (SP),..,Quilogramas por Hectare,-,Quilogramas por Hectare
MU,3544608,Sabino (SP),..,Quilogramas por Hectare,-,Quilogramas por Hectare
MU,3544707,Sagres (SP),..,Quilogramas por Hectare,-,Quilogramas por Hectare
MU,3544806,Sales (SP),..,Quilogramas por Hectare,-,Quilogramas por Hectare
MU,3544905,Sales Oliveira (SP),..,Quilogramas por Hectare,-,Quilogramas por Hectare
MU,3545001,Salesópolis (SP),..,Quilogramas por Hectare,-,Quilogramas por Hectare
MU,3545100,Salmourão (SP),..,Quilogramas por Hectare,-,Quilogramas por Hectare
MU,3545159,Saltinho (SP),..,Quilogramas por Hectare,-,Quilogramas por Hectare
MU,3545209,Salto (SP),..,Quilogramas por Hectare,-,Quilogramas por Hectare
MU,3545308,Salto de Pirapora (SP),..,Quilogramas por Hectare,-,Quilogramas por Hectare
MU,3545407,Salto Grande (SP),..,Quilogramas por Hectare,-,Quilogramas por Hectare
MU,3545506,Sandovalina (SP),..,Quilogramas por Hectare,-,Quilogramas por Hectare
MU,3545605,Santa Adélia (SP),..,Quilogramas por Hectare,-,Quilogramas por Hectare
MU,3545704,Santa Albertina (SP),..,Quilogramas por Hectare,-,Quilogramas por Hectare
MU,3545803,Santa Bárbara d'Oeste (SP),..,Quilogramas por Hectare,-,Quilogramas por Hectare
MU,3546009,Santa Branca (SP),..,Quilogramas por Hectare,-,Quilogramas por Hectare
MU,3546108,Santa Clara d'Oeste (SP),..,Quilogramas por Hectare,-,Quilogramas por Hectare
MU,3546207,Santa Cruz da Conceição (SP),..,Quilogramas por Hectare,-,Quilogramas por Hectare
MU,3546256,Santa Cruz da Esperança (SP),..,Quilogramas por Hectare,-,Quilogramas por Hectare
MU,3546306,Santa Cruz das Palmeiras (SP),..,Quilogramas por Hectare,-,Quilogramas por Hectare
MU,3546405,Santa Cruz do Rio Pardo (SP),..,Quilogramas por Hectare,-,Quilogramas por Hectare
MU,3546504,Santa Ernestina (SP),..,Quilogramas por Hectare,-,Quilogramas por Hectare
MU,3546603,Santa Fé do Sul (SP),..,Quilogramas por Hectare,-,Quilogramas por Hectare
MU,3546702,Santa Gertrudes (SP),..,Quilogramas por Hectare,-,Quilogramas por Hectare
MU,3546801,Santa Isabel (SP),..,Quilogramas por Hectare,-,Quilogramas por Hectare
MU,3546900,Santa Lúcia (SP),..,Quilogramas por Hectare,-,Quilogramas por Hectare
MU,3547007,Santa Maria da Serra (SP),..,Quilogramas por Hectare,-,Quilogramas por Hectare
MU,3547106,Santa Mercedes (SP),..,Quilogramas por Hectare,-,Quilogramas por Hectare
MU,3547205,Santana da Ponte Pensa (SP),..,Quilogramas por Hectare,-,Quilogramas por Hectare
MU,3547304,Santana de Parnaíba (SP),..,Quilogramas por Hectare,...,Quilogramas por Hectare
MU,3547403,Santa Rita d'Oeste (SP),..,Quilogramas por Hectare,-,Quilogramas por Hectare
MU,3547502,Santa Rita do Passa Quatro (SP),..,Quilogramas por Hectare,-,Quilogramas por Hectare
MU,3547601,Santa Rosa de Viterbo (SP),..,Quilogramas por Hectare,-,Quilogramas por Hectare
MU,3547650,Santa Salete (SP),..,Quilogramas por Hectare,-,Quilogramas por Hectare
MU,3547700,Santo Anastácio (SP),..,Quilogramas por Hectare,-,Quilogramas por Hectare
MU,3547908,Santo Antônio da Alegria (SP),..,Quilogramas por Hectare,-,Quilogramas por Hectare
MU,3548005,Santo Antônio de Posse (SP),..,Quilogramas por Hectare,-,Quilogramas por Hectare
MU,3548054,Santo Antônio do Aracanguá (SP),..,Quilogramas por Hectare,-,Quilogramas por Hectare
MU,3548104,Santo Antônio do Jardim (SP),..,Quilogramas por Hectare,-,Quilogramas por Hectare
MU,3548203,Santo Antônio do Pinhal (SP),..,Quilogramas por Hectare,-,Quilogramas por Hectare
MU,3548302,Santo Expedito (SP),..,Quilogramas por Hectare,-,Quilogramas por Hectare
MU,3548401,Santópolis do Aguapeí (SP),..,Quilogramas por Hectare,-,Quilogramas por Hectare
MU,3548500,Santos (SP),..,Quilogramas por Hectare,...,Quilogramas por Hectare
MU,3548609,São Bento do Sapucaí (SP),..,Quilogramas por Hectare,-,Quilogramas por Hectare
MU,3548708,São Bernardo do Campo (SP),..,Quilogramas por Hectare,...,Quilogramas por Hectare
MU,3548906,São Carlos (SP),..,Quilogramas por Hectare,-,Quilogramas por Hectare
MU,3549003,São Francisco (SP),..,Quilogramas por Hectare,-,Quilogramas por Hectare
MU,3549102,São João da Boa Vista (SP),..,Quilogramas por Hectare,-,Quilogramas por Hectare
MU,3549201,São João das Duas Pontes (SP),..,Quilogramas por Hectare,-,Quilogramas por Hectare
MU,3549250,São João de Iracema (SP),..,Quilogramas por Hectare,-,Quilogramas por Hectare
MU,3549300,São João do Pau d'Alho (SP),..,Quilogramas por Hectare,-,Quilogramas por Hectare
MU,3549409,São Joaquim da Barra (SP),..,Quilogramas por Hectare,-,Quilogramas por Hectare
MU,3549508,São José da Bela Vista (SP),..,Quilogramas por Hectare,-,Quilogramas por Hectare
MU,3549607,São José do Barreiro (SP),..,Quilogramas por Hectare,-,Quilogramas por Hectare
MU,3549706,São José do Rio Pardo (SP),..,Quilogramas por Hectare,-,Quilogramas por Hectare
MU,3549805,São José do Rio Preto (SP),..,Quilogramas por Hectare,-,Quilogramas por Hectare
MU,3549904,São José dos Campos (SP),..,Quilogramas por Hectare,-,Quilogramas por Hectare
MU,3549953,São Lourenço da Serra (SP),..,Quilogramas por Hectare,...,Quilogramas por Hectare
MU,3550001,São Luiz do Paraitinga (SP),..,Quilogramas por Hectare,-,Quilogramas por Hectare
MU,3550100,São Manuel (SP),..,Quilogramas por Hectare,-,Quilogramas por Hectare
MU,3550209,São Miguel Arcanjo (SP),..,Quilogramas por Hectare,-,Quilogramas por Hectare
MU,3550308,São Paulo (SP),..,Quilogramas por Hectare,-,Quilogramas por Hectare
MU,3550407,São Pedro (SP),..,Quilogramas por Hectare,-,Quilogramas por Hectare
MU,3550506,São Pedro do Turvo (SP),..,Quilogramas por Hectare,-,Quilogramas por Hectare
MU,3550605,São Roque (SP),..,Quilogramas por Hectare,-,Quilogramas por Hectare
MU,3550704,São Sebastião (SP),..,Quilogramas por Hectare,-,Quilogramas por Hectare
MU,3550803,São Sebastião da Grama (SP),..,Quilogramas por Hectare,-,Quilogramas por Hectare
MU,3550902,São Simão (SP),..,Quilogramas por Hectare,-,Quilogramas por Hectare
MU,3551009,São Vicente (SP),..,Quilogramas por Hectare,...,Quilogramas por Hectare
MU,3551108,Sarapuí (SP),..,Quilogramas por Hectare,-,Quilogramas por Hectare
MU,3551207,Sarutaiá (SP),..,Quilogramas por Hectare,-,Quilogramas por Hectare
MU,3551306,Sebastianópolis do Sul (SP),..,Quilogramas por Hectare,-,Quilogramas por Hectare
MU,3551405,Serra Azul (SP),..,Quilogramas por Hectare,-,Quilogramas por Hectare
MU,3551504,Serrana (SP),..,Quilogramas por Hectare,-,Quilogramas por Hectare
MU,3551603,Serra Negra (SP),..,Quilogramas por Hectare,-,Quilogramas por Hectare
MU,3551702,Sertãozinho (SP),..,Quilogramas por Hectare,...,Quilogramas por Hectare
MU,3551801,Sete Barras (SP),..,Quilogramas por Hectare,-,Quilogramas por Hectare
MU,3551900,Severínia (SP),..,Quilogramas por Hectare,-,Quilogramas por Hectare
MU,3552007,Silveiras (SP),..,Quilogramas por Hectare,-,Quilogramas por Hectare
MU,3552106,Socorro (SP),..,Quilogramas por Hectare,-,Quilogramas por Hectare
MU,3552205,Sorocaba (SP),..,Quilogramas por Hectare,-,Quilogramas por Hectare
MU,3552304,Sud Mennucci (SP),..,Quilogramas por Hectare,-,Quilogramas por Hectare
MU,3552403,Sumaré (SP),..,Quilogramas por Hectare,-,Quilogramas por Hectare
MU,3552502,Suzano (SP),..,Quilogramas por Hectare,...,Quilogramas por Hectare
MU,3552551,Suzanápolis (SP),..,Quilogramas por Hectare,-,Quilogramas por Hectare
MU,3552601,Tabapuã (SP),..,Quilogramas por Hectare,-,Quilogramas por Hectare
MU,3552700,Tabatinga (SP),..,Quilogramas por Hectare,-,Quilogramas por Hectare
MU,3552809,Taboão da Serra (SP),..,Quilogramas por Hectare,...,Quilogramas por Hectare
MU,3552908,Taciba (SP),..,Quilogramas por Hectare,-,Quilogramas por Hectare
MU,3553005,Taguaí (SP),..,Quilogramas por Hectare,-,Quilogramas por Hectare
MU,3553104,Taiaçu (SP),..,Quilogramas por Hectare,-,Quilogramas por Hectare
MU,3553203,Taiúva (SP),..,Quilogramas por Hectare,-,Quilogramas por Hectare
MU,3553302,Tambaú (SP),..,Quilogramas por Hectare,-,Quilogramas por Hectare
MU,3553401,Tanabi (SP),..,Quilogramas por Hectare,-,Quilogramas por Hectare
MU,3553500,Tapiraí (SP),..,Quilogramas por Hectare,-,Quilogramas por Hectare
MU,3553609,Tapiratiba (SP),..,Quilogramas por Hectare,-,Quilogramas por Hectare
MU,3553658,Taquaral (SP),..,Quilogramas por Hectare,-,Quilogramas por Hectare
MU,3553708,Taquaritinga (SP),..,Quilogramas por Hectare,-,Quilogramas por Hectare
MU,3553807,Taquarituba (SP),..,Quilogramas por Hectare,-,Quilogramas por Hectare
MU,3553856,Taquarivaí (SP),..,Quilogramas por Hectare,-,Quilogramas por Hectare
MU,3553906,Tarabai (SP),..,Quilogramas por Hectare,...,Quilogramas por Hectare
MU,3553955,Tarumã (SP),..,Quilogramas por Hectare,-,Quilogramas por Hectare
MU,3554003,Tatuí (SP),..,Quilogramas por Hectare,-,Quilogramas por Hectare
MU,3554102,Taubaté (SP),..,Quilogramas por Hectare,-,Quilogramas por Hectare
MU,3554201,Tejupá (SP),..,Quilogramas por Hectare,-,Quilogramas por Hectare
MU,3554300,Teodoro Sampaio (SP),..,Quilogramas por Hectare,-,Quilogramas por Hectare
MU,3554409,Terra Roxa (SP),..,Quilogramas por Hectare,-,Quilogramas por Hectare
MU,3554508,Tietê (SP),..,Quilogramas por Hectare,-,Quilogramas por Hectare
MU,3554607,Timburi (SP),..,Quilogramas por Hectare,-,Quilogramas por Hectare
MU,3554656,Torre de Pedra (SP),..,Quilogramas por Hectare,...,Quilogramas por Hectare
MU,3554706,Torrinha (SP),..,Quilogramas por Hectare,-,Quilogramas por Hectare
MU,3554755,Trabiju (SP),..,Quilogramas por Hectare,-,Quilogramas por Hectare
MU,3554805,Tremembé (SP),..,Quilogramas por Hectare,-,Quilogramas por Hectare
MU,3554904,Três Fronteiras (SP),..,Quilogramas por Hectare,-,Quilogramas por Hectare
MU,3554953,Tuiuti (SP),..,Quilogramas por Hectare,-,Quilogramas por Hectare
MU,3555000,Tupã (SP),..,Quilogramas por Hectare,-,Quilogramas por Hectare
MU,3555109,Tupi Paulista (SP),..,Quilogramas por Hectare,-,Quilogramas por Hectare
MU,3555208,Turiúba (SP),..,Quilogramas por Hectare,-,Quilogramas por Hectare
MU,3555307,Turmalina (SP),..,Quilogramas por Hectare,-,Quilogramas por Hectare
MU,3555356,Ubarana (SP),..,Quilogramas por Hectare,-,Quilogramas por Hectare
MU,3555406,Ubatuba (SP),..,Quilogramas por Hectare,-,Quilogramas por Hectare
MU,3555505,Ubirajara (SP),..,Quilogramas por Hectare,-,Quilogramas por Hectare
MU,3555604,Uchoa (SP),..,Quilogramas por Hectare,-,Quilogramas por Hectare
MU,3555703,União Paulista (SP),..,Quilogramas por Hectare,-,Quilogramas por Hectare
MU,3555802,Urânia (SP),..,Quilogramas por Hectare,-,Quilogramas por Hectare
MU,3555901,Uru (SP),..,Quilogramas por Hectare,-,Quilogramas por Hectare
MU,3556008,Urupês (SP),..,Quilogramas por Hectare,-,Quilogramas por Hectare
MU,3556107,Valentim Gentil (SP),..,Quilogramas por Hectare,-,Quilogramas por Hectare
MU,3556206,Valinhos (SP),..,Quilogramas por Hectare,-,Quilogramas por Hectare
MU,3556305,Valparaíso (SP),..,Quilogramas por Hectare,-,Quilogramas por Hectare
MU,3556354,Vargem (SP),..,Quilogramas por Hectare,-,Quilogramas por Hectare
MU,3556404,Vargem Grande do Sul (SP),..,Quilogramas por Hectare,-,Quilogramas por Hectare
MU,3556453,Vargem Grande Paulista (SP),..,Quilogramas por Hectare,...,Quilogramas por Hectare
MU,3556503,Várzea Paulista (SP),..,Quilogramas por Hectare,...,Quilogramas por Hectare
MU,3556602,Vera Cruz (SP),..,Quilogramas por Hectare,-,Quilogramas por Hectare
MU,3556701,Vinhedo (SP),..,Quilogramas por Hectare,-,Quilogramas por Hectare
MU,3556800,Viradouro (SP),..,Quilogramas por Hectare,-,Quilogramas por Hectare
MU,3556909,Vista Alegre do Alto (SP),..,Quilogramas por Hectare,-,Quilogramas por Hectare
MU,3556958,Vitória Brasil (SP),..,Quilogramas por Hectare,-,Quilogramas por Hectare
MU,3557006,Votorantim (SP),..,Quilogramas por Hectare,...,Quilogramas por Hectare
MU,3557105,Votuporanga (SP),..,Quilogramas por Hectare,-,Quilogramas por Hectare
MU,3557154,Zacarias (SP),..,Quilogramas por Hectare,-,Quilogramas por Hectare
MU,3557204,Chavantes (SP),..,Quilogramas por Hectare,-,Quilogramas por Hectare
MU,3557303,Estiva Gerbi (SP),..,Quilogramas por Hectare,-,Quilogramas por Hectare
MU,4100103,Abatiá (PR),..,Quilogramas por Hectare,-,Quilogramas por Hectare
MU,4100202,Adrianópolis (PR),..,Quilogramas por Hectare,-,Quilogramas por Hectare
MU,4100301,Agudos do Sul (PR),..,Quilogramas por Hectare,-,Quilogramas por Hectare
MU,4100400,Almirante Tamandaré (PR),..,Quilogramas por Hectare,-,Quilogramas por Hectare
MU,4100459,Altamira do Paraná (PR),..,Quilogramas por Hectare,-,Quilogramas por Hectare
MU,4100509,Altônia (PR),..,Quilogramas por Hectare,-,Quilogramas por Hectare
MU,4100608,Alto Paraná (PR),..,Quilogramas por Hectare,-,Quilogramas por Hectare
MU,4100707,Alto Piquiri (PR),..,Quilogramas por Hectare,-,Quilogramas por Hectare
MU,4100806,Alvorada do Sul (PR),..,Quilogramas por Hectare,-,Quilogramas por Hectare
MU,4100905,Amaporã (PR),..,Quilogramas por Hectare,-,Quilogramas por Hectare
MU,4101002,Ampére (PR),..,Quilogramas por Hectare,-,Quilogramas por Hectare
MU,4101051,Anahy (PR),..,Quilogramas por Hectare,-,Quilogramas por Hectare
MU,4101101,Andirá (PR),..,Quilogramas por Hectare,-,Quilogramas por Hectare
MU,4101150,Ângulo (PR),..,Quilogramas por Hectare,-,Quilogramas por Hectare
MU,4101200,Antonina (PR),..,Quilogramas por Hectare,-,Quilogramas por Hectare
MU,4101309,Antônio Olinto (PR),..,Quilogramas por Hectare,-,Quilogramas por Hectare
MU,4101408,Apucarana (PR),..,Quilogramas por Hectare,-,Quilogramas por Hectare
MU,4101507,Arapongas (PR),..,Quilogramas por Hectare,-,Quilogramas por Hectare
MU,4101606,Arapoti (PR),..,Quilogramas por Hectare,-,Quilogramas por Hectare
MU,4101655,Arapuã (PR),..,Quilogramas por Hectare,-,Quilogramas por Hectare
MU,4101705,Araruna (PR),..,Quilogramas por Hectare,-,Quilogramas por Hectare
MU,4101804,Araucária (PR),..,Quilogramas por Hectare,-,Quilogramas por Hectare
MU,4101853,Ariranha do Ivaí (PR),..,Quilogramas por Hectare,-,Quilogramas por Hectare
MU,4101903,Assaí (PR),..,Quilogramas por Hectare,-,Quilogramas por Hectare
MU,4102000,Assis Chateaubriand (PR),..,Quilogramas por Hectare,-,Quilogramas por Hectare
MU,4102109,Astorga (PR),..,Quilogramas por Hectare,-,Quilogramas por Hectare
MU,4102208,Atalaia (PR),..,Quilogramas por Hectare,-,Quilogramas por Hectare
MU,4102307,Balsa Nova (PR),..,Quilogramas por Hectare,-,Quilogramas por Hectare
MU,4102406,Bandeirantes (PR),..,Quilogramas por Hectare,-,Quilogramas por Hectare
MU,4102505,Barbosa Ferraz (PR),..,Quilogramas por Hectare,-,Quilogramas por Hectare
MU,4102604,Barracão (PR),..,Quilogramas por Hectare,-,Quilogramas por Hectare
MU,4102703,Barra do Jacaré (PR),..,Quilogramas por Hectare,-,Quilogramas por Hectare
MU,4102752,Bela Vista da Caroba (PR),..,Quilogramas por Hectare,-,Quilogramas por Hectare
MU,4102802,Bela Vista do Paraíso (PR),..,Quilogramas por Hectare,-,Quilogramas por Hectare
MU,4102901,Bituruna (PR),..,Quilogramas por Hectare,-,Quilogramas por Hectare
MU,4103008,Boa Esperança (PR),..,Quilogramas por Hectare,-,Quilogramas por Hectare
MU,4103024,Boa Esperança do Iguaçu (PR),..,Quilogramas por Hectare,-,Quilogramas por Hectare
MU,4103040,Boa Ventura de São Roque (PR),..,Quilogramas por Hectare,-,Quilogramas por Hectare
MU,4103057,Boa Vista da Aparecida (PR),..,Quilogramas por Hectare,-,Quilogramas por Hectare
MU,4103107,Bocaiúva do Sul (PR),..,Quilogramas por Hectare,-,Quilogramas por Hectare
MU,4103156,Bom Jesus do Sul (PR),..,Quilogramas por Hectare,-,Quilogramas por Hectare
MU,4103206,Bom Sucesso (PR),..,Quilogramas por Hectare,-,Quilogramas por Hectare
MU,4103222,Bom Sucesso do Sul (PR),..,Quilogramas por Hectare,-,Quilogramas por Hectare
MU,4103305,Borrazópolis (PR),..,Quilogramas por Hectare,-,Quilogramas por Hectare
MU,4103354,Braganey (PR),..,Quilogramas por Hectare,-,Quilogramas por Hectare
MU,4103370,Brasilândia do Sul (PR),..,Quilogramas por Hectare,-,Quilogramas por Hectare
MU,4103404,Cafeara (PR),..,Quilogramas por Hectare,-,Quilogramas por Hectare
MU,4103453,Cafelândia (PR),..,Quilogramas por Hectare,-,Quilogramas por Hectare
MU,4103479,Cafezal do Sul (PR),..,Quilogramas por Hectare,-,Quilogramas por Hectare
MU,4103503,Califórnia (PR),..,Quilogramas por Hectare,-,Quilogramas por Hectare
MU,4103602,Cambará (PR),..,Quilogramas por Hectare,-,Quilogramas por Hectare
MU,4103701,Cambé (PR),..,Quilogramas por Hectare,-,Quilogramas por Hectare
MU,4103800,Cambira (PR),..,Quilogramas por Hectare,-,Quilogramas por Hectare
MU,4103909,Campina da Lagoa (PR),..,Quilogramas por Hectare,-,Quilogramas por Hectare
MU,4103958,Campina do Simão (PR),..,Quilogramas por Hectare,-,Quilogramas por Hectare
MU,4104006,Campina Grande do Sul (PR),..,Quilogramas por Hectare,-,Quilogramas por Hectare
MU,4104055,Campo Bonito (PR),..,Quilogramas por Hectare,-,Quilogramas por Hectare
MU,4104105,Campo do Tenente (PR),..,Quilogramas por Hectare,-,Quilogramas por Hectare
MU,4104204,Campo Largo (PR),..,Quilogramas por Hectare,-,Quilogramas por Hectare
MU,4104253,Campo Magro (PR),..,Quilogramas por Hectare,-,Quilogramas por Hectare
MU,4104303,Campo Mourão (PR),..,Quilogramas por Hectare,-,Quilogramas por Hectare
MU,4104402,Cândido de Abreu (PR),..,Quilogramas por Hectare,-,Quilogramas por Hectare
MU,4104428,Candói (PR),..,Quilogramas por Hectare,-,Quilogramas por Hectare
MU,4104451,Cantagalo (PR),..,Quilogramas por Hectare,-,Quilogramas por Hectare
MU,4104501,Capanema (PR),..,Quilogramas por Hectare,-,Quilogramas por Hectare
MU,4104600,Capitão Leônidas Marques (PR),..,Quilogramas por Hectare,-,Quilogramas por Hectare
MU,4104659,Carambeí (PR),..,Quilogramas por Hectare,...,Quilogramas por Hectare
MU,4104709,Carlópolis (PR),..,Quilogramas por Hectare,-,Quilogramas por Hectare
MU,4104808,Cascavel (PR),..,Quilogramas por Hectare,-,Quilogramas por Hectare
MU,4104907,Castro (PR),..,Quilogramas por Hectare,-,Quilogramas por Hectare
MU,4105003,Catanduvas (PR),..,Quilogramas por Hectare,-,Quilogramas por Hectare
MU,4105102,Centenário do Sul (PR),..,Quilogramas por Hectare,-,Quilogramas por Hectare
MU,4105201,Cerro Azul (PR),..,Quilogramas por Hectare,-,Quilogramas por Hectare
MU,4105300,Céu Azul (PR),..,Quilogramas por Hectare,-,Quilogramas por Hectare
MU,4105409,Chopinzinho (PR),..,Quilogramas por Hectare,-,Quilogramas por Hectare
MU,4105508,Cianorte (PR),..,Quilogramas por Hectare,-,Quilogramas por Hectare
MU,4105607,Cidade Gaúcha (PR),..,Quilogramas por Hectare,-,Quilogramas por Hectare
MU,4105706,Clevelândia (PR),..,Quilogramas por Hectare,-,Quilogramas por Hectare
MU,4105805,Colombo (PR),..,Quilogramas por Hectare,-,Quilogramas por Hectare
MU,4105904,Colorado (PR),..,Quilogramas por Hectare,-,Quilogramas por Hectare
MU,4106001,Congonhinhas (PR),..,Quilogramas por Hectare,-,Quilogramas por Hectare
MU,4106100,Conselheiro Mairinck (PR),..,Quilogramas por Hectare,-,Quilogramas por Hectare
MU,4106209,Contenda (PR),..,Quilogramas por Hectare,-,Quilogramas por Hectare
MU,4106308,Corbélia (PR),..,Quilogramas por Hectare,-,Quilogramas por Hectare
MU,4106407,Cornélio Procópio (PR),..,Quilogramas por Hectare,-,Quilogramas por Hectare
MU,4106456,Coronel Domingos Soares (PR),..,Quilogramas por Hectare,-,Quilogramas por Hectare
MU,4106506,Coronel Vivida (PR),..,Quilogramas por Hectare,-,Quilogramas por Hectare
MU,4106555,Corumbataí do Sul (PR),..,Quilogramas por Hectare,-,Quilogramas por Hectare
MU,4106571,Cruzeiro do Iguaçu (PR),..,Quilogramas por Hectare,-,Quilogramas por Hectare
MU,4106605,Cruzeiro do Oeste (PR),..,Quilogramas por Hectare,-,Quilogramas por Hectare
MU,4106704,Cruzeiro do Sul (PR),..,Quilogramas por Hectare,-,Quilogramas por Hectare
MU,4106803,Cruz Machado (PR),..,Quilogramas por Hectare,-,Quilogramas por Hectare
MU,4106852,Cruzmaltina (PR),..,Quilogramas por Hectare,-,Quilogramas por Hectare
MU,4106902,Curitiba (PR),..,Quilogramas por Hectare,...,Quilogramas por Hectare
MU,4107009,Curiúva (PR),..,Quilogramas por Hectare,-,Quilogramas por Hectare
MU,4107108,Diamante do Norte (PR),..,Quilogramas por Hectare,-,Quilogramas por Hectare
MU,4107124,Diamante do Sul (PR),..,Quilogramas por Hectare,-,Quilogramas por Hectare
MU,4107157,Diamante D'Oeste (PR),..,Quilogramas por Hectare,-,Quilogramas por Hectare
MU,4107207,Dois Vizinhos (PR),..,Quilogramas por Hectare,-,Quilogramas por Hectare
MU,4107256,Douradina (PR),..,Quilogramas por Hectare,-,Quilogramas por Hectare
MU,4107306,Doutor Camargo (PR),..,Quilogramas por Hectare,-,Quilogramas por Hectare
MU,4107405,Enéas Marques (PR),..,Quilogramas por Hectare,-,Quilogramas por Hectare
MU,4107504,Engenheiro Beltrão (PR),..,Quilogramas por Hectare,-,Quilogramas por Hectare
MU,4107520,Esperança Nova (PR),..,Quilogramas por Hectare,-,Quilogramas por Hectare
MU,4107538,Entre Rios do Oeste (PR),..,Quilogramas por Hectare,-,Quilogramas por Hectare
MU,4107546,Espigão Alto do Iguaçu (PR),..,Quilogramas por Hectare,-,Quilogramas por Hectare
MU,4107553,Farol (PR),..,Quilogramas por Hectare,-,Quilogramas por Hectare
MU,4107603,Faxinal (PR),..,Quilogramas por Hectare,-,Quilogramas por Hectare
MU,4107652,Fazenda Rio Grande (PR),..,Quilogramas por Hectare,-,Quilogramas por Hectare
MU,4107702,Fênix (PR),..,Quilogramas por Hectare,-,Quilogramas por Hectare
MU,4107736,Fernandes Pinheiro (PR),..,Quilogramas por Hectare,-,Quilogramas por Hectare
MU,4107751,Figueira (PR),..,Quilogramas por Hectare,-,Quilogramas por Hectare
MU,4107801,Floraí (PR),..,Quilogramas por Hectare,-,Quilogramas por Hectare
MU,4107850,Flor da Serra do Sul (PR),..,Quilogramas por Hectare,-,Quilogramas por Hectare
MU,4107900,Floresta (PR),..,Quilogramas por Hectare,...,Quilogramas por Hectare
MU,4108007,Florestópolis (PR),..,Quilogramas por Hectare,-,Quilogramas por Hectare
MU,4108106,Flórida (PR),..,Quilogramas por Hectare,-,Quilogramas por Hectare
MU,4108205,Formosa do Oeste (PR),..,Quilogramas por Hectare,-,Quilogramas por Hectare
MU,4108304,Foz do Iguaçu (PR),..,Quilogramas por Hectare,-,Quilogramas por Hectare
MU,4108320,Francisco Alves (PR),..,Quilogramas por Hectare,-,Quilogramas por Hectare
MU,4108403,Francisco Beltrão (PR),..,Quilogramas por Hectare,-,Quilogramas por Hectare
MU,4108452,Foz do Jordão (PR),..,Quilogramas por Hectare,-,Quilogramas por Hectare
MU,4108502,General Carneiro (PR),..,Quilogramas por Hectare,-,Quilogramas por Hectare
MU,4108551,Godoy Moreira (PR),..,Quilogramas por Hectare,-,Quilogramas por Hectare
MU,4108601,Goioerê (PR),..,Quilogramas por Hectare,-,Quilogramas por Hectare
MU,4108650,Goioxim (PR),..,Quilogramas por Hectare,-,Quilogramas por Hectare
MU,4108700,Grandes Rios (PR),..,Quilogramas por Hectare,-,Quilogramas por Hectare
MU,4108809,Guaíra (PR),..,Quilogramas por Hectare,-,Quilogramas por Hectare
MU,4108908,Guairaçá (PR),..,Quilogramas por Hectare,-,Quilogramas por Hectare
MU,4108957,Guamiranga (PR),..,Quilogramas por Hectare,-,Quilogramas por Hectare
MU,4109005,Guapirama (PR),..,Quilogramas por Hectare,-,Quilogramas por Hectare
MU,4109104,Guaporema (PR),..,Quilogramas por Hectare,-,Quilogramas por Hectare
MU,4109203,Guaraci (PR),..,Quilogramas por Hectare,-,Quilogramas por Hectare
MU,4109302,Guaraniaçu (PR),..,Quilogramas por Hectare,-,Quilogramas por Hectare
MU,4109401,Guarapuava (PR),..,Quilogramas por Hectare,-,Quilogramas por Hectare
MU,4109500,Guaraqueçaba (PR),..,Quilogramas por Hectare,-,Quilogramas por Hectare
MU,4109609,Guaratuba (PR),..,Quilogramas por Hectare,-,Quilogramas por Hectare
MU,4109658,Honório Serpa (PR),..,Quilogramas por Hectare,-,Quilogramas por Hectare
MU,4109708,Ibaiti (PR),..,Quilogramas por Hectare,-,Quilogramas por Hectare
MU,4109757,Ibema (PR),..,Quilogramas por Hectare,-,Quilogramas por Hectare
MU,4109807,Ibiporã (PR),..,Quilogramas por Hectare,-,Quilogramas por Hectare
MU,4109906,Icaraíma (PR),..,Quilogramas por Hectare,-,Quilogramas por Hectare
MU,4110003,Iguaraçu (PR),..,Quilogramas por Hectare,-,Quilogramas por Hectare
MU,4110052,Iguatu (PR),..,Quilogramas por Hectare,-,Quilogramas por Hectare
MU,4110078,Imbaú (PR),..,Quilogramas por Hectare,-,Quilogramas por Hectare
MU,4110102,Imbituva (PR),..,Quilogramas por Hectare,-,Quilogramas por Hectare
MU,4110201,Inácio Martins (PR),..,Quilogramas por Hectare,-,Quilogramas por Hectare
MU,4110300,Inajá (PR),..,Quilogramas por Hectare,-,Quilogramas por Hectare
MU,4110409,Indianópolis (PR),..,Quilogramas por Hectare,-,Quilogramas por Hectare
MU,4110508,Ipiranga (PR),..,Quilogramas por Hectare,-,Quilogramas por Hectare
MU,4110607,Iporã (PR),..,Quilogramas por Hectare,-,Quilogramas por Hectare
MU,4110656,Iracema do Oeste (PR),..,Quilogramas por Hectare,-,Quilogramas por Hectare
MU,4110706,Irati (PR),..,Quilogramas por Hectare,-,Quilogramas por Hectare
MU,4110805,Iretama (PR),..,Quilogramas por Hectare,-,Quilogramas por Hectare
MU,4110904,Itaguajé (PR),..,Quilogramas por Hectare,-,Quilogramas por Hectare
MU,4110953,Itaipulândia (PR),..,Quilogramas por Hectare,-,Quilogramas por Hectare
MU,4111001,Itambaracá (PR),..,Quilogramas por Hectare,-,Quilogramas por Hectare
MU,4111100,Itambé (PR),..,Quilogramas por Hectare,-,Quilogramas por Hectare
MU,4111209,Itapejara d'Oeste (PR),..,Quilogramas por Hectare,-,Quilogramas por Hectare
MU,4111258,Itaperuçu (PR),..,Quilogramas por Hectare,-,Quilogramas por Hectare
MU,4111308,Itaúna do Sul (PR),..,Quilogramas por Hectare,-,Quilogramas por Hectare
MU,4111407,Ivaí (PR),..,Quilogramas por Hectare,-,Quilogramas por Hectare
MU,4111506,Ivaiporã (PR),..,Quilogramas por Hectare,-,Quilogramas por Hectare
MU,4111555,Ivaté (PR),..,Quilogramas por Hectare,-,Quilogramas por Hectare
MU,4111605,Ivatuba (PR),..,Quilogramas por Hectare,-,Quilogramas por Hectare
MU,4111704,Jaboti (PR),..,Quilogramas por Hectare,-,Quilogramas por Hectare
MU,4111803,Jacarezinho (PR),..,Quilogramas por Hectare,-,Quilogramas por Hectare
MU,4111902,Jaguapitã (PR),..,Quilogramas por Hectare,-,Quilogramas por Hectare
MU,4112009,Jaguariaíva (PR),..,Quilogramas por Hectare,-,Quilogramas por Hectare
MU,4112108,Jandaia do Sul (PR),..,Quilogramas por Hectare,-,Quilogramas por Hectare
MU,4112207,Janiópolis (PR),..,Quilogramas por Hectare,-,Quilogramas por Hectare
MU,4112306,Japira (PR),..,Quilogramas por Hectare,-,Quilogramas por Hectare
MU,4112405,Japurá (PR),..,Quilogramas por Hectare,-,Quilogramas por Hectare
MU,4112504,Jardim Alegre (PR),..,Quilogramas por Hectare,-,Quilogramas por Hectare
MU,4112603,Jardim Olinda (PR),..,Quilogramas por Hectare,...,Quilogramas por Hectare
MU,4112702,Jataizinho (PR),..,Quilogramas por Hectare,-,Quilogramas por Hectare
MU,4112751,Jesuítas (PR),..,Quilogramas por Hectare,-,Quilogramas por Hectare
MU,4112801,Joaquim Távora (PR),..,Quilogramas por Hectare,-,Quilogramas por Hectare
MU,4112900,Jundiaí do Sul (PR),..,Quilogramas por Hectare,-,Quilogramas por Hectare
MU,4112959,Juranda (PR),..,Quilogramas por Hectare,-,Quilogramas por Hectare
MU,4113007,Jussara (PR),..,Quilogramas por Hectare,-,Quilogramas por Hectare
MU,4113106,Kaloré (PR),..,Quilogramas por Hectare,-,Quilogramas por Hectare
MU,4113205,Lapa (PR),..,Quilogramas por Hectare,-,Quilogramas por Hectare
MU,4113254,Laranjal (PR),..,Quilogramas por Hectare,-,Quilogramas por Hectare
MU,4113304,Laranjeiras do Sul (PR),..,Quilogramas por Hectare,-,Quilogramas por Hectare
MU,4113403,Leópolis (PR),..,Quilogramas por Hectare,-,Quilogramas por Hectare
MU,4113429,Lidianópolis (PR),..,Quilogramas por Hectare,-,Quilogramas por Hectare
MU,4113452,Lindoeste (PR),..,Quilogramas por Hectare,-,Quilogramas por Hectare
MU,4113502,Loanda (PR),..,Quilogramas por Hectare,-,Quilogramas por Hectare
MU,4113601,Lobato (PR),..,Quilogramas por Hectare,-,Quilogramas por Hectare
MU,4113700,Londrina (PR),..,Quilogramas por Hectare,-,Quilogramas por Hectare
MU,4113734,Luiziana (PR),..,Quilogramas por Hectare,-,Quilogramas por Hectare
MU,4113759,Lunardelli (PR),..,Quilogramas por Hectare,-,Quilogramas por Hectare
MU,4113809,Lupionópolis (PR),..,Quilogramas por Hectare,-,Quilogramas por Hectare
MU,4113908,Mallet (PR),..,Quilogramas por Hectare,-,Quilogramas por Hectare
MU,4114005,Mamborê (PR),..,Quilogramas por Hectare,-,Quilogramas por Hectare
MU,4114104,Mandaguaçu (PR),..,Quilogramas por Hectare,-,Quilogramas por Hectare
MU,4114203,Mandaguari (PR),..,Quilogramas por Hectare,-,Quilogramas por Hectare
MU,4114302,Mandirituba (PR),..,Quilogramas por Hectare,-,Quilogramas por Hectare
MU,4114351,Manfrinópolis (PR),..,Quilogramas por Hectare,-,Quilogramas por Hectare
MU,4114401,Mangueirinha (PR),..,Quilogramas por Hectare,-,Quilogramas por Hectare
MU,4114500,Manoel Ribas (PR),..,Quilogramas por Hectare,-,Quilogramas por Hectare
MU,4114609,Marechal Cândido Rondon (PR),..,Quilogramas por Hectare,-,Quilogramas por Hectare
MU,4114708,Maria Helena (PR),..,Quilogramas por Hectare,-,Quilogramas por Hectare
MU,4114807,Marialva (PR),..,Quilogramas por Hectare,-,Quilogramas por Hectare
MU,4114906,Marilândia do Sul (PR),..,Quilogramas por Hectare,-,Quilogramas por Hectare
MU,4115002,Marilena (PR),..,Quilogramas por Hectare,-,Quilogramas por Hectare
MU,4115101,Mariluz (PR),..,Quilogramas por Hectare,-,Quilogramas por Hectare
MU,4115200,Maringá (PR),..,Quilogramas por Hectare,-,Quilogramas por Hectare
MU,4115309,Mariópolis (PR),..,Quilogramas por Hectare,-,Quilogramas por Hectare
MU,4115358,Maripá (PR),..,Quilogramas por Hectare,-,Quilogramas por Hectare
MU,4115408,Marmeleiro (PR),..,Quilogramas por Hectare,-,Quilogramas por Hectare
MU,4115457,Marquinho (PR),..,Quilogramas por Hectare,-,Quilogramas por Hectare
MU,4115507,Marumbi (PR),..,Quilogramas por Hectare,-,Quilogramas por Hectare
MU,4115606,Matelândia (PR),..,Quilogramas por Hectare,-,Quilogramas por Hectare
MU,4115705,Matinhos (PR),..,Quilogramas por Hectare,-,Quilogramas por Hectare
MU,4115739,Mato Rico (PR),..,Quilogramas por Hectare,-,Quilogramas por Hectare
MU,4115754,Mauá da Serra (PR),..,Quilogramas por Hectare,-,Quilogramas por Hectare
MU,4115804,Medianeira (PR),..,Quilogramas por Hectare,-,Quilogramas por Hectare
MU,4115853,Mercedes (PR),..,Quilogramas por Hectare,-,Quilogramas por Hectare
MU,4115903,Mirador (PR),..,Quilogramas por Hectare,-,Quilogramas por Hectare
MU,4116000,Miraselva (PR),..,Quilogramas por Hectare,-,Quilogramas por Hectare
MU,4116059,Missal (PR),..,Quilogramas por Hectare,-,Quilogramas por Hectare
MU,4116109,Moreira Sales (PR),..,Quilogramas por Hectare,-,Quilogramas por Hectare
MU,4116208,Morretes (PR),..,Quilogramas por Hectare,-,Quilogramas por Hectare
MU,4116307,Munhoz de Melo (PR),..,Quilogramas por Hectare,-,Quilogramas por Hectare
MU,4116406,Nossa Senhora das Graças (PR),..,Quilogramas por Hectare,-,Quilogramas por Hectare
MU,4116505,Nova Aliança do Ivaí (PR),..,Quilogramas por Hectare,-,Quilogramas por Hectare
MU,4116604,Nova América da Colina (PR),..,Quilogramas por Hectare,-,Quilogramas por Hectare
MU,4116703,Nova Aurora (PR),..,Quilogramas por Hectare,-,Quilogramas por Hectare
MU,4116802,Nova Cantu (PR),..,Quilogramas por Hectare,-,Quilogramas por Hectare
MU,4116901,Nova Esperança (PR),..,Quilogramas por Hectare,-,Quilogramas por Hectare
MU,4116950,Nova Esperança do Sudoeste (PR),..,Quilogramas por Hectare,-,Quilogramas por Hectare
MU,4117008,Nova Fátima (PR),..,Quilogramas por Hectare,-,Quilogramas por Hectare
MU,4117057,Nova Laranjeiras (PR),..,Quilogramas por Hectare,-,Quilogramas por Hectare
MU,4117107,Nova Londrina (PR),..,Quilogramas por Hectare,...,Quilogramas por Hectare
MU,4117206,Nova Olímpia (PR),..,Quilogramas por Hectare,-,Quilogramas por Hectare
MU,4117214,Nova Santa Bárbara (PR),..,Quilogramas por Hectare,-,Quilogramas por Hectare
MU,4117222,Nova Santa Rosa (PR),..,Quilogramas por Hectare,-,Quilogramas por Hectare
MU,4117255,Nova Prata do Iguaçu (PR),..,Quilogramas por Hectare,-,Quilogramas por Hectare
MU,4117271,Nova Tebas (PR),..,Quilogramas por Hectare,-,Quilogramas por Hectare
MU,4117297,Novo Itacolomi (PR),..,Quilogramas por Hectare,-,Quilogramas por Hectare
MU,4117305,Ortigueira (PR),..,Quilogramas por Hectare,-,Quilogramas por Hectare
MU,4117404,Ourizona (PR),..,Quilogramas por Hectare,-,Quilogramas por Hectare
MU,4117453,Ouro Verde do Oeste (PR),..,Quilogramas por Hectare,-,Quilogramas por Hectare
MU,4117503,Paiçandu (PR),..,Quilogramas por Hectare,...,Quilogramas por Hectare
MU,4117602,Palmas (PR),..,Quilogramas por Hectare,-,Quilogramas por Hectare
MU,4117701,Palmeira (PR),..,Quilogramas por Hectare,-,Quilogramas por Hectare
MU,4117800,Palmital (PR),..,Quilogramas por Hectare,-,Quilogramas por Hectare
MU,4117909,Palotina (PR),..,Quilogramas por Hectare,-,Quilogramas por Hectare
MU,4118006,Paraíso do Norte (PR),..,Quilogramas por Hectare,-,Quilogramas por Hectare
MU,4118105,Paranacity (PR),..,Quilogramas por Hectare,-,Quilogramas por Hectare
MU,4118204,Paranaguá (PR),..,Quilogramas por Hectare,-,Quilogramas por Hectare
MU,4118303,Paranapoema (PR),..,Quilogramas por Hectare,-,Quilogramas por Hectare
MU,4118402,Paranavaí (PR),..,Quilogramas por Hectare,-,Quilogramas por Hectare
MU,4118451,Pato Bragado (PR),..,Quilogramas por Hectare,-,Quilogramas por Hectare
MU,4118501,Pato Branco (PR),..,Quilogramas por Hectare,-,Quilogramas por Hectare
MU,4118600,Paula Freitas (PR),..,Quilogramas por Hectare,-,Quilogramas por Hectare
MU,4118709,Paulo Frontin (PR),..,Quilogramas por Hectare,-,Quilogramas por Hectare
MU,4118808,Peabiru (PR),..,Quilogramas por Hectare,-,Quilogramas por Hectare
MU,4118857,Perobal (PR),..,Quilogramas por Hectare,-,Quilogramas por Hectare
MU,4118907,Pérola (PR),..,Quilogramas por Hectare,-,Quilogramas por Hectare
MU,4119004,Pérola d'Oeste (PR),..,Quilogramas por Hectare,-,Quilogramas por Hectare
MU,4119103,Piên (PR),..,Quilogramas por Hectare,-,Quilogramas por Hectare
MU,4119152,Pinhais (PR),..,Quilogramas por Hectare,...,Quilogramas por Hectare
MU,4119202,Pinhalão (PR),..,Quilogramas por Hectare,-,Quilogramas por Hectare
MU,4119251,Pinhal de São Bento (PR),..,Quilogramas por Hectare,-,Quilogramas por Hectare
MU,4119301,Pinhão (PR),..,Quilogramas por Hectare,-,Quilogramas por Hectare
MU,4119400,Piraí do Sul (PR),..,Quilogramas por Hectare,-,Quilogramas por Hectare
MU,4119509,Piraquara (PR),..,Quilogramas por Hectare,-,Quilogramas por Hectare
MU,4119608,Pitanga (PR),..,Quilogramas por Hectare,-,Quilogramas por Hectare
MU,4119657,Pitangueiras (PR),..,Quilogramas por Hectare,-,Quilogramas por Hectare
MU,4119707,Planaltina do Paraná (PR),..,Quilogramas por Hectare,-,Quilogramas por Hectare
MU,4119806,Planalto (PR),..,Quilogramas por Hectare,-,Quilogramas por Hectare
MU,4119905,Ponta Grossa (PR),..,Quilogramas por Hectare,-,Quilogramas por Hectare
MU,4119954,Pontal do Paraná (PR),..,Quilogramas por Hectare,-,Quilogramas por Hectare
MU,4120002,Porecatu (PR),..,Quilogramas por Hectare,-,Quilogramas por Hectare
MU,4120101,Porto Amazonas (PR),..,Quilogramas por Hectare,-,Quilogramas por Hectare
MU,4120150,Porto Barreiro (PR),..,Quilogramas por Hectare,-,Quilogramas por Hectare
MU,4120200,Porto Rico (PR),..,Quilogramas por Hectare,-,Quilogramas por Hectare
MU,4120309,Porto Vitória (PR),..,Quilogramas por Hectare,-,Quilogramas por Hectare
MU,4120333,Prado Ferreira (PR),..,Quilogramas por Hectare,-,Quilogramas por Hectare
MU,4120358,Pranchita (PR),..,Quilogramas por Hectare,-,Quilogramas por Hectare
MU,4120408,Presidente Castelo Branco (PR),..,Quilogramas por Hectare,-,Quilogramas por Hectare
MU,4120507,Primeiro de Maio (PR),..,Quilogramas por Hectare,-,Quilogramas por Hectare
MU,4120606,Prudentópolis (PR),..,Quilogramas por Hectare,-,Quilogramas por Hectare
MU,4120655,Quarto Centenário (PR),..,Quilogramas por Hectare,-,Quilogramas por Hectare
MU,4120705,Quatiguá (PR),..,Quilogramas por Hectare,-,Quilogramas por Hectare
MU,4120804,Quatro Barras (PR),..,Quilogramas por Hectare,-,Quilogramas por Hectare
MU,4120853,Quatro Pontes (PR),..,Quilogramas por Hectare,-,Quilogramas por Hectare
MU,4120903,Quedas do Iguaçu (PR),..,Quilogramas por Hectare,-,Quilogramas por Hectare
MU,4121000,Querência do Norte (PR),..,Quilogramas por Hectare,-,Quilogramas por Hectare
MU,4121109,Quinta do Sol (PR),..,Quilogramas por Hectare,-,Quilogramas por Hectare
MU,4121208,Quitandinha (PR),..,Quilogramas por Hectare,-,Quilogramas por Hectare
MU,4121257,Ramilândia (PR),..,Quilogramas por Hectare,-,Quilogramas por Hectare
MU,4121307,Rancho Alegre (PR),..,Quilogramas por Hectare,-,Quilogramas por Hectare
MU,4121356,Rancho Alegre D'Oeste (PR),..,Quilogramas por Hectare,...,Quilogramas por Hectare
MU,4121406,Realeza (PR),..,Quilogramas por Hectare,-,Quilogramas por Hectare
MU,4121505,Rebouças (PR),..,Quilogramas por Hectare,-,Quilogramas por Hectare
MU,4121604,Renascença (PR),..,Quilogramas por Hectare,-,Quilogramas por Hectare
MU,4121703,Reserva (PR),..,Quilogramas por Hectare,-,Quilogramas por Hectare
MU,4121752,Reserva do Iguaçu (PR),..,Quilogramas por Hectare,-,Quilogramas por Hectare
MU,4121802,Ribeirão Claro (PR),..,Quilogramas por Hectare,-,Quilogramas por Hectare
MU,4121901,Ribeirão do Pinhal (PR),..,Quilogramas por Hectare,-,Quilogramas por Hectare
MU,4122008,Rio Azul (PR),..,Quilogramas por Hectare,-,Quilogramas por Hectare
MU,4122107,Rio Bom (PR),..,Quilogramas por Hectare,-,Quilogramas por Hectare
MU,4122156,Rio Bonito do Iguaçu (PR),..,Quilogramas por Hectare,-,Quilogramas por Hectare
MU,4122172,Rio Branco do Ivaí (PR),..,Quilogramas por Hectare,-,Quilogramas por Hectare
MU,4122206,Rio Branco do Sul (PR),..,Quilogramas por Hectare,-,Quilogramas por Hectare
MU,4122305,Rio Negro (PR),..,Quilogramas por Hectare,-,Quilogramas por Hectare
MU,4122404,Rolândia (PR),..,Quilogramas por Hectare,-,Quilogramas por Hectare
MU,4122503,Roncador (PR),..,Quilogramas por Hectare,-,Quilogramas por Hectare
MU,4122602,Rondon (PR),..,Quilogramas por Hectare,-,Quilogramas por Hectare
MU,4122651,Rosário do Ivaí (PR),..,Quilogramas por Hectare,-,Quilogramas por Hectare
MU,4122701,Sabáudia (PR),..,Quilogramas por Hectare,-,Quilogramas por Hectare
MU,4122800,Salgado Filho (PR),..,Quilogramas por Hectare,-,Quilogramas por Hectare
MU,4122909,Salto do Itararé (PR),..,Quilogramas por Hectare,-,Quilogramas por Hectare
MU,4123006,Salto do Lontra (PR),..,Quilogramas por Hectare,-,Quilogramas por Hectare
MU,4123105,Santa Amélia (PR),..,Quilogramas por Hectare,-,Quilogramas por Hectare
MU,4123204,Santa Cecília do Pavão (PR),..,Quilogramas por Hectare,-,Quilogramas por Hectare
MU,4123303,Santa Cruz de Monte Castelo (PR),..,Quilogramas por Hectare,-,Quilogramas por Hectare
MU,4123402,Santa Fé (PR),..,Quilogramas por Hectare,-,Quilogramas por Hectare
MU,4123501,Santa Helena (PR),..,Quilogramas por Hectare,-,Quilogramas por Hectare
MU,4123600,Santa Inês (PR),..,Quilogramas por Hectare,-,Quilogramas por Hectare
MU,4123709,Santa Isabel do Ivaí (PR),..,Quilogramas por Hectare,-,Quilogramas por Hectare
MU,4123808,Santa Izabel do Oeste (PR),..,Quilogramas por Hectare,-,Quilogramas por Hectare
MU,4123824,Santa Lúcia (PR),..,Quilogramas por Hectare,-,Quilogramas por Hectare
MU,4123857,Santa Maria do Oeste (PR),..,Quilogramas por Hectare,-,Quilogramas por Hectare
MU,4123907,Santa Mariana (PR),..,Quilogramas por Hectare,-,Quilogramas por Hectare
MU,4123956,Santa Mônica (PR),..,Quilogramas por Hectare,-,Quilogramas por Hectare
MU,4124004,Santana do Itararé (PR),..,Quilogramas por Hectare,-,Quilogramas por Hectare
MU,4124020,Santa Tereza do Oeste (PR),..,Quilogramas por Hectare,-,Quilogramas por Hectare
MU,4124053,Santa Terezinha de Itaipu (PR),..,Quilogramas por Hectare,-,Quilogramas por Hectare
MU,4124103,Santo Antônio da Platina (PR),..,Quilogramas por Hectare,-,Quilogramas por Hectare
MU,4124202,Santo Antônio do Caiuá (PR),..,Quilogramas por Hectare,...,Quilogramas por Hectare
MU,4124301,Santo Antônio do Paraíso (PR),..,Quilogramas por Hectare,-,Quilogramas por Hectare
MU,4124400,Santo Antônio do Sudoeste (PR),..,Quilogramas por Hectare,-,Quilogramas por Hectare
MU,4124509,Santo Inácio (PR),..,Quilogramas por Hectare,-,Quilogramas por Hectare
MU,4124608,São Carlos do Ivaí (PR),..,Quilogramas por Hectare,-,Quilogramas por Hectare
MU,4124707,São Jerônimo da Serra (PR),..,Quilogramas por Hectare,-,Quilogramas por Hectare
MU,4124806,São João (PR),..,Quilogramas por Hectare,-,Quilogramas por Hectare
MU,4124905,São João do Caiuá (PR),..,Quilogramas por Hectare,-,Quilogramas por Hectare
MU,4125001,São João do Ivaí (PR),..,Quilogramas por Hectare,-,Quilogramas por Hectare
MU,4125100,São João do Triunfo (PR),..,Quilogramas por Hectare,-,Quilogramas por Hectare
MU,4125209,São Jorge d'Oeste (PR),..,Quilogramas por Hectare,-,Quilogramas por Hectare
MU,4125308,São Jorge do Ivaí (PR),..,Quilogramas por Hectare,-,Quilogramas por Hectare
MU,4125357,São Jorge do Patrocínio (PR),..,Quilogramas por Hectare,-,Quilogramas por Hectare
MU,4125407,São José da Boa Vista (PR),..,Quilogramas por Hectare,-,Quilogramas por Hectare
MU,4125456,São José das Palmeiras (PR),..,Quilogramas por Hectare,-,Quilogramas por Hectare
MU,4125506,São José dos Pinhais (PR),..,Quilogramas por Hectare,-,Quilogramas por Hectare
MU,4125555,São Manoel do Paraná (PR),..,Quilogramas por Hectare,-,Quilogramas por Hectare
MU,4125605,São Mateus do Sul (PR),..,Quilogramas por Hectare,-,Quilogramas por Hectare
MU,4125704,São Miguel do Iguaçu (PR),..,Quilogramas por Hectare,-,Quilogramas por Hectare
MU,4125753,São Pedro do Iguaçu (PR),..,Quilogramas por Hectare,-,Quilogramas por Hectare
MU,4125803,São Pedro do Ivaí (PR),..,Quilogramas por Hectare,-,Quilogramas por Hectare
MU,4125902,São Pedro do Paraná (PR),..,Quilogramas por Hectare,-,Quilogramas por Hectare
MU,4126009,São Sebastião da Amoreira (PR),..,Quilogramas por Hectare,-,Quilogramas por Hectare
MU,4126108,São Tomé (PR),..,Quilogramas por Hectare,-,Quilogramas por Hectare
MU,4126207,Sapopema (PR),..,Quilogramas por Hectare,-,Quilogramas por Hectare
MU,4126256,Sarandi (PR),..,Quilogramas por Hectare,-,Quilogramas por Hectare
MU,4126272,Saudade do Iguaçu (PR),..,Quilogramas por Hectare,-,Quilogramas por Hectare
MU,4126306,Sengés (PR),..,Quilogramas por Hectare,-,Quilogramas por Hectare
MU,4126355,Serranópolis do Iguaçu (PR),..,Quilogramas por Hectare,-,Quilogramas por Hectare
MU,4126405,Sertaneja (PR),..,Quilogramas por Hectare,-,Quilogramas por Hectare
MU,4126504,Sertanópolis (PR),..,Quilogramas por Hectare,-,Quilogramas por Hectare
MU,4126603,Siqueira Campos (PR),..,Quilogramas por Hectare,-,Quilogramas por Hectare
MU,4126652,Sulina (PR),..,Quilogramas por Hectare,-,Quilogramas por Hectare
MU,4126678,Tamarana (PR),..,Quilogramas por Hectare,-,Quilogramas por Hectare
MU,4126702,Tamboara (PR),..,Quilogramas por Hectare,-,Quilogramas por Hectare
MU,4126801,Tapejara (PR),..,Quilogramas por Hectare,-,Quilogramas por Hectare
MU,4126900,Tapira (PR),..,Quilogramas por Hectare,-,Quilogramas por Hectare
MU,4127007,Teixeira Soares (PR),..,Quilogramas por Hectare,-,Quilogramas por Hectare
MU,4127106,Telêmaco Borba (PR),..,Quilogramas por Hectare,-,Quilogramas por Hectare
MU,4127205,Terra Boa (PR),..,Quilogramas por Hectare,-,Quilogramas por Hectare
MU,4127304,Terra Rica (PR),..,Quilogramas por Hectare,-,Quilogramas por Hectare
MU,4127403,Terra Roxa (PR),..,Quilogramas por Hectare,-,Quilogramas por Hectare
MU,4127502,Tibagi (PR),..,Quilogramas por Hectare,-,Quilogramas por Hectare
MU,4127601,Tijucas do Sul (PR),..,Quilogramas por Hectare,-,Quilogramas por Hectare
MU,4127700,Toledo (PR),..,Quilogramas por Hectare,-,Quilogramas por Hectare
MU,4127809,Tomazina (PR),..,Quilogramas por Hectare,-,Quilogramas por Hectare
MU,4127858,Três Barras do Paraná (PR),..,Quilogramas por Hectare,-,Quilogramas por Hectare
MU,4127882,Tunas do Paraná (PR),..,Quilogramas por Hectare,-,Quilogramas por Hectare
MU,4127908,Tuneiras do Oeste (PR),..,Quilogramas por Hectare,-,Quilogramas por Hectare
MU,4127957,Tupãssi (PR),..,Quilogramas por Hectare,-,Quilogramas por Hectare
MU,4127965,Turvo (PR),..,Quilogramas por Hectare,-,Quilogramas por Hectare
MU,4128005,Ubiratã (PR),..,Quilogramas por Hectare,-,Quilogramas por Hectare
MU,4128104,Umuarama (PR),..,Quilogramas por Hectare,-,Quilogramas por Hectare
MU,4128203,União da Vitória (PR),..,Quilogramas por Hectare,-,Quilogramas por Hectare
MU,4128302,Uniflor (PR),..,Quilogramas por Hectare,-,Quilogramas por Hectare
MU,4128401,Uraí (PR),..,Quilogramas por Hectare,-,Quilogramas por Hectare
MU,4128500,Wenceslau Braz (PR),..,Quilogramas por Hectare,-,Quilogramas por Hectare
MU,4128534,Ventania (PR),..,Quilogramas por Hectare,-,Quilogramas por Hectare
MU,4128559,Vera Cruz do Oeste (PR),..,Quilogramas por Hectare,-,Quilogramas por Hectare
MU,4128609,Verê (PR),..,Quilogramas por Hectare,-,Quilogramas por Hectare
MU,4128625,Alto Paraíso (PR),..,Quilogramas por Hectare,-,Quilogramas por Hectare
MU,4128633,Doutor Ulysses (PR),..,Quilogramas por Hectare,-,Quilogramas por Hectare
MU,4128658,Virmond (PR),..,Quilogramas por Hectare,-,Quilogramas por Hectare
MU,4128708,Vitorino (PR),..,Quilogramas por Hectare,-,Quilogramas por Hectare
MU,4128807,Xambrê (PR),..,Quilogramas por Hectare,-,Quilogramas por Hectare
MU,4200051,Abdon Batista (SC),..,Quilogramas por Hectare,-,Quilogramas por Hectare
MU,4200101,Abelardo Luz (SC),..,Quilogramas por Hectare,-,Quilogramas por Hectare
MU,4200200,Agrolândia (SC),..,Quilogramas por Hectare,-,Quilogramas por Hectare
MU,4200309,Agronômica (SC),..,Quilogramas por Hectare,-,Quilogramas por Hectare
MU,4200408,Água Doce (SC),..,Quilogramas por Hectare,-,Quilogramas por Hectare
MU,4200507,Águas de Chapecó (SC),..,Quilogramas por Hectare,-,Quilogramas por Hectare
MU,4200556,Águas Frias (SC),..,Quilogramas por Hectare,-,Quilogramas por Hectare
MU,4200606,Águas Mornas (SC),..,Quilogramas por Hectare,-,Quilogramas por Hectare
MU,4200705,Alfredo Wagner (SC),..,Quilogramas por Hectare,-,Quilogramas por Hectare
MU,4200754,Alto Bela Vista (SC),..,Quilogramas por Hectare,-,Quilogramas por Hectare
MU,4200804,Anchieta (SC),..,Quilogramas por Hectare,-,Quilogramas por Hectare
MU,4200903,Angelina (SC),..,Quilogramas por Hectare,-,Quilogramas por Hectare
MU,4201000,Anita Garibaldi (SC),..,Quilogramas por Hectare,-,Quilogramas por Hectare
MU,4201109,Anitápolis (SC),..,Quilogramas por Hectare,-,Quilogramas por Hectare
MU,4201208,Antônio Carlos (SC),..,Quilogramas por Hectare,-,Quilogramas por Hectare
MU,4201257,Apiúna (SC),..,Quilogramas por Hectare,-,Quilogramas por Hectare
MU,4201273,Arabutã (SC),..,Quilogramas por Hectare,-,Quilogramas por Hectare
MU,4201307,Araquari (SC),..,Quilogramas por Hectare,-,Quilogramas por Hectare
MU,4201406,Araranguá (SC),..,Quilogramas por Hectare,-,Quilogramas por Hectare
MU,4201505,Armazém (SC),..,Quilogramas por Hectare,-,Quilogramas por Hectare
MU,4201604,Arroio Trinta (SC),..,Quilogramas por Hectare,-,Quilogramas por Hectare
MU,4201653,Arvoredo (SC),..,Quilogramas por Hectare,-,Quilogramas por Hectare
MU,4201703,Ascurra (SC),..,Quilogramas por Hectare,-,Quilogramas por Hectare
MU,4201802,Atalanta (SC),..,Quilogramas por Hectare,-,Quilogramas por Hectare
MU,4201901,Aurora (SC),..,Quilogramas por Hectare,-,Quilogramas por Hectare
MU,4201950,Balneário Arroio do Silva (SC),..,Quilogramas por Hectare,...,Quilogramas por Hectare
MU,4202008,Balneário Camboriú (SC),..,Quilogramas por Hectare,...,Quilogramas por Hectare
MU,4202057,Balneário Barra do Sul (SC),..,Quilogramas por Hectare,...,Quilogramas por Hectare
MU,4202073,Balneário Gaivota (SC),..,Quilogramas por Hectare,-,Quilogramas por Hectare
MU,4202081,Bandeirante (SC),..,Quilogramas por Hectare,-,Quilogramas por Hectare
MU,4202099,Barra Bonita (SC),..,Quilogramas por Hectare,-,Quilogramas por Hectare
MU,4202107,Barra Velha (SC),..,Quilogramas por Hectare,-,Quilogramas por Hectare
MU,4202131,Bela Vista do Toldo (SC),..,Quilogramas por Hectare,-,Quilogramas por Hectare
MU,4202156,Belmonte (SC),..,Quilogramas por Hectare,-,Quilogramas por Hectare
MU,4202206,Benedito Novo (SC),..,Quilogramas por Hectare,-,Quilogramas por Hectare
MU,4202305,Biguaçu (SC),..,Quilogramas por Hectare,-,Quilogramas por Hectare
MU,4202404,Blumenau (SC),..,Quilogramas por Hectare,-,Quilogramas por Hectare
MU,4202438,Bocaina do Sul (SC),..,Quilogramas por Hectare,-,Quilogramas por Hectare
MU,4202453,Bombinhas (SC),..,Quilogramas por Hectare,...,Quilogramas por Hectare
MU,4202503,Bom Jardim da Serra (SC),..,Quilogramas por Hectare,-,Quilogramas por Hectare
MU,4202537,Bom Jesus (SC),..,Quilogramas por Hectare,-,Quilogramas por Hectare
MU,4202578,Bom Jesus do Oeste (SC),..,Quilogramas por Hectare,...,Quilogramas por Hectare
MU,4202602,Bom Retiro (SC),..,Quilogramas por Hectare,-,Quilogramas por Hectare
MU,4202701,Botuverá (SC),..,Quilogramas por Hectare,-,Quilogramas por Hectare
MU,4202800,Braço do Norte (SC),..,Quilogramas por Hectare,-,Quilogramas por Hectare
MU,4202859,Braço do Trombudo (SC),..,Quilogramas por Hectare,-,Quilogramas por Hectare
MU,4202875,Brunópolis (SC),..,Quilogramas por Hectare,-,Quilogramas por Hectare
MU,4202909,Brusque (SC),..,Quilogramas por Hectare,-,Quilogramas por Hectare
MU,4203006,Caçador (SC),..,Quilogramas por Hectare,-,Quilogramas por Hectare
MU,4203105,Caibi (SC),..,Quilogramas por Hectare,-,Quilogramas por Hectare
MU,4203154,Calmon (SC),..,Quilogramas por Hectare,-,Quilogramas por Hectare
MU,4203204,Camboriú (SC),..,Quilogramas por Hectare,-,Quilogramas por Hectare
MU,4203253,Capão Alto (SC),..,Quilogramas por Hectare,-,Quilogramas por Hectare
MU,4203303,Campo Alegre (SC),..,Quilogramas por Hectare,-,Quilogramas por Hectare
MU,4203402,Campo Belo do Sul (SC),..,Quilogramas por Hectare,-,Quilogramas por Hectare
MU,4203501,Campo Erê (SC),..,Quilogramas por Hectare,-,Quilogramas por Hectare
MU,4203600,Campos Novos (SC),..,Quilogramas por Hectare,-,Quilogramas por Hectare
MU,4203709,Canelinha (SC),..,Quilogramas por Hectare,-,Quilogramas por Hectare
MU,4203808,Canoinhas (SC),..,Quilogramas por Hectare,-,Quilogramas por Hectare
MU,4203907,Capinzal (SC),..,Quilogramas por Hectare,-,Quilogramas por Hectare
MU,4203956,Capivari de Baixo (SC),..,Quilogramas por Hectare,...,Quilogramas por Hectare
MU,4204004,Catanduvas (SC),..,Quilogramas por Hectare,-,Quilogramas por Hectare
MU,4204103,Caxambu do Sul (SC),..,Quilogramas por Hectare,-,Quilogramas por Hectare
MU,4204152,Celso Ramos (SC),..,Quilogramas por Hectare,-,Quilogramas por Hectare
MU,4204178,Cerro Negro (SC),..,Quilogramas por Hectare,-,Quilogramas por Hectare
MU,4204194,Chapadão do Lageado (SC),..,Quilogramas por Hectare,-,Quilogramas por Hectare
MU,4204202,Chapecó (SC),..,Quilogramas por Hectare,-,Quilogramas por Hectare
MU,4204251,Cocal do Sul (SC),..,Quilogramas por Hectare,-,Quilogramas por Hectare
MU,4204301,Concórdia (SC),..,Quilogramas por Hectare,-,Quilogramas por Hectare
MU,4204350,Cordilheira Alta (SC),..,Quilogramas por Hectare,-,Quilogramas por Hectare
MU,4204400,Coronel Freitas (SC),..,Quilogramas por Hectare,-,Quilogramas por Hectare
MU,4204459,Coronel Martins (SC),..,Quilogramas por Hectare,-,Quilogramas por Hectare
MU,4204509,Corupá (SC),..,Quilogramas por Hectare,-,Quilogramas por Hectare
MU,4204558,Correia Pinto (SC),..,Quilogramas por Hectare,-,Quilogramas por Hectare
MU,4204608,Criciúma (SC),..,Quilogramas por Hectare,-,Quilogramas por Hectare
MU,4204707,Cunha Porã (SC),..,Quilogramas por Hectare,-,Quilogramas por Hectare
MU,4204756,Cunhataí (SC),..,Quilogramas por Hectare,-,Quilogramas por Hectare
MU,4204806,Curitibanos (SC),..,Quilogramas por Hectare,-,Quilogramas por Hectare
MU,4204905,Descanso (SC),..,Quilogramas por Hectare,-,Quilogramas por Hectare
MU,4205001,Dionísio Cerqueira (SC),..,Quilogramas por Hectare,-,Quilogramas por Hectare
MU,4205100,Dona Emma (SC),..,Quilogramas por Hectare,-,Quilogramas por Hectare
MU,4205159,Doutor Pedrinho (SC),..,Quilogramas por Hectare,-,Quilogramas por Hectare
MU,4205175,Entre Rios (SC),..,Quilogramas por Hectare,-,Quilogramas por Hectare
MU,4205191,Ermo (SC),..,Quilogramas por Hectare,-,Quilogramas por Hectare
MU,4205209,Erval Velho (SC),..,Quilogramas por Hectare,-,Quilogramas por Hectare
MU,4205308,Faxinal dos Guedes (SC),..,Quilogramas por Hectare,-,Quilogramas por Hectare
MU,4205357,Flor do Sertão (SC),..,Quilogramas por Hectare,-,Quilogramas por Hectare
MU,4205407,Florianópolis (SC),..,Quilogramas por Hectare,-,Quilogramas por Hectare
MU,4205431,Formosa do Sul (SC),..,Quilogramas por Hectare,-,Quilogramas por Hectare
MU,4205456,Forquilhinha (SC),..,Quilogramas por Hectare,-,Quilogramas por Hectare
MU,4205506,Fraiburgo (SC),..,Quilogramas por Hectare,-,Quilogramas por Hectare
MU,4205555,Frei Rogério (SC),..,Quilogramas por Hectare,-,Quilogramas por Hectare
MU,4205605,Galvão (SC),..,Quilogramas por Hectare,-,Quilogramas por Hectare
MU,4205704,Garopaba (SC),..,Quilogramas por Hectare,-,Quilogramas por Hectare
MU,4205803,Garuva (SC),..,Quilogramas por Hectare,-,Quilogramas por Hectare
MU,4205902,Gaspar (SC),..,Quilogramas por Hectare,-,Quilogramas por Hectare
MU,4206009,Governador Celso Ramos (SC),..,Quilogramas por Hectare,-,Quilogramas por Hectare
MU,4206108,Grão-Pará (SC),..,Quilogramas por Hectare,-,Quilogramas por Hectare
MU,4206207,Gravatal (SC),..,Quilogramas por Hectare,-,Quilogramas por Hectare
MU,4206306,Guabiruba (SC),..,Quilogramas por Hectare,-,Quilogramas por Hectare
MU,4206405,Guaraciaba (SC),..,Quilogramas por Hectare,-,Quilogramas por Hectare
MU,4206504,Guaramirim (SC),..,Quilogramas por Hectare,-,Quilogramas por Hectare
MU,4206603,Guarujá do Sul (SC),..,Quilogramas por Hectare,-,Quilogramas por Hectare
MU,4206652,Guatambú (SC),..,Quilogramas por Hectare,-,Quilogramas por Hectare
MU,4206702,Herval d'Oeste (SC),..,Quilogramas por Hectare,-,Quilogramas por Hectare
MU,4206751,Ibiam (SC),..,Quilogramas por Hectare,-,Quilogramas por Hectare
MU,4206801,Ibicaré (SC),..,Quilogramas por Hectare,-,Quilogramas por Hectare
MU,4206900,Ibirama (SC),..,Quilogramas por Hectare,-,Quilogramas por Hectare
MU,4207007,Içara (SC),..,Quilogramas por Hectare,-,Quilogramas por Hectare
MU,4207106,Ilhota (SC),..,Quilogramas por Hectare,-,Quilogramas por Hectare
MU,4207205,Imaruí (SC),..,Quilogramas por Hectare,-,Quilogramas por Hectare
MU,4207304,Imbituba (SC),..,Quilogramas por Hectare,-,Quilogramas por Hectare
MU,4207403,Imbuia (SC),..,Quilogramas por Hectare,-,Quilogramas por Hectare
MU,4207502,Indaial (SC),..,Quilogramas por Hectare,-,Quilogramas por Hectare
MU,4207577,Iomerê (SC),..,Quilogramas por Hectare,-,Quilogramas por Hectare
MU,4207601,Ipira (SC),..,Quilogramas por Hectare,-,Quilogramas por Hectare
MU,4207650,Iporã do Oeste (SC),..,Quilogramas por Hectare,-,Quilogramas por Hectare
MU,4207684,Ipuaçu (SC),..,Quilogramas por Hectare,-,Quilogramas por Hectare
MU,4207700,Ipumirim (SC),..,Quilogramas por Hectare,-,Quilogramas por Hectare
MU,4207759,Iraceminha (SC),..,Quilogramas por Hectare,-,Quilogramas por Hectare
MU,4207809,Irani (SC),..,Quilogramas por Hectare,-,Quilogramas por Hectare
MU,4207858,Irati (SC),..,Quilogramas por Hectare,-,Quilogramas por Hectare
MU,4207908,Irineópolis (SC),..,Quilogramas por Hectare,-,Quilogramas por Hectare
MU,4208005,Itá (SC),..,Quilogramas por Hectare,-,Quilogramas por Hectare
MU,4208104,Itaiópolis (SC),..,Quilogramas por Hectare,-,Quilogramas por Hectare
MU,4208203,Itajaí (SC),..,Quilogramas por Hectare,...,Quilogramas por Hectare
MU,4208302,Itapema (SC),..,Quilogramas por Hectare,-,Quilogramas por Hectare
MU,4208401,Itapiranga (SC),..,Quilogramas por Hectare,-,Quilogramas por Hectare
MU,4208450,Itapoá (SC),..,Quilogramas por Hectare,-,Quilogramas por Hectare
MU,4208500,Ituporanga (SC),..,Quilogramas por Hectare,-,Quilogramas por Hectare
MU,4208609,Jaborá (SC),..,Quilogramas por Hectare,-,Quilogramas por Hectare
MU,4208708,Jacinto Machado (SC),..,Quilogramas por Hectare,-,Quilogramas por Hectare
MU,4208807,Jaguaruna (SC),..,Quilogramas por Hectare,-,Quilogramas por Hectare
MU,4208906,Jaraguá do Sul (SC),..,Quilogramas por Hectare,-,Quilogramas por Hectare
MU,4208955,Jardinópolis (SC),..,Quilogramas por Hectare,-,Quilogramas por Hectare
MU,4209003,Joaçaba (SC),..,Quilogramas por Hectare,-,Quilogramas por Hectare
MU,4209102,Joinville (SC),..,Quilogramas por Hectare,-,Quilogramas por Hectare
MU,4209151,José Boiteux (SC),..,Quilogramas por Hectare,-,Quilogramas por Hectare
MU,4209177,Jupiá (SC),..,Quilogramas por Hectare,...,Quilogramas por Hectare
MU,4209201,Lacerdópolis (SC),..,Quilogramas por Hectare,-,Quilogramas por Hectare
MU,4209300,Lages (SC),..,Quilogramas por Hectare,-,Quilogramas por Hectare
MU,4209409,Laguna (SC),..,Quilogramas por Hectare,-,Quilogramas por Hectare
MU,4209458,Lajeado Grande (SC),..,Quilogramas por Hectare,-,Quilogramas por Hectare
MU,4209508,Laurentino (SC),..,Quilogramas por Hectare,-,Quilogramas por Hectare
MU,4209607,Lauro Müller (SC),..,Quilogramas por Hectare,-,Quilogramas por Hectare
MU,4209706,Lebon Régis (SC),..,Quilogramas por Hectare,-,Quilogramas por Hectare
MU,4209805,Leoberto Leal (SC),..,Quilogramas por Hectare,-,Quilogramas por Hectare
MU,4209854,Lindóia do Sul (SC),..,Quilogramas por Hectare,-,Quilogramas por Hectare
MU,4209904,Lontras (SC),..,Quilogramas por Hectare,-,Quilogramas por Hectare
MU,4210001,Luiz Alves (SC),..,Quilogramas por Hectare,-,Quilogramas por Hectare
MU,4210035,Luzerna (SC),..,Quilogramas por Hectare,-,Quilogramas por Hectare
MU,4210050,Macieira (SC),..,Quilogramas por Hectare,-,Quilogramas por Hectare
MU,4210100,Mafra (SC),..,Quilogramas por Hectare,-,Quilogramas por Hectare
MU,4210209,Major Gercino (SC),..,Quilogramas por Hectare,-,Quilogramas por Hectare
MU,4210308,Major Vieira (SC),..,Quilogramas por Hectare,-,Quilogramas por Hectare
MU,4210407,Maracajá (SC),..,Quilogramas por Hectare,-,Quilogramas por Hectare
MU,4210506,Maravilha (SC),..,Quilogramas por Hectare,-,Quilogramas por Hectare
MU,4210555,Marema (SC),..,Quilogramas por Hectare,-,Quilogramas por Hectare
MU,4210605,Massaranduba (SC),..,Quilogramas por Hectare,-,Quilogramas por Hectare
MU,4210704,Matos Costa (SC),..,Quilogramas por Hectare,-,Quilogramas por Hectare
MU,4210803,Meleiro (SC),..,Quilogramas por Hectare,-,Quilogramas por Hectare
MU,4210852,Mirim Doce (SC),..,Quilogramas por Hectare,-,Quilogramas por Hectare
MU,4210902,Modelo (SC),..,Quilogramas por Hectare,-,Quilogramas por Hectare
MU,4211009,Mondaí (SC),..,Quilogramas por Hectare,-,Quilogramas por Hectare
MU,4211058,Monte Carlo (SC),..,Quilogramas por Hectare,-,Quilogramas por Hectare
MU,4211108,Monte Castelo (SC),..,Quilogramas por Hectare,-,Quilogramas por Hectare
MU,4211207,Morro da Fumaça (SC),..,Quilogramas por Hectare,-,Quilogramas por Hectare
MU,4211256,Morro Grande (SC),..,Quilogramas por Hectare,-,Quilogramas por Hectare
MU,4211306,Navegantes (SC),..,Quilogramas por Hectare,-,Quilogramas por Hectare
MU,4211405,Nova Erechim (SC),..,Quilogramas por Hectare,-,Quilogramas por Hectare
MU,4211454,Nova Itaberaba (SC),..,Quilogramas por Hectare,-,Quilogramas por Hectare
MU,4211504,Nova Trento (SC),..,Quilogramas por Hectare,-,Quilogramas por Hectare
MU,4211603,Nova Veneza (SC),..,Quilogramas por Hectare,-,Quilogramas por Hectare
MU,4211652,Novo Horizonte (SC),..,Quilogramas por Hectare,-,Quilogramas por Hectare
MU,4211702,Orleans (SC),..,Quilogramas por Hectare,-,Quilogramas por Hectare
MU,4211751,Otacílio Costa (SC),..,Quilogramas por Hectare,-,Quilogramas por Hectare
MU,4211801,Ouro (SC),..,Quilogramas por Hectare,-,Quilogramas por Hectare
MU,4211850,Ouro Verde (SC),..,Quilogramas por Hectare,...,Quilogramas por Hectare
MU,4211876,Paial (SC),..,Quilogramas por Hectare,-,Quilogramas por Hectare
MU,4211892,Painel (SC),..,Quilogramas por Hectare,-,Quilogramas por Hectare
MU,4211900,Palhoça (SC),..,Quilogramas por Hectare,-,Quilogramas por Hectare
MU,4212007,Palma Sola (SC),..,Quilogramas por Hectare,-,Quilogramas por Hectare
MU,4212056,Palmeira (SC),..,Quilogramas por Hectare,-,Quilogramas por Hectare
MU,4212106,Palmitos (SC),..,Quilogramas por Hectare,-,Quilogramas por Hectare
MU,4212205,Papanduva (SC),..,Quilogramas por Hectare,-,Quilogramas por Hectare
MU,4212239,Paraíso (SC),..,Quilogramas por Hectare,-,Quilogramas por Hectare
MU,4212254,Passo de Torres (SC),..,Quilogramas por Hectare,-,Quilogramas por Hectare
MU,4212270,Passos Maia (SC),..,Quilogramas por Hectare,-,Quilogramas por Hectare
MU,4212304,Paulo Lopes (SC),..,Quilogramas por Hectare,-,Quilogramas por Hectare
MU,4212403,Pedras Grandes (SC),..,Quilogramas por Hectare,-,Quilogramas por Hectare
MU,4212502,Penha (SC),..,Quilogramas por Hectare,-,Quilogramas por Hectare
MU,4212601,Peritiba (SC),..,Quilogramas por Hectare,-,Quilogramas por Hectare
MU,4212650,Pescaria Brava (SC),..,Quilogramas por Hectare,-,Quilogramas por Hectare
MU,4212700,Petrolândia (SC),..,Quilogramas por Hectare,-,Quilogramas por Hectare
MU,4212809,Balneário Piçarras (SC),..,Quilogramas por Hectare,-,Quilogramas por Hectare
MU,4212908,Pinhalzinho (SC),..,Quilogramas por Hectare,-,Quilogramas por Hectare
MU,4213005,Pinheiro Preto (SC),..,Quilogramas por Hectare,-,Quilogramas por Hectare
MU,4213104,Piratuba (SC),..,Quilogramas por Hectare,-,Quilogramas por Hectare
MU,4213153,Planalto Alegre (SC),..,Quilogramas por Hectare,-,Quilogramas por Hectare
MU,4213203,Pomerode (SC),..,Quilogramas por Hectare,-,Quilogramas por Hectare
MU,4213302,Ponte Alta (SC),..,Quilogramas por Hectare,...,Quilogramas por Hectare
MU,4213351,Ponte Alta do Norte (SC),..,Quilogramas por Hectare,...,Quilogramas por Hectare
MU,4213401,Ponte Serrada (SC),..,Quilogramas por Hectare,-,Quilogramas por Hectare
MU,4213500,Porto Belo (SC),..,Quilogramas por Hectare,-,Quilogramas por Hectare
MU,4213609,Porto União (SC),..,Quilogramas por Hectare,-,Quilogramas por Hectare
MU,4213708,Pouso Redondo (SC),..,Quilogramas por Hectare,-,Quilogramas por Hectare
MU,4213807,Praia Grande (SC),..,Quilogramas por Hectare,-,Quilogramas por Hectare
MU,4213906,Presidente Castello Branco (SC),..,Quilogramas por Hectare,-,Quilogramas por Hectare
MU,4214003,Presidente Getúlio (SC),..,Quilogramas por Hectare,-,Quilogramas por Hectare
MU,4214102,Presidente Nereu (SC),..,Quilogramas por Hectare,-,Quilogramas por Hectare
MU,4214151,Princesa (SC),..,Quilogramas por Hectare,...,Quilogramas por Hectare
MU,4214201,Quilombo (SC),..,Quilogramas por Hectare,-,Quilogramas por Hectare
MU,4214300,Rancho Queimado (SC),..,Quilogramas por Hectare,-,Quilogramas por Hectare
MU,4214409,Rio das Antas (SC),..,Quilogramas por Hectare,-,Quilogramas por Hectare
MU,4214508,Rio do Campo (SC),..,Quilogramas por Hectare,-,Quilogramas por Hectare
MU,4214607,Rio do Oeste (SC),..,Quilogramas por Hectare,-,Quilogramas por Hectare
MU,4214706,Rio dos Cedros (SC),..,Quilogramas por Hectare,-,Quilogramas por Hectare
MU,4214805,Rio do Sul (SC),..,Quilogramas por Hectare,-,Quilogramas por Hectare
MU,4214904,Rio Fortuna (SC),..,Quilogramas por Hectare,-,Quilogramas por Hectare
MU,4215000,Rio Negrinho (SC),..,Quilogramas por Hectare,-,Quilogramas por Hectare
MU,4215059,Rio Rufino (SC),..,Quilogramas por Hectare,-,Quilogramas por Hectare
MU,4215075,Riqueza (SC),..,Quilogramas por Hectare,-,Quilogramas por Hectare
MU,4215109,Rodeio (SC),..,Quilogramas por Hectare,-,Quilogramas por Hectare
MU,4215208,Romelândia (SC),..,Quilogramas por Hectare,-,Quilogramas por Hectare
MU,4215307,Salete (SC),..,Quilogramas por Hectare,...,Quilogramas por Hectare
MU,4215356,Saltinho (SC),..,Quilogramas por Hectare,-,Quilogramas por Hectare
MU,4215406,Salto Veloso (SC),..,Quilogramas por Hectare,-,Quilogramas por Hectare
MU,4215455,Sangão (SC),..,Quilogramas por Hectare,-,Quilogramas por Hectare
MU,4215505,Santa Cecília (SC),..,Quilogramas por Hectare,-,Quilogramas por Hectare
MU,4215554,Santa Helena (SC),..,Quilogramas por Hectare,-,Quilogramas por Hectare
MU,4215604,Santa Rosa de Lima (SC),..,Quilogramas por Hectare,-,Quilogramas por Hectare
MU,4215653,Santa Rosa do Sul (SC),..,Quilogramas por Hectare,-,Quilogramas por Hectare
MU,4215679,Santa Terezinha (SC),..,Quilogramas por Hectare,-,Quilogramas por Hectare
MU,4215687,Santa Terezinha do Progresso (SC),..,Quilogramas por Hectare,-,Quilogramas por Hectare
MU,4215695,Santiago do Sul (SC),..,Quilogramas por Hectare,-,Quilogramas por Hectare
MU,4215703,Santo Amaro da Imperatriz (SC),..,Quilogramas por Hectare,-,Quilogramas por Hectare
MU,4215752,São Bernardino (SC),..,Quilogramas por Hectare,-,Quilogramas por Hectare
MU,4215802,São Bento do Sul (SC),..,Quilogramas por Hectare,-,Quilogramas por Hectare
MU,4215901,São Bonifácio (SC),..,Quilogramas por Hectare,-,Quilogramas por Hectare
MU,4216008,São Carlos (SC),..,Quilogramas por Hectare,-,Quilogramas por Hectare
MU,4216107,São Domingos (SC),..,Quilogramas por Hectare,-,Quilogramas por Hectare
MU,4216206,São Francisco do Sul (SC),..,Quilogramas por Hectare,-,Quilogramas por Hectare
MU,4216255,São João do Oeste (SC),..,Quilogramas por Hectare,-,Quilogramas por Hectare
MU,4216305,São João Batista (SC),..,Quilogramas por Hectare,-,Quilogramas por Hectare
MU,4216354,São João do Itaperiú (SC),..,Quilogramas por Hectare,-,Quilogramas por Hectare
MU,4216404,São João do Sul (SC),..,Quilogramas por Hectare,-,Quilogramas por Hectare
MU,4216503,São Joaquim (SC),..,Quilogramas por Hectare,-,Quilogramas por Hectare
MU,4216602,São José (SC),..,Quilogramas por Hectare,-,Quilogramas por Hectare
MU,4216701,São José do Cedro (SC),..,Quilogramas por Hectare,-,Quilogramas por Hectare
MU,4216800,São José do Cerrito (SC),..,Quilogramas por Hectare,-,Quilogramas por Hectare
MU,4216909,São Lourenço do Oeste (SC),..,Quilogramas por Hectare,-,Quilogramas por Hectare
MU,4217006,São Ludgero (SC),..,Quilogramas por Hectare,-,Quilogramas por Hectare
MU,4217105,São Martinho (SC),..,Quilogramas por Hectare,-,Quilogramas por Hectare
MU,4217154,São Miguel da Boa Vista (SC),..,Quilogramas por Hectare,-,Quilogramas por Hectare
MU,4217204,São Miguel do Oeste (SC),..,Quilogramas por Hectare,-,Quilogramas por Hectare
MU,4217253,São Pedro de Alcântara (SC),..,Quilogramas por Hectare,-,Quilogramas por Hectare
MU,4217303,Saudades (SC),..,Quilogramas por Hectare,-,Quilogramas por Hectare
MU,4217402,Schroeder (SC),..,Quilogramas por Hectare,-,Quilogramas por Hectare
MU,4217501,Seara (SC),..,Quilogramas por Hectare,-,Quilogramas por Hectare
MU,4217550,Serra Alta (SC),..,Quilogramas por Hectare,-,Quilogramas por Hectare
MU,4217600,Siderópolis (SC),..,Quilogramas por Hectare,-,Quilogramas por Hectare
MU,4217709,Sombrio (SC),..,Quilogramas por Hectare,-,Quilogramas por Hectare
MU,4217758,Sul Brasil (SC),..,Quilogramas por Hectare,-,Quilogramas por Hectare
MU,4217808,Taió (SC),..,Quilogramas por Hectare,-,Quilogramas por Hectare
MU,4217907,Tangará (SC),..,Quilogramas por Hectare,-,Quilogramas por Hectare
MU,4217956,Tigrinhos (SC),..,Quilogramas por Hectare,-,Quilogramas por Hectare
MU,4218004,Tijucas (SC),..,Quilogramas por Hectare,-,Quilogramas por Hectare
MU,4218103,Timbé do Sul (SC),..,Quilogramas por Hectare,-,Quilogramas por Hectare
MU,4218202,Timbó (SC),..,Quilogramas por Hectare,-,Quilogramas por Hectare
MU,4218251,Timbó Grande (SC),..,Quilogramas por Hectare,-,Quilogramas por Hectare
MU,4218301,Três Barras (SC),..,Quilogramas por Hectare,-,Quilogramas por Hectare
MU,4218350,Treviso (SC),..,Quilogramas por Hectare,-,Quilogramas por Hectare
MU,4218400,Treze de Maio (SC),..,Quilogramas por Hectare,-,Quilogramas por Hectare
MU,4218509,Treze Tílias (SC),..,Quilogramas por Hectare,-,Quilogramas por Hectare
MU,4218608,Trombudo Central (SC),..,Quilogramas por Hectare,-,Quilogramas por Hectare
MU,4218707,Tubarão (SC),..,Quilogramas por Hectare,-,Quilogramas por Hectare
MU,4218756,Tunápolis (SC),..,Quilogramas por Hectare,-,Quilogramas por Hectare
MU,4218806,Turvo (SC),..,Quilogramas por Hectare,-,Quilogramas por Hectare
MU,4218855,União do Oeste (SC),..,Quilogramas por Hectare,-,Quilogramas por Hectare
MU,4218905,Urubici (SC),..,Quilogramas por Hectare,-,Quilogramas por Hectare
MU,4218954,Urupema (SC),..,Quilogramas por Hectare,-,Quilogramas por Hectare
MU,4219002,Urussanga (SC),..,Quilogramas por Hectare,-,Quilogramas por Hectare
MU,4219101,Vargeão (SC),..,Quilogramas por Hectare,-,Quilogramas por Hectare
MU,4219150,Vargem (SC),..,Quilogramas por Hectare,-,Quilogramas por Hectare
MU,4219176,Vargem Bonita (SC),..,Quilogramas por Hectare,-,Quilogramas por Hectare
MU,4219200,Vidal Ramos (SC),..,Quilogramas por Hectare,-,Quilogramas por Hectare
MU,4219309,Videira (SC),..,Quilogramas por Hectare,-,Quilogramas por Hectare
MU,4219358,Vitor Meireles (SC),..,Quilogramas por Hectare,-,Quilogramas por Hectare
MU,4219408,Witmarsum (SC),..,Quilogramas por Hectare,-,Quilogramas por Hectare
MU,4219507,Xanxerê (SC),..,Quilogramas por Hectare,-,Quilogramas por Hectare
MU,4219606,Xavantina (SC),..,Quilogramas por Hectare,-,Quilogramas por Hectare
MU,4219705,Xaxim (SC),..,Quilogramas por Hectare,-,Quilogramas por Hectare
MU,4219853,Zortéa (SC),..,Quilogramas por Hectare,...,Quilogramas por Hectare
MU,4220000,Balneário Rincão (SC),..,Quilogramas por Hectare,-,Quilogramas por Hectare
MU,4300034,Aceguá (RS),..,Quilogramas por Hectare,-,Quilogramas por Hectare
MU,4300059,Água Santa (RS),..,Quilogramas por Hectare,-,Quilogramas por Hectare
MU,4300109,Agudo (RS),..,Quilogramas por Hectare,-,Quilogramas por Hectare
MU,4300208,Ajuricaba (RS),..,Quilogramas por Hectare,-,Quilogramas por Hectare
MU,4300307,Alecrim (RS),..,Quilogramas por Hectare,-,Quilogramas por Hectare
MU,4300406,Alegrete (RS),..,Quilogramas por Hectare,-,Quilogramas por Hectare
MU,4300455,Alegria (RS),..,Quilogramas por Hectare,-,Quilogramas por Hectare
MU,4300471,Almirante Tamandaré do Sul (RS),..,Quilogramas por Hectare,-,Quilogramas por Hectare
MU,4300505,Alpestre (RS),..,Quilogramas por Hectare,-,Quilogramas por Hectare
MU,4300554,Alto Alegre (RS),..,Quilogramas por Hectare,-,Quilogramas por Hectare
MU,4300570,Alto Feliz (RS),..,Quilogramas por Hectare,-,Quilogramas por Hectare
MU,4300604,Alvorada (RS),..,Quilogramas por Hectare,...,Quilogramas por Hectare
MU,4300638,Amaral Ferrador (RS),..,Quilogramas por Hectare,-,Quilogramas por Hectare
MU,4300646,Ametista do Sul (RS),..,Quilogramas por Hectare,-,Quilogramas por Hectare
MU,4300661,André da Rocha (RS),..,Quilogramas por Hectare,-,Quilogramas por Hectare
MU,4300703,Anta Gorda (RS),..,Quilogramas por Hectare,-,Quilogramas por Hectare
MU,4300802,Antônio Prado (RS),..,Quilogramas por Hectare,-,Quilogramas por Hectare
MU,4300851,Arambaré (RS),..,Quilogramas por Hectare,-,Quilogramas por Hectare
MU,4300877,Araricá (RS),..,Quilogramas por Hectare,-,Quilogramas por Hectare
MU,4300901,Aratiba (RS),..,Quilogramas por Hectare,-,Quilogramas por Hectare
MU,4301008,Arroio do Meio (RS),..,Quilogramas por Hectare,-,Quilogramas por Hectare
MU,4301057,Arroio do Sal (RS),..,Quilogramas por Hectare,...,Quilogramas por Hectare
MU,4301073,Arroio do Padre (RS),..,Quilogramas por Hectare,-,Quilogramas por Hectare
MU,4301107,Arroio dos Ratos (RS),..,Quilogramas por Hectare,-,Quilogramas por Hectare
MU,4301206,Arroio do Tigre (RS),..,Quilogramas por Hectare,-,Quilogramas por Hectare
MU,4301305,Arroio Grande (RS),..,Quilogramas por Hectare,-,Quilogramas por Hectare
MU,4301404,Arvorezinha (RS),..,Quilogramas por Hectare,-,Quilogramas por Hectare
MU,4301503,Augusto Pestana (RS),..,Quilogramas por Hectare,-,Quilogramas por Hectare
MU,4301552,Áurea (RS),..,Quilogramas por Hectare,-,Quilogramas por Hectare
MU,4301602,Bagé (RS),..,Quilogramas por Hectare,-,Quilogramas por Hectare
MU,4301636,Balneário Pinhal (RS),..,Quilogramas por Hectare,...,Quilogramas por Hectare
MU,4301651,Barão (RS),..,Quilogramas por Hectare,-,Quilogramas por Hectare
MU,4301701,Barão de Cotegipe (RS),..,Quilogramas por Hectare,-,Quilogramas por Hectare
MU,4301750,Barão do Triunfo (RS),..,Quilogramas por Hectare,-,Quilogramas por Hectare
MU,4301800,Barracão (RS),..,Quilogramas por Hectare,-,Quilogramas por Hectare
MU,4301859,Barra do Guarita (RS),..,Quilogramas por Hectare,-,Quilogramas por Hectare
MU,4301875,Barra do Quaraí (RS),..,Quilogramas por Hectare,...,Quilogramas por Hectare
MU,4301909,Barra do Ribeiro (RS),..,Quilogramas por Hectare,-,Quilogramas por Hectare
MU,4301925,Barra do Rio Azul (RS),..,Quilogramas por Hectare,-,Quilogramas por Hectare
MU,4301958,Barra Funda (RS),..,Quilogramas por Hectare,-,Quilogramas por Hectare
MU,4302006,Barros Cassal (RS),..,Quilogramas por Hectare,-,Quilogramas por Hectare
MU,4302055,Benjamin Constant do Sul (RS),..,Quilogramas por Hectare,-,Quilogramas por Hectare
MU,4302105,Bento Gonçalves (RS),..,Quilogramas por Hectare,-,Quilogramas por Hectare
MU,4302154,Boa Vista das Missões (RS),..,Quilogramas por Hectare,-,Quilogramas por Hectare
MU,4302204,Boa Vista do Buricá (RS),..,Quilogramas por Hectare,-,Quilogramas por Hectare
MU,4302220,Boa Vista do Cadeado (RS),..,Quilogramas por Hectare,-,Quilogramas por Hectare
MU,4302238,Boa Vista do Incra (RS),..,Quilogramas por Hectare,-,Quilogramas por Hectare
MU,4302253,Boa Vista do Sul (RS),..,Quilogramas por Hectare,-,Quilogramas por Hectare
MU,4302303,Bom Jesus (RS),..,Quilogramas por Hectare,-,Quilogramas por Hectare
MU,4302352,Bom Princípio (RS),..,Quilogramas por Hectare,-,Quilogramas por Hectare
MU,4302378,Bom Progresso (RS),..,Quilogramas por Hectare,-,Quilogramas por Hectare
MU,4302402,Bom Retiro do Sul (RS),..,Quilogramas por Hectare,-,Quilogramas por Hectare
MU,4302451,Boqueirão do Leão (RS),..,Quilogramas por Hectare,-,Quilogramas por Hectare
MU,4302501,Bossoroca (RS),..,Quilogramas por Hectare,-,Quilogramas por Hectare
MU,4302584,Bozano (RS),..,Quilogramas por Hectare,-,Quilogramas por Hectare
MU,4302600,Braga (RS),..,Quilogramas por Hectare,-,Quilogramas por Hectare
MU,4302659,Brochier (RS),..,Quilogramas por Hectare,-,Quilogramas por Hectare
MU,4302709,Butiá (RS),..,Quilogramas por Hectare,-,Quilogramas por Hectare
MU,4302808,Caçapava do Sul (RS),..,Quilogramas por Hectare,-,Quilogramas por Hectare
MU,4302907,Cacequi (RS),..,Quilogramas por Hectare,-,Quilogramas por Hectare
MU,4303004,Cachoeira do Sul (RS),..,Quilogramas por Hectare,-,Quilogramas por Hectare
MU,4303103,Cachoeirinha (RS),..,Quilogramas por Hectare,...,Quilogramas por Hectare
MU,4303202,Cacique Doble (RS),..,Quilogramas por Hectare,-,Quilogramas por Hectare
MU,4303301,Caibaté (RS),..,Quilogramas por Hectare,-,Quilogramas por Hectare
MU,4303400,Caiçara (RS),..,Quilogramas por Hectare,-,Quilogramas por Hectare
MU,4303509,Camaquã (RS),..,Quilogramas por Hectare,-,Quilogramas por Hectare
MU,4303558,Camargo (RS),..,Quilogramas por Hectare,-,Quilogramas por Hectare
MU,4303608,Cambará do Sul (RS),..,Quilogramas por Hectare,-,Quilogramas por Hectare
MU,4303673,Campestre da Serra (RS),..,Quilogramas por Hectare,-,Quilogramas por Hectare
MU,4303707,Campina das Missões (RS),..,Quilogramas por Hectare,-,Quilogramas por Hectare
MU,4303806,Campinas do Sul (RS),..,Quilogramas por Hectare,-,Quilogramas por Hectare
MU,4303905,Campo Bom (RS),..,Quilogramas por Hectare,-,Quilogramas por Hectare
MU,4304002,Campo Novo (RS),..,Quilogramas por Hectare,-,Quilogramas por Hectare
MU,4304101,Campos Borges (RS),..,Quilogramas por Hectare,-,Quilogramas por Hectare
MU,4304200,Candelária (RS),..,Quilogramas por Hectare,-,Quilogramas por Hectare
MU,4304309,Cândido Godói (RS),..,Quilogramas por Hectare,-,Quilogramas por Hectare
MU,4304358,Candiota (RS),..,Quilogramas por Hectare,-,Quilogramas por Hectare
MU,4304408,Canela (RS),..,Quilogramas por Hectare,-,Quilogramas por Hectare
MU,4304507,Canguçu (RS),..,Quilogramas por Hectare,-,Quilogramas por Hectare
MU,4304606,Canoas (RS),..,Quilogramas por Hectare,...,Quilogramas por Hectare
MU,4304614,Canudos do Vale (RS),..,Quilogramas por Hectare,-,Quilogramas por Hectare
MU,4304622,Capão Bonito do Sul (RS),..,Quilogramas por Hectare,-,Quilogramas por Hectare
MU,4304630,Capão da Canoa (RS),..,Quilogramas por Hectare,...,Quilogramas por Hectare
MU,4304655,Capão do Cipó (RS),..,Quilogramas por Hectare,-,Quilogramas por Hectare
MU,4304663,Capão do Leão (RS),..,Quilogramas por Hectare,-,Quilogramas por Hectare
MU,4304671,Capivari do Sul (RS),..,Quilogramas por Hectare,...,Quilogramas por Hectare
MU,4304689,Capela de Santana (RS),..,Quilogramas por Hectare,-,Quilogramas por Hectare
MU,4304697,Capitão (RS),..,Quilogramas por Hectare,-,Quilogramas por Hectare
MU,4304705,Carazinho (RS),..,Quilogramas por Hectare,-,Quilogramas por Hectare
MU,4304713,Caraá (RS),..,Quilogramas por Hectare,-,Quilogramas por Hectare
MU,4304804,Carlos Barbosa (RS),..,Quilogramas por Hectare,-,Quilogramas por Hectare
MU,4304853,Carlos Gomes (RS),..,Quilogramas por Hectare,-,Quilogramas por Hectare
MU,4304903,Casca (RS),..,Quilogramas por Hectare,-,Quilogramas por Hectare
MU,4304952,Caseiros (RS),..,Quilogramas por Hectare,-,Quilogramas por Hectare
MU,4305009,Catuípe (RS),..,Quilogramas por Hectare,-,Quilogramas por Hectare
MU,4305108,Caxias do Sul (RS),..,Quilogramas por Hectare,-,Quilogramas por Hectare
MU,4305116,Centenário (RS),..,Quilogramas por Hectare,-,Quilogramas por Hectare
MU,4305124,Cerrito (RS),..,Quilogramas por Hectare,-,Quilogramas por Hectare
MU,4305132,Cerro Branco (RS),..,Quilogramas por Hectare,-,Quilogramas por Hectare
MU,4305157,Cerro Grande (RS),..,Quilogramas por Hectare,-,Quilogramas por Hectare
MU,4305173,Cerro Grande do Sul (RS),..,Quilogramas por Hectare,-,Quilogramas por Hectare
MU,4305207,Cerro Largo (RS),..,Quilogramas por Hectare,-,Quilogramas por Hectare
MU,4305306,Chapada (RS),..,Quilogramas por Hectare,-,Quilogramas por Hectare
MU,4305355,Charqueadas (RS),..,Quilogramas por Hectare,-,Quilogramas por Hectare
MU,4305371,Charrua (RS),..,Quilogramas por Hectare,-,Quilogramas por Hectare
MU,4305405,Chiapetta (RS),..,Quilogramas por Hectare,-,Quilogramas por Hectare
MU,4305447,Chuvisca (RS),..,Quilogramas por Hectare,-,Quilogramas por Hectare
MU,4305454,Cidreira (RS),..,Quilogramas por Hectare,...,Quilogramas por Hectare
MU,4305504,Ciríaco (RS),..,Quilogramas por Hectare,-,Quilogramas por Hectare
MU,4305587,Colinas (RS),..,Quilogramas por Hectare,-,Quilogramas por Hectare
MU,4305603,Colorado (RS),..,Quilogramas por Hectare,-,Quilogramas por Hectare
MU,4305702,Condor (RS),..,Quilogramas por Hectare,-,Quilogramas por Hectare
MU,4305801,Constantina (RS),..,Quilogramas por Hectare,-,Quilogramas por Hectare
MU,4305835,Coqueiro Baixo (RS),..,Quilogramas por Hectare,-,Quilogramas por Hectare
MU,4305850,Coqueiros do Sul (RS),..,Quilogramas por Hectare,-,Quilogramas por Hectare
MU,4305871,Coronel Barros (RS),..,Quilogramas por Hectare,-,Quilogramas por Hectare
MU,4305900,Coronel Bicaco (RS),..,Quilogramas por Hectare,-,Quilogramas por Hectare
MU,4305934,Coronel Pilar (RS),..,Quilogramas por Hectare,-,Quilogramas por Hectare
MU,4305959,Cotiporã (RS),..,Quilogramas por Hectare,-,Quilogramas por Hectare
MU,4305975,Coxilha (RS),..,Quilogramas por Hectare,-,Quilogramas por Hectare
MU,4306007,Crissiumal (RS),..,Quilogramas por Hectare,-,Quilogramas por Hectare
MU,4306056,Cristal (RS),..,Quilogramas por Hectare,-,Quilogramas por Hectare
MU,4306072,Cristal do Sul (RS),..,Quilogramas por Hectare,-,Quilogramas por Hectare
MU,4306106,Cruz Alta (RS),..,Quilogramas por Hectare,-,Quilogramas por Hectare
MU,4306130,Cruzaltense (RS),..,Quilogramas por Hectare,-,Quilogramas por Hectare
MU,4306205,Cruzeiro do Sul (RS),..,Quilogramas por Hectare,-,Quilogramas por Hectare
MU,4306304,David Canabarro (RS),..,Quilogramas por Hectare,-,Quilogramas por Hectare
MU,4306320,Derrubadas (RS),..,Quilogramas por Hectare,-,Quilogramas por Hectare
MU,4306353,Dezesseis de Novembro (RS),..,Quilogramas por Hectare,-,Quilogramas por Hectare
MU,4306379,Dilermando de Aguiar (RS),..,Quilogramas por Hectare,-,Quilogramas por Hectare
MU,4306403,Dois Irmãos (RS),..,Quilogramas por Hectare,-,Quilogramas por Hectare
MU,4306429,Dois Irmãos das Missões (RS),..,Quilogramas por Hectare,-,Quilogramas por Hectare
MU,4306452,Dois Lajeados (RS),..,Quilogramas por Hectare,-,Quilogramas por Hectare
MU,4306502,Dom Feliciano (RS),..,Quilogramas por Hectare,-,Quilogramas por Hectare
MU,4306551,Dom Pedro de Alcântara (RS),..,Quilogramas por Hectare,-,Quilogramas por Hectare
MU,4306601,Dom Pedrito (RS),..,Quilogramas por Hectare,-,Quilogramas por Hectare
MU,4306700,Dona Francisca (RS),..,Quilogramas por Hectare,-,Quilogramas por Hectare
MU,4306734,Doutor Maurício Cardoso (RS),..,Quilogramas por Hectare,-,Quilogramas por Hectare
MU,4306759,Doutor Ricardo (RS),..,Quilogramas por Hectare,-,Quilogramas por Hectare
MU,4306767,Eldorado do Sul (RS),..,Quilogramas por Hectare,-,Quilogramas por Hectare
MU,4306809,Encantado (RS),..,Quilogramas por Hectare,-,Quilogramas por Hectare
MU,4306908,Encruzilhada do Sul (RS),..,Quilogramas por Hectare,-,Quilogramas por Hectare
MU,4306924,Engenho Velho (RS),..,Quilogramas por Hectare,-,Quilogramas por Hectare
MU,4306932,Entre-Ijuís (RS),..,Quilogramas por Hectare,-,Quilogramas por Hectare
MU,4306957,Entre Rios do Sul (RS),..,Quilogramas por Hectare,-,Quilogramas por Hectare
MU,4306973,Erebango (RS),..,Quilogramas por Hectare,-,Quilogramas por Hectare
MU,4307005,Erechim (RS),..,Quilogramas por Hectare,-,Quilogramas por Hectare
MU,4307054,Ernestina (RS),..,Quilogramas por Hectare,...,Quilogramas por Hectare
MU,4307104,Herval (RS),..,Quilogramas por Hectare,-,Quilogramas por Hectare
MU,4307203,Erval Grande (RS),..,Quilogramas por Hectare,-,Quilogramas por Hectare
MU,4307302,Erval Seco (RS),..,Quilogramas por Hectare,-,Quilogramas por Hectare
MU,4307401,Esmeralda (RS),..,Quilogramas por Hectare,-,Quilogramas por Hectare
MU,4307450,Esperança do Sul (RS),..,Quilogramas por Hectare,-,Quilogramas por Hectare
MU,4307500,Espumoso (RS),..,Quilogramas por Hectare,-,Quilogramas por Hectare
MU,4307559,Estação (RS),..,Quilogramas por Hectare,-,Quilogramas por Hectare
MU,4307609,Estância Velha (RS),..,Quilogramas por Hectare,-,Quilogramas por Hectare
MU,4307708,Esteio (RS),..,Quilogramas por Hectare,...,Quilogramas por Hectare
MU,4307807,Estrela (RS),..,Quilogramas por Hectare,-,Quilogramas por Hectare
MU,4307815,Estrela Velha (RS),..,Quilogramas por Hectare,-,Quilogramas por Hectare
MU,4307831,Eugênio de Castro (RS),..,Quilogramas por Hectare,-,Quilogramas por Hectare
MU,4307864,Fagundes Varela (RS),..,Quilogramas por Hectare,-,Quilogramas por Hectare
MU,4307906,Farroupilha (RS),..,Quilogramas por Hectare,-,Quilogramas por Hectare
MU,4308003,Faxinal do Soturno (RS),..,Quilogramas por Hectare,-,Quilogramas por Hectare
MU,4308052,Faxinalzinho (RS),..,Quilogramas por Hectare,-,Quilogramas por Hectare
MU,4308078,Fazenda Vilanova (RS),..,Quilogramas por Hectare,-,Quilogramas por Hectare
MU,4308102,Feliz (RS),..,Quilogramas por Hectare,-,Quilogramas por Hectare
MU,4308201,Flores da Cunha (RS),..,Quilogramas por Hectare,-,Quilogramas por Hectare
MU,4308250,Floriano Peixoto (RS),..,Quilogramas por Hectare,-,Quilogramas por Hectare
MU,4308300,Fontoura Xavier (RS),..,Quilogramas por Hectare,-,Quilogramas por Hectare
MU,4308409,Formigueiro (RS),..,Quilogramas por Hectare,-,Quilogramas por Hectare
MU,4308433,Forquetinha (RS),..,Quilogramas por Hectare,-,Quilogramas por Hectare
MU,4308458,Fortaleza dos Valos (RS),..,Quilogramas por Hectare,-,Quilogramas por Hectare
MU,4308508,Frederico Westphalen (RS),..,Quilogramas por Hectare,-,Quilogramas por Hectare
MU,4308607,Garibaldi (RS),..,Quilogramas por Hectare,-,Quilogramas por Hectare
MU,4308656,Garruchos (RS),..,Quilogramas por Hectare,-,Quilogramas por Hectare
MU,4308706,Gaurama (RS),..,Quilogramas por Hectare,-,Quilogramas por Hectare
MU,4308805,General Câmara (RS),..,Quilogramas por Hectare,-,Quilogramas por Hectare
MU,4308854,Gentil (RS),..,Quilogramas por Hectare,-,Quilogramas por Hectare
MU,4308904,Getúlio Vargas (RS),..,Quilogramas por Hectare,-,Quilogramas por Hectare
MU,4309001,Giruá (RS),..,Quilogramas por Hectare,-,Quilogramas por Hectare
MU,4309050,Glorinha (RS),..,Quilogramas por Hectare,-,Quilogramas por Hectare
MU,4309100,Gramado (RS),..,Quilogramas por Hectare,-,Quilogramas por Hectare
MU,4309126,Gramado dos Loureiros (RS),..,Quilogramas por Hectare,-,Quilogramas por Hectare
MU,4309159,Gramado Xavier (RS),..,Quilogramas por Hectare,-,Quilogramas por Hectare
MU,4309209,Gravataí (RS),..,Quilogramas por Hectare,-,Quilogramas por Hectare
MU,4309258,Guabiju (RS),..,Quilogramas por Hectare,-,Quilogramas por Hectare
MU,4309308,Guaíba (RS),..,Quilogramas por Hectare,-,Quilogramas por Hectare
MU,4309407,Guaporé (RS),..,Quilogramas por Hectare,-,Quilogramas por Hectare
MU,4309506,Guarani das Missões (RS),..,Quilogramas por Hectare,-,Quilogramas por Hectare
MU,4309555,Harmonia (RS),..,Quilogramas por Hectare,-,Quilogramas por Hectare
MU,4309571,Herveiras (RS),..,Quilogramas por Hectare,-,Quilogramas por Hectare
MU,4309605,Horizontina (RS),..,Quilogramas por Hectare,-,Quilogramas por Hectare
MU,4309654,Hulha Negra (RS),..,Quilogramas por Hectare,-,Quilogramas por Hectare
MU,4309704,Humaitá (RS),..,Quilogramas por Hectare,-,Quilogramas por Hectare
MU,4309753,Ibarama (RS),..,Quilogramas por Hectare,-,Quilogramas por Hectare
MU,4309803,Ibiaçá (RS),..,Quilogramas por Hectare,-,Quilogramas por Hectare
MU,4309902,Ibiraiaras (RS),..,Quilogramas por Hectare,-,Quilogramas por Hectare
MU,4309951,Ibirapuitã (RS),..,Quilogramas por Hectare,-,Quilogramas por Hectare
MU,4310009,Ibirubá (RS),..,Quilogramas por Hectare,-,Quilogramas por Hectare
MU,4310108,Igrejinha (RS),..,Quilogramas por Hectare,-,Quilogramas por Hectare
MU,4310207,Ijuí (RS),..,Quilogramas por Hectare,-,Quilogramas por Hectare
MU,4310306,Ilópolis (RS),..,Quilogramas por Hectare,-,Quilogramas por Hectare
MU,4310363,Imigrante (RS),..,Quilogramas por Hectare,-,Quilogramas por Hectare
MU,4310405,Independência (RS),..,Quilogramas por Hectare,-,Quilogramas por Hectare
MU,4310413,Inhacorá (RS),..,Quilogramas por Hectare,-,Quilogramas por Hectare
MU,4310439,Ipê (RS),..,Quilogramas por Hectare,-,Quilogramas por Hectare
MU,4310462,Ipiranga do Sul (RS),..,Quilogramas por Hectare,-,Quilogramas por Hectare
MU,4310504,Iraí (RS),..,Quilogramas por Hectare,-,Quilogramas por Hectare
MU,4310538,Itaara (RS),..,Quilogramas por Hectare,-,Quilogramas por Hectare
MU,4310553,Itacurubi (RS),..,Quilogramas por Hectare,-,Quilogramas por Hectare
MU,4310579,Itapuca (RS),..,Quilogramas por Hectare,-,Quilogramas por Hectare
MU,4310603,Itaqui (RS),..,Quilogramas por Hectare,-,Quilogramas por Hectare
MU,4310652,Itati (RS),..,Quilogramas por Hectare,-,Quilogramas por Hectare
MU,4310702,Itatiba do Sul (RS),..,Quilogramas por Hectare,-,Quilogramas por Hectare
MU,4310751,Ivorá (RS),..,Quilogramas por Hectare,-,Quilogramas por Hectare
MU,4310801,Ivoti (RS),..,Quilogramas por Hectare,-,Quilogramas por Hectare
MU,4310850,Jaboticaba (RS),..,Quilogramas por Hectare,-,Quilogramas por Hectare
MU,4310876,Jacuizinho (RS),..,Quilogramas por Hectare,-,Quilogramas por Hectare
MU,4310900,Jacutinga (RS),..,Quilogramas por Hectare,-,Quilogramas por Hectare
MU,4311007,Jaguarão (RS),..,Quilogramas por Hectare,-,Quilogramas por Hectare
MU,4311106,Jaguari (RS),..,Quilogramas por Hectare,-,Quilogramas por Hectare
MU,4311122,Jaquirana (RS),..,Quilogramas por Hectare,-,Quilogramas por Hectare
MU,4311130,Jari (RS),..,Quilogramas por Hectare,-,Quilogramas por Hectare
MU,4311155,Jóia (RS),..,Quilogramas por Hectare,-,Quilogramas por Hectare
MU,4311205,Júlio de Castilhos (RS),..,Quilogramas por Hectare,-,Quilogramas por Hectare
MU,4311239,Lagoa Bonita do Sul (RS),..,Quilogramas por Hectare,-,Quilogramas por Hectare
MU,4311254,Lagoão (RS),..,Quilogramas por Hectare,-,Quilogramas por Hectare
MU,4311270,Lagoa dos Três Cantos (RS),..,Quilogramas por Hectare,-,Quilogramas por Hectare
MU,4311304,Lagoa Vermelha (RS),..,Quilogramas por Hectare,-,Quilogramas por Hectare
MU,4311403,Lajeado (RS),..,Quilogramas por Hectare,-,Quilogramas por Hectare
MU,4311429,Lajeado do Bugre (RS),..,Quilogramas por Hectare,-,Quilogramas por Hectare
MU,4311502,Lavras do Sul (RS),..,Quilogramas por Hectare,-,Quilogramas por Hectare
MU,4311601,Liberato Salzano (RS),..,Quilogramas por Hectare,-,Quilogramas por Hectare
MU,4311627,Lindolfo Collor (RS),..,Quilogramas por Hectare,-,Quilogramas por Hectare
MU,4311643,Linha Nova (RS),..,Quilogramas por Hectare,-,Quilogramas por Hectare
MU,4311700,Machadinho (RS),..,Quilogramas por Hectare,-,Quilogramas por Hectare
MU,4311718,Maçambará (RS),..,Quilogramas por Hectare,-,Quilogramas por Hectare
MU,4311734,Mampituba (RS),..,Quilogramas por Hectare,-,Quilogramas por Hectare
MU,4311759,Manoel Viana (RS),..,Quilogramas por Hectare,-,Quilogramas por Hectare
MU,4311775,Maquiné (RS),..,Quilogramas por Hectare,-,Quilogramas por Hectare
MU,4311791,Maratá (RS),..,Quilogramas por Hectare,-,Quilogramas por Hectare
MU,4311809,Marau (RS),..,Quilogramas por Hectare,-,Quilogramas por Hectare
MU,4311908,Marcelino Ramos (RS),..,Quilogramas por Hectare,-,Quilogramas por Hectare
MU,4311981,Mariana Pimentel (RS),..,Quilogramas por Hectare,-,Quilogramas por Hectare
MU,4312005,Mariano Moro (RS),..,Quilogramas por Hectare,-,Quilogramas por Hectare
MU,4312054,Marques de Souza (RS),..,Quilogramas por Hectare,-,Quilogramas por Hectare
MU,4312104,Mata (RS),..,Quilogramas por Hectare,-,Quilogramas por Hectare
MU,4312138,Mato Castelhano (RS),..,Quilogramas por Hectare,-,Quilogramas por Hectare
MU,4312153,Mato Leitão (RS),..,Quilogramas por Hectare,-,Quilogramas por Hectare
MU,4312179,Mato Queimado (RS),..,Quilogramas por Hectare,-,Quilogramas por Hectare
MU,4312203,Maximiliano de Almeida (RS),..,Quilogramas por Hectare,-,Quilogramas por Hectare
MU,4312252,Minas do Leão (RS),..,Quilogramas por Hectare,-,Quilogramas por Hectare
MU,4312302,Miraguaí (RS),..,Quilogramas por Hectare,-,Quilogramas por Hectare
MU,4312351,Montauri (RS),..,Quilogramas por Hectare,-,Quilogramas por Hectare
MU,4312377,Monte Alegre dos Campos (RS),..,Quilogramas por Hectare,-,Quilogramas por Hectare
MU,4312385,Monte Belo do Sul (RS),..,Quilogramas por Hectare,-,Quilogramas por Hectare
MU,4312401,Montenegro (RS),..,Quilogramas por Hectare,-,Quilogramas por Hectare
MU,4312427,Mormaço (RS),..,Quilogramas por Hectare,-,Quilogramas por Hectare
MU,4312443,Morrinhos do Sul (RS),..,Quilogramas por Hectare,-,Quilogramas por Hectare
MU,4312450,Morro Redondo (RS),..,Quilogramas por Hectare,-,Quilogramas por Hectare
MU,4312476,Morro Reuter (RS),..,Quilogramas por Hectare,-,Quilogramas por Hectare
MU,4312500,Mostardas (RS),..,Quilogramas por Hectare,...,Quilogramas por Hectare
MU,4312609,Muçum (RS),..,Quilogramas por Hectare,-,Quilogramas por Hectare
MU,4312617,Muitos Capões (RS),..,Quilogramas por Hectare,-,Quilogramas por Hectare
MU,4312625,Muliterno (RS),..,Quilogramas por Hectare,-,Quilogramas por Hectare
MU,4312658,Não-Me-Toque (RS),..,Quilogramas por Hectare,-,Quilogramas por Hectare
MU,4312674,Nicolau Vergueiro (RS),..,Quilogramas por Hectare,-,Quilogramas por Hectare
MU,4312708,Nonoai (RS),..,Quilogramas por Hectare,-,Quilogramas por Hectare
MU,4312757,Nova Alvorada (RS),..,Quilogramas por Hectare,-,Quilogramas por Hectare
MU,4312807,Nova Araçá (RS),..,Quilogramas por Hectare,-,Quilogramas por Hectare
MU,4312906,Nova Bassano (RS),..,Quilogramas por Hectare,-,Quilogramas por Hectare
MU,4312955,Nova Boa Vista (RS),..,Quilogramas por Hectare,-,Quilogramas por Hectare
MU,4313003,Nova Bréscia (RS),..,Quilogramas por Hectare,-,Quilogramas por Hectare
MU,4313011,Nova Candelária (RS),..,Quilogramas por Hectare,-,Quilogramas por Hectare
MU,4313037,Nova Esperança do Sul (RS),..,Quilogramas por Hectare,-,Quilogramas por Hectare
MU,4313060,Nova Hartz (RS),..,Quilogramas por Hectare,-,Quilogramas por Hectare
MU,4313086,Nova Pádua (RS),..,Quilogramas por Hectare,-,Quilogramas por Hectare
MU,4313102,Nova Palma (RS),..,Quilogramas por Hectare,-,Quilogramas por Hectare
MU,4313201,Nova Petrópolis (RS),..,Quilogramas por Hectare,-,Quilogramas por Hectare
MU,4313300,Nova Prata (RS),..,Quilogramas por Hectare,-,Quilogramas por Hectare
MU,4313334,Nova Ramada (RS),..,Quilogramas por Hectare,-,Quilogramas por Hectare
MU,4313359,Nova Roma do Sul (RS),..,Quilogramas por Hectare,-,Quilogramas por Hectare
MU,4313375,Nova Santa Rita (RS),..,Quilogramas por Hectare,-,Quilogramas por Hectare
MU,4313391,Novo Cabrais (RS),..,Quilogramas por Hectare,-,Quilogramas por Hectare
MU,4313409,Novo Hamburgo (RS),..,Quilogramas por Hectare,-,Quilogramas por Hectare
MU,4313425,Novo Machado (RS),..,Quilogramas por Hectare,-,Quilogramas por Hectare
MU,4313441,Novo Tiradentes (RS),..,Quilogramas por Hectare,-,Quilogramas por Hectare
MU,4313466,Novo Xingu (RS),..,Quilogramas por Hectare,-,Quilogramas por Hectare
MU,4313490,Novo Barreiro (RS),..,Quilogramas por Hectare,-,Quilogramas por Hectare
MU,4313508,Osório (RS),..,Quilogramas por Hectare,-,Quilogramas por Hectare
MU,4313607,Paim Filho (RS),..,Quilogramas por Hectare,-,Quilogramas por Hectare
MU,4313656,Palmares do Sul (RS),..,Quilogramas por Hectare,...,Quilogramas por Hectare
MU,4313706,Palmeira das Missões (RS),..,Quilogramas por Hectare,-,Quilogramas por Hectare
MU,4313805,Palmitinho (RS),..,Quilogramas por Hectare,-,Quilogramas por Hectare
MU,4313904,Panambi (RS),..,Quilogramas por Hectare,-,Quilogramas por Hectare
MU,4313953,Pantano Grande (RS),..,Quilogramas por Hectare,-,Quilogramas por Hectare
MU,4314001,Paraí (RS),..,Quilogramas por Hectare,-,Quilogramas por Hectare
MU,4314027,Paraíso do Sul (RS),..,Quilogramas por Hectare,-,Quilogramas por Hectare
MU,4314035,Pareci Novo (RS),..,Quilogramas por Hectare,-,Quilogramas por Hectare
MU,4314050,Parobé (RS),..,Quilogramas por Hectare,-,Quilogramas por Hectare
MU,4314068,Passa Sete (RS),..,Quilogramas por Hectare,-,Quilogramas por Hectare
MU,4314076,Passo do Sobrado (RS),..,Quilogramas por Hectare,-,Quilogramas por Hectare
MU,4314100,Passo Fundo (RS),..,Quilogramas por Hectare,-,Quilogramas por Hectare
MU,4314134,Paulo Bento (RS),..,Quilogramas por Hectare,-,Quilogramas por Hectare
MU,4314159,Paverama (RS),..,Quilogramas por Hectare,-,Quilogramas por Hectare
MU,4314175,Pedras Altas (RS),..,Quilogramas por Hectare,-,Quilogramas por Hectare
MU,4314209,Pedro Osório (RS),..,Quilogramas por Hectare,...,Quilogramas por Hectare
MU,4314308,Pejuçara (RS),..,Quilogramas por Hectare,-,Quilogramas por Hectare
MU,4314407,Pelotas (RS),..,Quilogramas por Hectare,-,Quilogramas por Hectare
MU,4314423,Picada Café (RS),..,Quilogramas por Hectare,-,Quilogramas por Hectare
MU,4314456,Pinhal (RS),..,Quilogramas por Hectare,-,Quilogramas por Hectare
MU,4314464,Pinhal da Serra (RS),..,Quilogramas por Hectare,-,Quilogramas por Hectare
MU,4314472,Pinhal Grande (RS),..,Quilogramas por Hectare,-,Quilogramas por Hectare
MU,4314498,Pinheirinho do Vale (RS),..,Quilogramas por Hectare,-,Quilogramas por Hectare
MU,4314506,Pinheiro Machado (RS),..,Quilogramas por Hectare,-,Quilogramas por Hectare
MU,4314548,Pinto Bandeira (RS),..,Quilogramas por Hectare,-,Quilogramas por Hectare
MU,4314555,Pirapó (RS),..,Quilogramas por Hectare,-,Quilogramas por Hectare
MU,4314605,Piratini (RS),..,Quilogramas por Hectare,-,Quilogramas por Hectare
MU,4314704,Planalto (RS),..,Quilogramas por Hectare,-,Quilogramas por Hectare
MU,4314753,Poço das Antas (RS),..,Quilogramas por Hectare,-,Quilogramas por Hectare
MU,4314779,Pontão (RS),..,Quilogramas por Hectare,-,Quilogramas por Hectare
MU,4314787,Ponte Preta (RS),..,Quilogramas por Hectare,-,Quilogramas por Hectare
MU,4314803,Portão (RS),..,Quilogramas por Hectare,-,Quilogramas por Hectare
MU,4314902,Porto Alegre (RS),..,Quilogramas por Hectare,-,Quilogramas por Hectare
MU,4315008,Porto Lucena (RS),..,Quilogramas por Hectare,-,Quilogramas por Hectare
MU,4315057,Porto Mauá (RS),..,Quilogramas por Hectare,-,Quilogramas por Hectare
MU,4315073,Porto Vera Cruz (RS),..,Quilogramas por Hectare,-,Quilogramas por Hectare
MU,4315107,Porto Xavier (RS),..,Quilogramas por Hectare,-,Quilogramas por Hectare
MU,4315131,Pouso Novo (RS),..,Quilogramas por Hectare,-,Quilogramas por Hectare
MU,4315149,Presidente Lucena (RS),..,Quilogramas por Hectare,-,Quilogramas por Hectare
MU,4315156,Progresso (RS),..,Quilogramas por Hectare,-,Quilogramas por Hectare
MU,4315172,Protásio Alves (RS),..,Quilogramas por Hectare,-,Quilogramas por Hectare
MU,4315206,Putinga (RS),..,Quilogramas por Hectare,-,Quilogramas por Hectare
MU,4315305,Quaraí (RS),..,Quilogramas por Hectare,-,Quilogramas por Hectare
MU,4315313,Quatro Irmãos (RS),..,Quilogramas por Hectare,-,Quilogramas por Hectare
MU,4315321,Quevedos (RS),..,Quilogramas por Hectare,-,Quilogramas por Hectare
MU,4315354,Quinze de Novembro (RS),..,Quilogramas por Hectare,-,Quilogramas por Hectare
MU,4315404,Redentora (RS),..,Quilogramas por Hectare,-,Quilogramas por Hectare
MU,4315453,Relvado (RS),..,Quilogramas por Hectare,-,Quilogramas por Hectare
MU,4315503,Restinga Sêca (RS),..,Quilogramas por Hectare,-,Quilogramas por Hectare
MU,4315552,Rio dos Índios (RS),..,Quilogramas por Hectare,-,Quilogramas por Hectare
MU,4315602,Rio Grande (RS),..,Quilogramas por Hectare,-,Quilogramas por Hectare
MU,4315701,Rio Pardo (RS),..,Quilogramas por Hectare,-,Quilogramas por Hectare
MU,4315750,Riozinho (RS),..,Quilogramas por Hectare,-,Quilogramas por Hectare
MU,4315800,Roca Sales (RS),..,Quilogramas por Hectare,-,Quilogramas por Hectare
MU,4315909,Rodeio Bonito (RS),..,Quilogramas por Hectare,-,Quilogramas por Hectare
MU,4315958,Rolador (RS),..,Quilogramas por Hectare,-,Quilogramas por Hectare
MU,4316006,Rolante (RS),..,Quilogramas por Hectare,-,Quilogramas por Hectare
MU,4316105,Ronda Alta (RS),..,Quilogramas por Hectare,-,Quilogramas por Hectare
MU,4316204,Rondinha (RS),..,Quilogramas por Hectare,-,Quilogramas por Hectare
MU,4316303,Roque Gonzales (RS),..,Quilogramas por Hectare,-,Quilogramas por Hectare
MU,4316402,Rosário do Sul (RS),..,Quilogramas por Hectare,-,Quilogramas por Hectare
MU,4316428,Sagrada Família (RS),..,Quilogramas por Hectare,-,Quilogramas por Hectare
MU,4316436,Saldanha Marinho (RS),..,Quilogramas por Hectare,-,Quilogramas por Hectare
MU,4316451,Salto do Jacuí (RS),..,Quilogramas por Hectare,-,Quilogramas por Hectare
MU,4316477,Salvador das Missões (RS),..,Quilogramas por Hectare,-,Quilogramas por Hectare
MU,4316501,Salvador do Sul (RS),..,Quilogramas por Hectare,-,Quilogramas por Hectare
MU,4316600,Sananduva (RS),..,Quilogramas por Hectare,-,Quilogramas por Hectare
MU,4316709,Santa Bárbara do Sul (RS),..,Quilogramas por Hectare,-,Quilogramas por Hectare
MU,4316733,Santa Cecília do Sul (RS),..,Quilogramas por Hectare,-,Quilogramas por Hectare
MU,4316758,Santa Clara do Sul (RS),..,Quilogramas por Hectare,-,Quilogramas por Hectare
MU,4316808,Santa Cruz do Sul (RS),..,Quilogramas por Hectare,-,Quilogramas por Hectare
MU,4316907,Santa Maria (RS),..,Quilogramas por Hectare,-,Quilogramas por Hectare
MU,4316956,Santa Maria do Herval (RS),..,Quilogramas por Hectare,-,Quilogramas por Hectare
MU,4316972,Santa Margarida do Sul (RS),..,Quilogramas por Hectare,-,Quilogramas por Hectare
MU,4317004,Santana da Boa Vista (RS),..,Quilogramas por Hectare,-,Quilogramas por Hectare
MU,4317103,Sant'Ana do Livramento (RS),..,Quilogramas por Hectare,-,Quilogramas por Hectare
MU,4317202,Santa Rosa (RS),..,Quilogramas por Hectare,-,Quilogramas por Hectare
MU,4317251,Santa Tereza (RS),..,Quilogramas por Hectare,-,Quilogramas por Hectare
MU,4317301,Santa Vitória do Palmar (RS),..,Quilogramas por Hectare,...,Quilogramas por Hectare
MU,4317400,Santiago (RS),..,Quilogramas por Hectare,-,Quilogramas por Hectare
MU,4317509,Santo Ângelo (RS),..,Quilogramas por Hectare,-,Quilogramas por Hectare
MU,4317558,Santo Antônio do Palma (RS),..,Quilogramas por Hectare,-,Quilogramas por Hectare
MU,4317608,Santo Antônio da Patrulha (RS),..,Quilogramas por Hectare,-,Quilogramas por Hectare
MU,4317707,Santo Antônio das Missões (RS),..,Quilogramas por Hectare,-,Quilogramas por Hectare
MU,4317756,Santo Antônio do Planalto (RS),..,Quilogramas por Hectare,-,Quilogramas por Hectare
MU,4317806,Santo Augusto (RS),..,Quilogramas por Hectare,-,Quilogramas por Hectare
MU,4317905,Santo Cristo (RS),..,Quilogramas por Hectare,-,Quilogramas por Hectare
MU,4317954,Santo Expedito do Sul (RS),..,Quilogramas por Hectare,-,Quilogramas por Hectare
MU,4318002,São Borja (RS),..,Quilogramas por Hectare,-,Quilogramas por Hectare
MU,4318051,São Domingos do Sul (RS),..,Quilogramas por Hectare,-,Quilogramas por Hectare
MU,4318101,São Francisco de Assis (RS),..,Quilogramas por Hectare,-,Quilogramas por Hectare
MU,4318200,São Francisco de Paula (RS),..,Quilogramas por Hectare,-,Quilogramas por Hectare
MU,4318309,São Gabriel (RS),..,Quilogramas por Hectare,-,Quilogramas por Hectare
MU,4318408,São Jerônimo (RS),..,Quilogramas por Hectare,-,Quilogramas por Hectare
MU,4318424,São João da Urtiga (RS),..,Quilogramas por Hectare,-,Quilogramas por Hectare
MU,4318432,São João do Polêsine (RS),..,Quilogramas por Hectare,-,Quilogramas por Hectare
MU,4318440,São Jorge (RS),..,Quilogramas por Hectare,-,Quilogramas por Hectare
MU,4318457,São José das Missões (RS),..,Quilogramas por Hectare,-,Quilogramas por Hectare
MU,4318465,São José do Herval (RS),..,Quilogramas por Hectare,-,Quilogramas por Hectare
MU,4318481,São José do Hortêncio (RS),..,Quilogramas por Hectare,-,Quilogramas por Hectare
MU,4318499,São José do Inhacorá (RS),..,Quilogramas por Hectare,-,Quilogramas por Hectare
MU,4318507,São José do Norte (RS),..,Quilogramas por Hectare,...,Quilogramas por Hectare
MU,4318606,São José do Ouro (RS),..,Quilogramas por Hectare,-,Quilogramas por Hectare
MU,4318614,São José do Sul (RS),..,Quilogramas por Hectare,-,Quilogramas por Hectare
MU,4318622,São José dos Ausentes (RS),..,Quilogramas por Hectare,-,Quilogramas por Hectare
MU,4318705,São Leopoldo (RS),..,Quilogramas por Hectare,-,Quilogramas por Hectare
MU,4318804,São Lourenço do Sul (RS),..,Quilogramas por Hectare,-,Quilogramas por Hectare
MU,4318903,São Luiz Gonzaga (RS),..,Quilogramas por Hectare,-,Quilogramas por Hectare
MU,4319000,São Marcos (RS),..,Quilogramas por Hectare,-,Quilogramas por Hectare
MU,4319109,São Martinho (RS),..,Quilogramas por Hectare,-,Quilogramas por Hectare
MU,4319125,São Martinho da Serra (RS),..,Quilogramas por Hectare,-,Quilogramas por Hectare
MU,4319158,São Miguel das Missões (RS),..,Quilogramas por Hectare,-,Quilogramas por Hectare
MU,4319208,São Nicolau (RS),..,Quilogramas por Hectare,-,Quilogramas por Hectare
MU,4319307,São Paulo das Missões (RS),..,Quilogramas por Hectare,-,Quilogramas por Hectare
MU,4319356,São Pedro da Serra (RS),..,Quilogramas por Hectare,-,Quilogramas por Hectare
MU,4319364,São Pedro das Missões (RS),..,Quilogramas por Hectare,-,Quilogramas por Hectare
MU,4319372,São Pedro do Butiá (RS),..,Quilogramas por Hectare,-,Quilogramas por Hectare
MU,4319406,São Pedro do Sul (RS),..,Quilogramas por Hectare,-,Quilogramas por Hectare
MU,4319505,São Sebastião do Caí (RS),..,Quilogramas por Hectare,-,Quilogramas por Hectare
MU,4319604,São Sepé (RS),..,Quilogramas por Hectare,-,Quilogramas por Hectare
MU,4319703,São Valentim (RS),..,Quilogramas por Hectare,-,Quilogramas por Hectare
MU,4319711,São Valentim do Sul (RS),..,Quilogramas por Hectare,-,Quilogramas por Hectare
MU,4319737,São Valério do Sul (RS),..,Quilogramas por Hectare,-,Quilogramas por Hectare
MU,4319752,São Vendelino (RS),..,Quilogramas por Hectare,-,Quilogramas por Hectare
MU,4319802,São Vicente do Sul (RS),..,Quilogramas por Hectare,-,Quilogramas por Hectare
MU,4319901,Sapiranga (RS),..,Quilogramas por Hectare,-,Quilogramas por Hectare
MU,4320008,Sapucaia do Sul (RS),..,Quilogramas por Hectare,...,Quilogramas por Hectare
MU,4320107,Sarandi (RS),..,Quilogramas por Hectare,-,Quilogramas por Hectare
MU,4320206,Seberi (RS),..,Quilogramas por Hectare,-,Quilogramas por Hectare
MU,4320230,Sede Nova (RS),..,Quilogramas por Hectare,-,Quilogramas por Hectare
MU,4320263,Segredo (RS),..,Quilogramas por Hectare,-,Quilogramas por Hectare
MU,4320305,Selbach (RS),..,Quilogramas por Hectare,-,Quilogramas por Hectare
MU,4320321,Senador Salgado Filho (RS),..,Quilogramas por Hectare,-,Quilogramas por Hectare
MU,4320354,Sentinela do Sul (RS),..,Quilogramas por Hectare,-,Quilogramas por Hectare
MU,4320404,Serafina Corrêa (RS),..,Quilogramas por Hectare,-,Quilogramas por Hectare
MU,4320453,Sério (RS),..,Quilogramas por Hectare,-,Quilogramas por Hectare
MU,4320503,Sertão (RS),..,Quilogramas por Hectare,-,Quilogramas por Hectare
MU,4320552,Sertão Santana (RS),..,Quilogramas por Hectare,-,Quilogramas por Hectare
MU,4320578,Sete de Setembro (RS),..,Quilogramas por Hectare,-,Quilogramas por Hectare
MU,4320602,Severiano de Almeida (RS),..,Quilogramas por Hectare,-,Quilogramas por Hectare
MU,4320651,Silveira Martins (RS),..,Quilogramas por Hectare,-,Quilogramas por Hectare
MU,4320677,Sinimbu (RS),..,Quilogramas por Hectare,-,Quilogramas por Hectare
MU,4320701,Sobradinho (RS),..,Quilogramas por Hectare,-,Quilogramas por Hectare
MU,4320800,Soledade (RS),..,Quilogramas por Hectare,-,Quilogramas por Hectare
MU,4320859,Tabaí (RS),..,Quilogramas por Hectare,-,Quilogramas por Hectare
MU,4320909,Tapejara (RS),..,Quilogramas por Hectare,-,Quilogramas por Hectare
MU,4321006,Tapera (RS),..,Quilogramas por Hectare,-,Quilogramas por Hectare
MU,4321105,Tapes (RS),..,Quilogramas por Hectare,-,Quilogramas por Hectare
MU,4321204,Taquara (RS),..,Quilogramas por Hectare,-,Quilogramas por Hectare
MU,4321303,Taquari (RS),..,Quilogramas por Hectare,-,Quilogramas por Hectare
MU,4321329,Taquaruçu do Sul (RS),..,Quilogramas por Hectare,-,Quilogramas por Hectare
MU,4321352,Tavares (RS),..,Quilogramas por Hectare,...,Quilogramas por Hectare
MU,4321402,Tenente Portela (RS),..,Quilogramas por Hectare,-,Quilogramas por Hectare
MU,4321436,Terra de Areia (RS),..,Quilogramas por Hectare,-,Quilogramas por Hectare
MU,4321451,Teutônia (RS),..,Quilogramas por Hectare,-,Quilogramas por Hectare
MU,4321469,Tio Hugo (RS),..,Quilogramas por Hectare,-,Quilogramas por Hectare
MU,4321477,Tiradentes do Sul (RS),..,Quilogramas por Hectare,-,Quilogramas por Hectare
MU,4321493,Toropi (RS),..,Quilogramas por Hectare,-,Quilogramas por Hectare
MU,4321501,Torres (RS),..,Quilogramas por Hectare,-,Quilogramas por Hectare
MU,4321600,Tramandaí (RS),..,Quilogramas por Hectare,...,Quilogramas por Hectare
MU,4321626,Travesseiro (RS),..,Quilogramas por Hectare,-,Quilogramas por Hectare
MU,4321634,Três Arroios (RS),..,Quilogramas por Hectare,-,Quilogramas por Hectare
MU,4321667,Três Cachoeiras (RS),..,Quilogramas por Hectare,-,Quilogramas por Hectare
MU,4321709,Três Coroas (RS),..,Quilogramas por Hectare,-,Quilogramas por Hectare
MU,4321808,Três de Maio (RS),..,Quilogramas por Hectare,-,Quilogramas por Hectare
MU,4321832,Três Forquilhas (RS),..,Quilogramas por Hectare,-,Quilogramas por Hectare
MU,4321857,Três Palmeiras (RS),..,Quilogramas por Hectare,-,Quilogramas por Hectare
MU,4321907,Três Passos (RS),..,Quilogramas por Hectare,-,Quilogramas por Hectare
MU,4321956,Trindade do Sul (RS),..,Quilogramas por Hectare,-,Quilogramas por Hectare
MU,4322004,Triunfo (RS),..,Quilogramas por Hectare,-,Quilogramas por Hectare
MU,4322103,Tucunduva (RS),..,Quilogramas por Hectare,-,Quilogramas por Hectare
MU,4322152,Tunas (RS),..,Quilogramas por Hectare,-,Quilogramas por Hectare
MU,4322186,Tupanci do Sul (RS),..,Quilogramas por Hectare,-,Quilogramas por Hectare
MU,4322202,Tupanciretã (RS),..,Quilogramas por Hectare,-,Quilogramas por Hectare
MU,4322251,Tupandi (RS),..,Quilogramas por Hectare,-,Quilogramas por Hectare
MU,4322301,Tuparendi (RS),..,Quilogramas por Hectare,-,Quilogramas por Hectare
MU,4322327,Turuçu (RS),..,Quilogramas por Hectare,-,Quilogramas por Hectare
MU,4322343,Ubiretama (RS),..,Quilogramas por Hectare,-,Quilogramas por Hectare
MU,4322350,União da Serra (RS),..,Quilogramas por Hectare,-,Quilogramas por Hectare
MU,4322376,Unistalda (RS),..,Quilogramas por Hectare,-,Quilogramas por Hectare
MU,4322400,Uruguaiana (RS),..,Quilogramas por Hectare,-,Quilogramas por Hectare
MU,4322509,Vacaria (RS),..,Quilogramas por Hectare,-,Quilogramas por Hectare
MU,4322525,Vale Verde (RS),..,Quilogramas por Hectare,-,Quilogramas por Hectare
MU,4322533,Vale do Sol (RS),..,Quilogramas por Hectare,-,Quilogramas por Hectare
MU,4322541,Vale Real (RS),..,Quilogramas por Hectare,-,Quilogramas por Hectare
MU,4322558,Vanini (RS),..,Quilogramas por Hectare,-,Quilogramas por Hectare
MU,4322608,Venâncio Aires (RS),..,Quilogramas por Hectare,-,Quilogramas por Hectare
MU,4322707,Vera Cruz (RS),..,Quilogramas por Hectare,-,Quilogramas por Hectare
MU,4322806,Veranópolis (RS),..,Quilogramas por Hectare,-,Quilogramas por Hectare
MU,4322855,Vespasiano Corrêa (RS),..,Quilogramas por Hectare,-,Quilogramas por Hectare
MU,4322905,Viadutos (RS),..,Quilogramas por Hectare,-,Quilogramas por Hectare
MU,4323002,Viamão (RS),..,Quilogramas por Hectare,-,Quilogramas por Hectare
MU,4323101,Vicente Dutra (RS),..,Quilogramas por Hectare,-,Quilogramas por Hectare
MU,4323200,Victor Graeff (RS),..,Quilogramas por Hectare,-,Quilogramas por Hectare
MU,4323309,Vila Flores (RS),..,Quilogramas por Hectare,-,Quilogramas por Hectare
MU,4323358,Vila Lângaro (RS),..,Quilogramas por Hectare,-,Quilogramas por Hectare
MU,4323408,Vila Maria (RS),..,Quilogramas por Hectare,-,Quilogramas por Hectare
MU,4323457,Vila Nova do Sul (RS),..,Quilogramas por Hectare,-,Quilogramas por Hectare
MU,4323507,Vista Alegre (RS),..,Quilogramas por Hectare,-,Quilogramas por Hectare
MU,4323606,Vista Alegre do Prata (RS),..,Quilogramas por Hectare,-,Quilogramas por Hectare
MU,4323705,Vista Gaúcha (RS),..,Quilogramas por Hectare,-,Quilogramas por Hectare
MU,4323754,Vitória das Missões (RS),..,Quilogramas por Hectare,-,Quilogramas por Hectare
MU,4323770,Westfália (RS),..,Quilogramas por Hectare,-,Quilogramas por Hectare
MU,5000203,Água Clara (MS),..,Quilogramas por Hectare,-,Quilogramas por Hectare
MU,5000252,Alcinópolis (MS),..,Quilogramas por Hectare,-,Quilogramas por Hectare
MU,5000609,Amambai (MS),..,Quilogramas por Hectare,-,Quilogramas por Hectare
MU,5000708,Anastácio (MS),..,Quilogramas por Hectare,-,Quilogramas por Hectare
MU,5000807,Anaurilândia (MS),..,Quilogramas por Hectare,-,Quilogramas por Hectare
MU,5000856,Angélica (MS),..,Quilogramas por Hectare,-,Quilogramas por Hectare
MU,5000906,Antônio João (MS),..,Quilogramas por Hectare,-,Quilogramas por Hectare
MU,5001003,Aparecida do Taboado (MS),..,Quilogramas por Hectare,-,Quilogramas por Hectare
MU,5001102,Aquidauana (MS),..,Quilogramas por Hectare,-,Quilogramas por Hectare
MU,5001243,Aral Moreira (MS),..,Quilogramas por Hectare,-,Quilogramas por Hectare
MU,5001508,Bandeirantes (MS),..,Quilogramas por Hectare,-,Quilogramas por Hectare
MU,5001904,Bataguassu (MS),..,Quilogramas por Hectare,-,Quilogramas por Hectare
MU,5002001,Batayporã (MS),..,Quilogramas por Hectare,-,Quilogramas por Hectare
MU,5002100,Bela Vista (MS),..,Quilogramas por Hectare,-,Quilogramas por Hectare
MU,5002159,Bodoquena (MS),..,Quilogramas por Hectare,-,Quilogramas por Hectare
MU,5002209,Bonito (MS),..,Quilogramas por Hectare,-,Quilogramas por Hectare
MU,5002308,Brasilândia (MS),..,Quilogramas por Hectare,-,Quilogramas por Hectare
MU,5002407,Caarapó (MS),..,Quilogramas por Hectare,-,Quilogramas por Hectare
MU,5002605,Camapuã (MS),..,Quilogramas por Hectare,-,Quilogramas por Hectare
MU,5002704,Campo Grande (MS),..,Quilogramas por Hectare,-,Quilogramas por Hectare
MU,5002803,Caracol (MS),..,Quilogramas por Hectare,-,Quilogramas por Hectare
MU,5002902,Cassilândia (MS),..,Quilogramas por Hectare,-,Quilogramas por Hectare
MU,5002951,Chapadão do Sul (MS),..,Quilogramas por Hectare,-,Quilogramas por Hectare
MU,5003108,Corguinho (MS),..,Quilogramas por Hectare,-,Quilogramas por Hectare
MU,5003157,Coronel Sapucaia (MS),..,Quilogramas por Hectare,-,Quilogramas por Hectare
MU,5003207,Corumbá (MS),..,Quilogramas por Hectare,-,Quilogramas por Hectare
MU,5003256,Costa Rica (MS),..,Quilogramas por Hectare,-,Quilogramas por Hectare
MU,5003306,Coxim (MS),..,Quilogramas por Hectare,-,Quilogramas por Hectare
MU,5003454,Deodápolis (MS),..,Quilogramas por Hectare,...,Quilogramas por Hectare
MU,5003488,Dois Irmãos do Buriti (MS),..,Quilogramas por Hectare,-,Quilogramas por Hectare
MU,5003504,Douradina (MS),..,Quilogramas por Hectare,...,Quilogramas por Hectare
MU,5003702,Dourados (MS),..,Quilogramas por Hectare,-,Quilogramas por Hectare
MU,5003751,Eldorado (MS),..,Quilogramas por Hectare,-,Quilogramas por Hectare
MU,5003801,Fátima do Sul (MS),..,Quilogramas por Hectare,-,Quilogramas por Hectare
MU,5003900,Figueirão (MS),..,Quilogramas por Hectare,-,Quilogramas por Hectare
MU,5004007,Glória de Dourados (MS),..,Quilogramas por Hectare,-,Quilogramas por Hectare
MU,5004106,Guia Lopes da Laguna (MS),..,Quilogramas por Hectare,-,Quilogramas por Hectare
MU,5004304,Iguatemi (MS),..,Quilogramas por Hectare,-,Quilogramas por Hectare
MU,5004403,Inocência (MS),..,Quilogramas por Hectare,-,Quilogramas por Hectare
MU,5004502,Itaporã (MS),..,Quilogramas por Hectare,-,Quilogramas por Hectare
MU,5004601,Itaquiraí (MS),..,Quilogramas por Hectare,-,Quilogramas por Hectare
MU,5004700,Ivinhema (MS),..,Quilogramas por Hectare,-,Quilogramas por Hectare
MU,5004809,Japorã (MS),..,Quilogramas por Hectare,-,Quilogramas por Hectare
MU,5004908,Jaraguari (MS),..,Quilogramas por Hectare,-,Quilogramas por Hectare
MU,5005004,Jardim (MS),..,Quilogramas por Hectare,-,Quilogramas por Hectare
MU,5005103,Jateí (MS),..,Quilogramas por Hectare,-,Quilogramas por Hectare
MU,5005152,Juti (MS),..,Quilogramas por Hectare,-,Quilogramas por Hectare
MU,5005202,Ladário (MS),..,Quilogramas por Hectare,-,Quilogramas por Hectare
MU,5005251,Laguna Carapã (MS),..,Quilogramas por Hectare,-,Quilogramas por Hectare
MU,5005400,Maracaju (MS),..,Quilogramas por Hectare,-,Quilogramas por Hectare
MU,5005608,Miranda (MS),..,Quilogramas por Hectare,-,Quilogramas por Hectare
MU,5005681,Mundo Novo (MS),..,Quilogramas por Hectare,-,Quilogramas por Hectare
MU,5005707,Naviraí (MS),..,Quilogramas por Hectare,-,Quilogramas por Hectare
MU,5005806,Nioaque (MS),..,Quilogramas por Hectare,-,Quilogramas por Hectare
MU,5006002,Nova Alvorada do Sul (MS),..,Quilogramas por Hectare,-,Quilogramas por Hectare
MU,5006200,Nova Andradina (MS),..,Quilogramas por Hectare,-,Quilogramas por Hectare
MU,5006259,Novo Horizonte do Sul (MS),..,Quilogramas por Hectare,-,Quilogramas por Hectare
MU,5006275,Paraíso das Águas (MS),..,Quilogramas por Hectare,-,Quilogramas por Hectare
MU,5006309,Paranaíba (MS),..,Quilogramas por Hectare,-,Quilogramas por Hectare
MU,5006358,Paranhos (MS),..,Quilogramas por Hectare,-,Quilogramas por Hectare
MU,5006408,Pedro Gomes (MS),..,Quilogramas por Hectare,-,Quilogramas por Hectare
MU,5006606,Ponta Porã (MS),..,Quilogramas por Hectare,-,Quilogramas por Hectare
MU,5006903,Porto Murtinho (MS),..,Quilogramas por Hectare,-,Quilogramas por Hectare
MU,5007109,Ribas do Rio Pardo (MS),..,Quilogramas por Hectare,-,Quilogramas por Hectare
MU,5007208,Rio Brilhante (MS),..,Quilogramas por Hectare,-,Quilogramas por Hectare
MU,5007307,Rio Negro (MS),..,Quilogramas por Hectare,-,Quilogramas por Hectare
MU,5007406,Rio Verde de Mato Grosso (MS),..,Quilogramas por Hectare,-,Quilogramas por Hectare
MU,5007505,Rochedo (MS),..,Quilogramas por Hectare,-,Quilogramas por Hectare
MU,5007554,Santa Rita do Pardo (MS),..,Quilogramas por Hectare,-,Quilogramas por Hectare
MU,5007695,São Gabriel do Oeste (MS),..,Quilogramas por Hectare,-,Quilogramas por Hectare
MU,5007703,Sete Quedas (MS),..,Quilogramas por Hectare,...,Quilogramas por Hectare
MU,5007802,Selvíria (MS),..,Quilogramas por Hectare,-,Quilogramas por Hectare
MU,5007901,Sidrolândia (MS),..,Quilogramas por Hectare,-,Quilogramas por Hectare
MU,5007935,Sonora (MS),..,Quilogramas por Hectare,-,Quilogramas por Hectare
MU,5007950,Tacuru (MS),..,Quilogramas por Hectare,-,Quilogramas por Hectare
MU,5007976,Taquarussu (MS),..,Quilogramas por Hectare,-,Quilogramas por Hectare
MU,5008008,Terenos (MS),..,Quilogramas por Hectare,-,Quilogramas por Hectare
MU,5008305,Três Lagoas (MS),..,Quilogramas por Hectare,-,Quilogramas por Hectare
MU,5008404,Vicentina (MS),..,Quilogramas por Hectare,-,Quilogramas por Hectare
MU,5100102,Acorizal (MT),..,Quilogramas por Hectare,-,Quilogramas por Hectare
MU,5100201,Água Boa (MT),..,Quilogramas por Hectare,-,Quilogramas por Hectare
MU,5100250,Alta Floresta (MT),..,Quilogramas por Hectare,-,Quilogramas por Hectare
MU,5100300,Alto Araguaia (MT),..,Quilogramas por Hectare,-,Quilogramas por Hectare
MU,5100359,Alto Boa Vista (MT),..,Quilogramas por Hectare,...,Quilogramas por Hectare
MU,5100409,Alto Garças (MT),..,Quilogramas por Hectare,...,Quilogramas por Hectare
MU,5100508,Alto Paraguai (MT),..,Quilogramas por Hectare,-,Quilogramas por Hectare
MU,5100607,Alto Taquari (MT),..,Quilogramas por Hectare,...,Quilogramas por Hectare
MU,5100805,Apiacás (MT),..,Quilogramas por Hectare,-,Quilogramas por Hectare
MU,5101001,Araguaiana (MT),..,Quilogramas por Hectare,-,Quilogramas por Hectare
MU,5101209,Araguainha (MT),..,Quilogramas por Hectare,-,Quilogramas por Hectare
MU,5101258,Araputanga (MT),..,Quilogramas por Hectare,-,Quilogramas por Hectare
MU,5101308,Arenápolis (MT),..,Quilogramas por Hectare,-,Quilogramas por Hectare
MU,5101407,Aripuanã (MT),..,Quilogramas por Hectare,-,Quilogramas por Hectare
MU,5101605,Barão de Melgaço (MT),..,Quilogramas por Hectare,-,Quilogramas por Hectare
MU,5101704,Barra do Bugres (MT),..,Quilogramas por Hectare,-,Quilogramas por Hectare
MU,5101803,Barra do Garças (MT),..,Quilogramas por Hectare,-,Quilogramas por Hectare
MU,5101852,Bom Jesus do Araguaia (MT),..,Quilogramas por Hectare,...,Quilogramas por Hectare
MU,5101902,Brasnorte (MT),..,Quilogramas por Hectare,-,Quilogramas por Hectare
MU,5102504,Cáceres (MT),..,Quilogramas por Hectare,-,Quilogramas por Hectare
MU,5102603,Campinápolis (MT),..,Quilogramas por Hectare,-,Quilogramas por Hectare
MU,5102637,Campo Novo do Parecis (MT),..,Quilogramas por Hectare,-,Quilogramas por Hectare
MU,5102678,Campo Verde (MT),..,Quilogramas por Hectare,-,Quilogramas por Hectare
MU,5102694,Canabrava do Norte (MT),..,Quilogramas por Hectare,...,Quilogramas por Hectare
MU,5102702,Canarana (MT),..,Quilogramas por Hectare,-,Quilogramas por Hectare
MU,5102793,Carlinda (MT),..,Quilogramas por Hectare,-,Quilogramas por Hectare
MU,5102850,Castanheira (MT),..,Quilogramas por Hectare,-,Quilogramas por Hectare
MU,5103007,Chapada dos Guimarães (MT),..,Quilogramas por Hectare,-,Quilogramas por Hectare
MU,5103056,Cláudia (MT),..,Quilogramas por Hectare,...,Quilogramas por Hectare
MU,5103106,Cocalinho (MT),..,Quilogramas por Hectare,-,Quilogramas por Hectare
MU,5103205,Colíder (MT),..,Quilogramas por Hectare,6000,Quilogramas por Hectare
MU,5103254,Colniza (MT),..,Quilogramas por Hectare,-,Quilogramas por Hectare
MU,5103304,Comodoro (MT),..,Quilogramas por Hectare,-,Quilogramas por Hectare
MU,5103353,Confresa (MT),..,Quilogramas por Hectare,...,Quilogramas por Hectare
MU,5103361,Conquista D'Oeste (MT),..,Quilogramas por Hectare,-,Quilogramas por Hectare
MU,5103379,Cotriguaçu (MT),..,Quilogramas por Hectare,-,Quilogramas por Hectare
MU,5103403,Cuiabá (MT),..,Quilogramas por Hectare,-,Quilogramas por Hectare
MU,5103437,Curvelândia (MT),..,Quilogramas por Hectare,-,Quilogramas por Hectare
MU,5103452,Denise (MT),..,Quilogramas por Hectare,-,Quilogramas por Hectare
MU,5103502,Diamantino (MT),..,Quilogramas por Hectare,-,Quilogramas por Hectare
MU,5103601,Dom Aquino (MT),..,Quilogramas por Hectare,-,Quilogramas por Hectare
MU,5103700,Feliz Natal (MT),..,Quilogramas por Hectare,...,Quilogramas por Hectare
MU,5103809,Figueirópolis D'Oeste (MT),..,Quilogramas por Hectare,-,Quilogramas por Hectare
MU,5103858,Gaúcha do Norte (MT),..,Quilogramas por Hectare,-,Quilogramas por Hectare
MU,5103908,General Carneiro (MT),..,Quilogramas por Hectare,...,Quilogramas por Hectare
MU,5103957,Glória D'Oeste (MT),..,Quilogramas por Hectare,-,Quilogramas por Hectare
MU,5104104,Guarantã do Norte (MT),..,Quilogramas por Hectare,-,Quilogramas por Hectare
MU,5104203,Guiratinga (MT),..,Quilogramas por Hectare,-,Quilogramas por Hectare
MU,5104500,Indiavaí (MT),..,Quilogramas por Hectare,-,Quilogramas por Hectare
MU,5104526,Ipiranga do Norte (MT),..,Quilogramas por Hectare,-,Quilogramas por Hectare
MU,5104542,Itanhangá (MT),..,Quilogramas por Hectare,-,Quilogramas por Hectare
MU,5104559,Itaúba (MT),..,Quilogramas por Hectare,-,Quilogramas por Hectare
MU,5104609,Itiquira (MT),..,Quilogramas por Hectare,-,Quilogramas por Hectare
MU,5104807,Jaciara (MT),..,Quilogramas por Hectare,-,Quilogramas por Hectare
MU,5104906,Jangada (MT),..,Quilogramas por Hectare,-,Quilogramas por Hectare
MU,5105002,Jauru (MT),..,Quilogramas por Hectare,-,Quilogramas por Hectare
MU,5105101,Juara (MT),..,Quilogramas por Hectare,-,Quilogramas por Hectare
MU,5105150,Juína (MT),..,Quilogramas por Hectare,-,Quilogramas por Hectare
MU,5105176,Juruena (MT),..,Quilogramas por Hectare,-,Quilogramas por Hectare
MU,5105200,Juscimeira (MT),..,Quilogramas por Hectare,-,Quilogramas por Hectare
MU,5105234,Lambari D'Oeste (MT),..,Quilogramas por Hectare,-,Quilogramas por Hectare
MU,5105259,Lucas do Rio Verde (MT),..,Quilogramas por Hectare,-,Quilogramas por Hectare
MU,5105309,Luciara (MT),..,Quilogramas por Hectare,...,Quilogramas por Hectare
MU,5105507,Vila Bela da Santíssima Trindade (MT),..,Quilogramas por Hectare,-,Quilogramas por Hectare
MU,5105580,Marcelândia (MT),..,Quilogramas por Hectare,-,Quilogramas por Hectare
MU,5105606,Matupá (MT),..,Quilogramas por Hectare,-,Quilogramas por Hectare
MU,5105622,Mirassol d'Oeste (MT),..,Quilogramas por Hectare,-,Quilogramas por Hectare
MU,5105903,Nobres (MT),..,Quilogramas por Hectare,-,Quilogramas por Hectare
MU,5106000,Nortelândia (MT),..,Quilogramas por Hectare,...,Quilogramas por Hectare
MU,5106109,Nossa Senhora do Livramento (MT),..,Quilogramas por Hectare,-,Quilogramas por Hectare
MU,5106158,Nova Bandeirantes (MT),..,Quilogramas por Hectare,-,Quilogramas por Hectare
MU,5106174,Nova Nazaré (MT),..,Quilogramas por Hectare,...,Quilogramas por Hectare
MU,5106182,Nova Lacerda (MT),..,Quilogramas por Hectare,-,Quilogramas por Hectare
MU,5106190,Nova Santa Helena (MT),..,Quilogramas por Hectare,-,Quilogramas por Hectare
MU,5106208,Nova Brasilândia (MT),..,Quilogramas por Hectare,-,Quilogramas por Hectare
MU,5106216,Nova Canaã do Norte (MT),..,Quilogramas por Hectare,-,Quilogramas por Hectare
MU,5106224,Nova Mutum (MT),..,Quilogramas por Hectare,-,Quilogramas por Hectare
MU,5106232,Nova Olímpia (MT),..,Quilogramas por Hectare,-,Quilogramas por Hectare
MU,5106240,Nova Ubiratã (MT),..,Quilogramas por Hectare,...,Quilogramas por Hectare
MU,5106257,Nova Xavantina (MT),..,Quilogramas por Hectare,-,Quilogramas por Hectare
MU,5106265,Novo Mundo (MT),..,Quilogramas por Hectare,-,Quilogramas por Hectare
MU,5106273,Novo Horizonte do Norte (MT),..,Quilogramas por Hectare,-,Quilogramas por Hectare
MU,5106281,Novo São Joaquim (MT),..,Quilogramas por Hectare,...,Quilogramas por Hectare
MU,5106299,Paranaíta (MT),..,Quilogramas por Hectare,-,Quilogramas por Hectare
MU,5106307,Paranatinga (MT),..,Quilogramas por Hectare,-,Quilogramas por Hectare
MU,5106315,Novo Santo Antônio (MT),..,Quilogramas por Hectare,...,Quilogramas por Hectare
MU,5106372,Pedra Preta (MT),..,Quilogramas por Hectare,-,Quilogramas por Hectare
MU,5106422,Peixoto de Azevedo (MT),..,Quilogramas por Hectare,-,Quilogramas por Hectare
MU,5106455,Planalto da Serra (MT),..,Quilogramas por Hectare,...,Quilogramas por Hectare
MU,5106505,Poconé (MT),..,Quilogramas por Hectare,-,Quilogramas por Hectare
MU,5106653,Pontal do Araguaia (MT),..,Quilogramas por Hectare,-,Quilogramas por Hectare
MU,5106703,Ponte Branca (MT),..,Quilogramas por Hectare,...,Quilogramas por Hectare
MU,5106752,Pontes e Lacerda (MT),..,Quilogramas por Hectare,-,Quilogramas por Hectare
MU,5106778,Porto Alegre do Norte (MT),..,Quilogramas por Hectare,...,Quilogramas por Hectare
MU,5106802,Porto dos Gaúchos (MT),..,Quilogramas por Hectare,-,Quilogramas por Hectare
MU,5106828,Porto Esperidião (MT),..,Quilogramas por Hectare,-,Quilogramas por Hectare
MU,5106851,Porto Estrela (MT),..,Quilogramas por Hectare,-,Quilogramas por Hectare
MU,5107008,Poxoréu (MT),..,Quilogramas por Hectare,-,Quilogramas por Hectare
MU,5107040,Primavera do Leste (MT),..,Quilogramas por Hectare,-,Quilogramas por Hectare
MU,5107065,Querência (MT),..,Quilogramas por Hectare,-,Quilogramas por Hectare
MU,5107107,São José dos Quatro Marcos (MT),..,Quilogramas por Hectare,-,Quilogramas por Hectare
MU,5107156,Reserva do Cabaçal (MT),..,Quilogramas por Hectare,-,Quilogramas por Hectare
MU,5107180,Ribeirão Cascalheira (MT),..,Quilogramas por Hectare,-,Quilogramas por Hectare
MU,5107198,Ribeirãozinho (MT),..,Quilogramas por Hectare,...,Quilogramas por Hectare
MU,5107206,Rio Branco (MT),..,Quilogramas por Hectare,-,Quilogramas por Hectare
MU,5107248,Santa Carmem (MT),..,Quilogramas por Hectare,...,Quilogramas por Hectare
MU,5107263,Santo Afonso (MT),..,Quilogramas por Hectare,-,Quilogramas por Hectare
MU,5107297,São José do Povo (MT),..,Quilogramas por Hectare,-,Quilogramas por Hectare
MU,5107305,São José do Rio Claro (MT),..,Quilogramas por Hectare,-,Quilogramas por Hectare
MU,5107354,São José do Xingu (MT),..,Quilogramas por Hectare,-,Quilogramas por Hectare
MU,5107404,São Pedro da Cipa (MT),..,Quilogramas por Hectare,-,Quilogramas por Hectare
MU,5107578,Rondolândia (MT),..,Quilogramas por Hectare,-,Quilogramas por Hectare
MU,5107602,Rondonópolis (MT),..,Quilogramas por Hectare,-,Quilogramas por Hectare
MU,5107701,Rosário Oeste (MT),..,Quilogramas por Hectare,-,Quilogramas por Hectare
MU,5107743,Santa Cruz do Xingu (MT),..,Quilogramas por Hectare,-,Quilogramas por Hectare
MU,5107750,Salto do Céu (MT),..,Quilogramas por Hectare,-,Quilogramas por Hectare
MU,5107768,Santa Rita do Trivelato (MT),..,Quilogramas por Hectare,...,Quilogramas por Hectare
MU,5107776,Santa Terezinha (MT),..,Quilogramas por Hectare,-,Quilogramas por Hectare
MU,5107792,Santo Antônio do Leste (MT),..,Quilogramas por Hectare,-,Quilogramas por Hectare
MU,5107800,Santo Antônio de Leverger (MT),..,Quilogramas por Hectare,-,Quilogramas por Hectare
MU,5107859,São Félix do Araguaia (MT),..,Quilogramas por Hectare,...,Quilogramas por Hectare
MU,5107875,Sapezal (MT),..,Quilogramas por Hectare,...,Quilogramas por Hectare
MU,5107883,Serra Nova Dourada (MT),..,Quilogramas por Hectare,...,Quilogramas por Hectare
MU,5107909,Sinop (MT),..,Quilogramas por Hectare,-,Quilogramas por Hectare
MU,5107925,Sorriso (MT),..,Quilogramas por Hectare,-,Quilogramas por Hectare
MU,5107941,Tabaporã (MT),..,Quilogramas por Hectare,-,Quilogramas por Hectare
MU,5107958,Tangará da Serra (MT),..,Quilogramas por Hectare,-,Quilogramas por Hectare
MU,5108006,Tapurah (MT),..,Quilogramas por Hectare,-,Quilogramas por Hectare
MU,5108055,Terra Nova do Norte (MT),..,Quilogramas por Hectare,-,Quilogramas por Hectare
MU,5108105,Tesouro (MT),..,Quilogramas por Hectare,-,Quilogramas por Hectare
MU,5108204,Torixoréu (MT),..,Quilogramas por Hectare,-,Quilogramas por Hectare
MU,5108303,União do Sul (MT),..,Quilogramas por Hectare,-,Quilogramas por Hectare
MU,5108352,Vale de São Domingos (MT),..,Quilogramas por Hectare,-,Quilogramas por Hectare
MU,5108402,Várzea Grande (MT),..,Quilogramas por Hectare,-,Quilogramas por Hectare
MU,5108501,Vera (MT),..,Quilogramas por Hectare,...,Quilogramas por Hectare
MU,5108600,Vila Rica (MT),..,Quilogramas por Hectare,-,Quilogramas por Hectare
MU,5108808,Nova Guarita (MT),..,Quilogramas por Hectare,-,Quilogramas por Hectare
MU,5108857,Nova Marilândia (MT),..,Quilogramas por Hectare,-,Quilogramas por Hectare
MU,5108907,Nova Maringá (MT),..,Quilogramas por Hectare,-,Quilogramas por Hectare
MU,5108956,Nova Monte Verde (MT),..,Quilogramas por Hectare,-,Quilogramas por Hectare
MU,5200050,Abadia de Goiás (GO),..,Quilogramas por Hectare,-,Quilogramas por Hectare
MU,5200100,Abadiânia (GO),..,Quilogramas por Hectare,-,Quilogramas por Hectare
MU,5200134,Acreúna (GO),..,Quilogramas por Hectare,...,Quilogramas por Hectare
MU,5200159,Adelândia (GO),..,Quilogramas por Hectare,-,Quilogramas por Hectare
MU,5200175,Água Fria de Goiás (GO),..,Quilogramas por Hectare,-,Quilogramas por Hectare
MU,5200209,Água Limpa (GO),..,Quilogramas por Hectare,...,Quilogramas por Hectare
MU,5200258,Águas Lindas de Goiás (GO),..,Quilogramas por Hectare,-,Quilogramas por Hectare
MU,5200308,Alexânia (GO),..,Quilogramas por Hectare,-,Quilogramas por Hectare
MU,5200506,Aloândia (GO),..,Quilogramas por Hectare,...,Quilogramas por Hectare
MU,5200555,Alto Horizonte (GO),..,Quilogramas por Hectare,-,Quilogramas por Hectare
MU,5200605,Alto Paraíso de Goiás (GO),..,Quilogramas por Hectare,...,Quilogramas por Hectare
MU,5200803,Alvorada do Norte (GO),..,Quilogramas por Hectare,-,Quilogramas por Hectare
MU,5200829,Amaralina (GO),..,Quilogramas por Hectare,-,Quilogramas por Hectare
MU,5200852,Americano do Brasil (GO),..,Quilogramas por Hectare,-,Quilogramas por Hectare
MU,5200902,Amorinópolis (GO),..,Quilogramas por Hectare,...,Quilogramas por Hectare
MU,5201108,Anápolis (GO),..,Quilogramas por Hectare,-,Quilogramas por Hectare
MU,5201207,Anhanguera (GO),..,Quilogramas por Hectare,...,Quilogramas por Hectare
MU,5201306,Anicuns (GO),..,Quilogramas por Hectare,-,Quilogramas por Hectare
MU,5201405,Aparecida de Goiânia (GO),..,Quilogramas por Hectare,-,Quilogramas por Hectare
MU,5201454,Aparecida do Rio Doce (GO),..,Quilogramas por Hectare,...,Quilogramas por Hectare
MU,5201504,Aporé (GO),..,Quilogramas por Hectare,-,Quilogramas por Hectare
MU,5201603,Araçu (GO),..,Quilogramas por Hectare,-,Quilogramas por Hectare
MU,5201702,Aragarças (GO),..,Quilogramas por Hectare,...,Quilogramas por Hectare
MU,5201801,Aragoiânia (GO),..,Quilogramas por Hectare,-,Quilogramas por Hectare
MU,5202155,Araguapaz (GO),..,Quilogramas por Hectare,-,Quilogramas por Hectare
MU,5202353,Arenópolis (GO),..,Quilogramas por Hectare,...,Quilogramas por Hectare
MU,5202502,Aruanã (GO),..,Quilogramas por Hectare,-,Quilogramas por Hectare
MU,5202601,Aurilândia (GO),..,Quilogramas por Hectare,-,Quilogramas por Hectare
MU,5202809,Avelinópolis (GO),..,Quilogramas por Hectare,-,Quilogramas por Hectare
MU,5203104,Baliza (GO),..,Quilogramas por Hectare,-,Quilogramas por Hectare
MU,5203203,Barro Alto (GO),..,Quilogramas por Hectare,-,Quilogramas por Hectare
MU,5203302,Bela Vista de Goiás (GO),..,Quilogramas por Hectare,-,Quilogramas por Hectare
MU,5203401,Bom Jardim de Goiás (GO),..,Quilogramas por Hectare,-,Quilogramas por Hectare
MU,5203500,Bom Jesus de Goiás (GO),..,Quilogramas por Hectare,-,Quilogramas por Hectare
MU,5203559,Bonfinópolis (GO),..,Quilogramas por Hectare,-,Quilogramas por Hectare
MU,5203575,Bonópolis (GO),..,Quilogramas por Hectare,...,Quilogramas por Hectare
MU,5203609,Brazabrantes (GO),..,Quilogramas por Hectare,-,Quilogramas por Hectare
MU,5203807,Britânia (GO),..,Quilogramas por Hectare,...,Quilogramas por Hectare
MU,5203906,Buriti Alegre (GO),..,Quilogramas por Hectare,-,Quilogramas por Hectare
MU,5203939,Buriti de Goiás (GO),..,Quilogramas por Hectare,-,Quilogramas por Hectare
MU,5203962,Buritinópolis (GO),..,Quilogramas por Hectare,...,Quilogramas por Hectare
MU,5204003,Cabeceiras (GO),..,Quilogramas por Hectare,-,Quilogramas por Hectare
MU,5204102,Cachoeira Alta (GO),..,Quilogramas por Hectare,-,Quilogramas por Hectare
MU,5204201,Cachoeira de Goiás (GO),..,Quilogramas por Hectare,...,Quilogramas por Hectare
MU,5204250,Cachoeira Dourada (GO),..,Quilogramas por Hectare,-,Quilogramas por Hectare
MU,5204300,Caçu (GO),..,Quilogramas por Hectare,-,Quilogramas por Hectare
MU,5204409,Caiapônia (GO),..,Quilogramas por Hectare,...,Quilogramas por Hectare
MU,5204508,Caldas Novas (GO),..,Quilogramas por Hectare,-,Quilogramas por Hectare
MU,5204557,Caldazinha (GO),..,Quilogramas por Hectare,-,Quilogramas por Hectare
MU,5204607,Campestre de Goiás (GO),..,Quilogramas por Hectare,-,Quilogramas por Hectare
MU,5204656,Campinaçu (GO),..,Quilogramas por Hectare,...,Quilogramas por Hectare
MU,5204706,Campinorte (GO),..,Quilogramas por Hectare,-,Quilogramas por Hectare
MU,5204805,Campo Alegre de Goiás (GO),..,Quilogramas por Hectare,-,Quilogramas por Hectare
MU,5204854,Campo Limpo de Goiás (GO),..,Quilogramas por Hectare,-,Quilogramas por Hectare
MU,5204904,Campos Belos (GO),..,Quilogramas por Hectare,...,Quilogramas por Hectare
MU,5204953,Campos Verdes (GO),..,Quilogramas por Hectare,-,Quilogramas por Hectare
MU,5205000,Carmo do Rio Verde (GO),..,Quilogramas por Hectare,-,Quilogramas por Hectare
MU,5205109,Catalão (GO),..,Quilogramas por Hectare,-,Quilogramas por Hectare
MU,5205208,Caturaí (GO),..,Quilogramas por Hectare,-,Quilogramas por Hectare
MU,5205307,Cavalcante (GO),..,Quilogramas por Hectare,-,Quilogramas por Hectare
MU,5205406,Ceres (GO),..,Quilogramas por Hectare,-,Quilogramas por Hectare
MU,5205455,Cezarina (GO),..,Quilogramas por Hectare,-,Quilogramas por Hectare
MU,5205471,Chapadão do Céu (GO),..,Quilogramas por Hectare,...,Quilogramas por Hectare
MU,5205497,Cidade Ocidental (GO),..,Quilogramas por Hectare,-,Quilogramas por Hectare
MU,5205513,Cocalzinho de Goiás (GO),..,Quilogramas por Hectare,-,Quilogramas por Hectare
MU,5205521,Colinas do Sul (GO),..,Quilogramas por Hectare,-,Quilogramas por Hectare
MU,5205703,Córrego do Ouro (GO),..,Quilogramas por Hectare,-,Quilogramas por Hectare
MU,5205802,Corumbá de Goiás (GO),..,Quilogramas por Hectare,-,Quilogramas por Hectare
MU,5205901,Corumbaíba (GO),..,Quilogramas por Hectare,...,Quilogramas por Hectare
MU,5206206,Cristalina (GO),..,Quilogramas por Hectare,-,Quilogramas por Hectare
MU,5206305,Cristianópolis (GO),..,Quilogramas por Hectare,-,Quilogramas por Hectare
MU,5206404,Crixás (GO),..,Quilogramas por Hectare,-,Quilogramas por Hectare
MU,5206503,Cromínia (GO),..,Quilogramas por Hectare,-,Quilogramas por Hectare
MU,5206602,Cumari (GO),..,Quilogramas por Hectare,-,Quilogramas por Hectare
MU,5206701,Damianópolis (GO),..,Quilogramas por Hectare,...,Quilogramas por Hectare
MU,5206800,Damolândia (GO),..,Quilogramas por Hectare,-,Quilogramas por Hectare
MU,5206909,Davinópolis (GO),..,Quilogramas por Hectare,...,Quilogramas por Hectare
MU,5207105,Diorama (GO),..,Quilogramas por Hectare,-,Quilogramas por Hectare
MU,5207253,Doverlândia (GO),..,Quilogramas por Hectare,...,Quilogramas por Hectare
MU,5207352,Edealina (GO),..,Quilogramas por Hectare,-,Quilogramas por Hectare
MU,5207402,Edéia (GO),..,Quilogramas por Hectare,-,Quilogramas por Hectare
MU,5207501,Estrela do Norte (GO),..,Quilogramas por Hectare,...,Quilogramas por Hectare
MU,5207535,Faina (GO),..,Quilogramas por Hectare,-,Quilogramas por Hectare
MU,5207600,Fazenda Nova (GO),..,Quilogramas por Hectare,-,Quilogramas por Hectare
MU,5207808,Firminópolis (GO),..,Quilogramas por Hectare,-,Quilogramas por Hectare
MU,5207907,Flores de Goiás (GO),..,Quilogramas por Hectare,-,Quilogramas por Hectare
MU,5208004,Formosa (GO),..,Quilogramas por Hectare,-,Quilogramas por Hectare
MU,5208103,Formoso (GO),..,Quilogramas por Hectare,...,Quilogramas por Hectare
MU,5208152,Gameleira de Goiás (GO),..,Quilogramas por Hectare,-,Quilogramas por Hectare
MU,5208301,Divinópolis de Goiás (GO),..,Quilogramas por Hectare,...,Quilogramas por Hectare
MU,5208400,Goianápolis (GO),..,Quilogramas por Hectare,-,Quilogramas por Hectare
MU,5208509,Goiandira (GO),..,Quilogramas por Hectare,...,Quilogramas por Hectare
MU,5208608,Goianésia (GO),..,Quilogramas por Hectare,-,Quilogramas por Hectare
MU,5208707,Goiânia (GO),..,Quilogramas por Hectare,-,Quilogramas por Hectare
MU,5208806,Goianira (GO),..,Quilogramas por Hectare,-,Quilogramas por Hectare
MU,5208905,Goiás (GO),..,Quilogramas por Hectare,-,Quilogramas por Hectare
MU,5209101,Goiatuba (GO),..,Quilogramas por Hectare,-,Quilogramas por Hectare
MU,5209150,Gouvelândia (GO),..,Quilogramas por Hectare,...,Quilogramas por Hectare
MU,5209200,Guapó (GO),..,Quilogramas por Hectare,-,Quilogramas por Hectare
MU,5209291,Guaraíta (GO),..,Quilogramas por Hectare,...,Quilogramas por Hectare
MU,5209408,Guarani de Goiás (GO),..,Quilogramas por Hectare,-,Quilogramas por Hectare
MU,5209457,Guarinos (GO),..,Quilogramas por Hectare,...,Quilogramas por Hectare
MU,5209606,Heitoraí (GO),..,Quilogramas por Hectare,-,Quilogramas por Hectare
MU,5209705,Hidrolândia (GO),..,Quilogramas por Hectare,-,Quilogramas por Hectare
MU,5209804,Hidrolina (GO),..,Quilogramas por Hectare,-,Quilogramas por Hectare
MU,5209903,Iaciara (GO),..,Quilogramas por Hectare,...,Quilogramas por Hectare
MU,5209937,Inaciolândia (GO),..,Quilogramas por Hectare,-,Quilogramas por Hectare
MU,5209952,Indiara (GO),..,Quilogramas por Hectare,-,Quilogramas por Hectare
MU,5210000,Inhumas (GO),..,Quilogramas por Hectare,-,Quilogramas por Hectare
MU,5210109,Ipameri (GO),..,Quilogramas por Hectare,-,Quilogramas por Hectare
MU,5210158,Ipiranga de Goiás (GO),..,Quilogramas por Hectare,...,Quilogramas por Hectare
MU,5210208,Iporá (GO),..,Quilogramas por Hectare,-,Quilogramas por Hectare
MU,5210307,Israelândia (GO),..,Quilogramas por Hectare,...,Quilogramas por Hectare
MU,5210406,Itaberaí (GO),..,Quilogramas por Hectare,-,Quilogramas por Hectare
MU,5210562,Itaguari (GO),..,Quilogramas por Hectare,-,Quilogramas por Hectare
MU,5210604,Itaguaru (GO),..,Quilogramas por Hectare,-,Quilogramas por Hectare
MU,5210802,Itajá (GO),..,Quilogramas por Hectare,-,Quilogramas por Hectare
MU,5210901,Itapaci (GO),..,Quilogramas por Hectare,-,Quilogramas por Hectare
MU,5211008,Itapirapuã (GO),..,Quilogramas por Hectare,...,Quilogramas por Hectare
MU,5211206,Itapuranga (GO),..,Quilogramas por Hectare,-,Quilogramas por Hectare
MU,5211305,Itarumã (GO),..,Quilogramas por Hectare,-,Quilogramas por Hectare
MU,5211404,Itauçu (GO),..,Quilogramas por Hectare,-,Quilogramas por Hectare
MU,5211503,Itumbiara (GO),..,Quilogramas por Hectare,-,Quilogramas por Hectare
MU,5211602,Ivolândia (GO),..,Quilogramas por Hectare,...,Quilogramas por Hectare
MU,5211701,Jandaia (GO),..,Quilogramas por Hectare,-,Quilogramas por Hectare
MU,5211800,Jaraguá (GO),..,Quilogramas por Hectare,-,Quilogramas por Hectare
MU,5211909,Jataí (GO),..,Quilogramas por Hectare,-,Quilogramas por Hectare
MU,5212006,Jaupaci (GO),..,Quilogramas por Hectare,-,Quilogramas por Hectare
MU,5212055,Jesúpolis (GO),..,Quilogramas por Hectare,-,Quilogramas por Hectare
MU,5212105,Joviânia (GO),..,Quilogramas por Hectare,-,Quilogramas por Hectare
MU,5212204,Jussara (GO),..,Quilogramas por Hectare,...,Quilogramas por Hectare
MU,5212253,Lagoa Santa (GO),..,Quilogramas por Hectare,-,Quilogramas por Hectare
MU,5212303,Leopoldo de Bulhões (GO),..,Quilogramas por Hectare,-,Quilogramas por Hectare
MU,5212501,Luziânia (GO),..,Quilogramas por Hectare,...,Quilogramas por Hectare
MU,5212600,Mairipotaba (GO),..,Quilogramas por Hectare,-,Quilogramas por Hectare
MU,5212709,Mambaí (GO),..,Quilogramas por Hectare,-,Quilogramas por Hectare
MU,5212808,Mara Rosa (GO),..,Quilogramas por Hectare,-,Quilogramas por Hectare
MU,5212907,Marzagão (GO),..,Quilogramas por Hectare,-,Quilogramas por Hectare
MU,5212956,Matrinchã (GO),..,Quilogramas por Hectare,...,Quilogramas por Hectare
MU,5213004,Maurilândia (GO),..,Quilogramas por Hectare,...,Quilogramas por Hectare
MU,5213053,Mimoso de Goiás (GO),..,Quilogramas por Hectare,...,Quilogramas por Hectare
MU,5213087,Minaçu (GO),..,Quilogramas por Hectare,...,Quilogramas por Hectare
MU,5213103,Mineiros (GO),..,Quilogramas por Hectare,...,Quilogramas por Hectare
MU,5213400,Moiporá (GO),..,Quilogramas por Hectare,-,Quilogramas por Hectare
MU,5213509,Monte Alegre de Goiás (GO),..,Quilogramas por Hectare,...,Quilogramas por Hectare
MU,5213707,Montes Claros de Goiás (GO),..,Quilogramas por Hectare,-,Quilogramas por Hectare
MU,5213756,Montividiu (GO),..,Quilogramas por Hectare,...,Quilogramas por Hectare
MU,5213772,Montividiu do Norte (GO),..,Quilogramas por Hectare,...,Quilogramas por Hectare
MU,5213806,Morrinhos (GO),..,Quilogramas por Hectare,-,Quilogramas por Hectare
MU,5213855,Morro Agudo de Goiás (GO),..,Quilogramas por Hectare,-,Quilogramas por Hectare
MU,5213905,Mossâmedes (GO),..,Quilogramas por Hectare,-,Quilogramas por Hectare
MU,5214002,Mozarlândia (GO),..,Quilogramas por Hectare,-,Quilogramas por Hectare
MU,5214051,Mundo Novo (GO),..,Quilogramas por Hectare,-,Quilogramas por Hectare
MU,5214101,Mutunópolis (GO),..,Quilogramas por Hectare,...,Quilogramas por Hectare
MU,5214408,Nazário (GO),..,Quilogramas por Hectare,-,Quilogramas por Hectare
MU,5214507,Nerópolis (GO),..,Quilogramas por Hectare,-,Quilogramas por Hectare
MU,5214606,Niquelândia (GO),..,Quilogramas por Hectare,-,Quilogramas por Hectare
MU,5214705,Nova América (GO),..,Quilogramas por Hectare,...,Quilogramas por Hectare
MU,5214804,Nova Aurora (GO),..,Quilogramas por Hectare,...,Quilogramas por Hectare
MU,5214838,Nova Crixás (GO),..,Quilogramas por Hectare,...,Quilogramas por Hectare
MU,5214861,Nova Glória (GO),..,Quilogramas por Hectare,-,Quilogramas por Hectare
MU,5214879,Nova Iguaçu de Goiás (GO),..,Quilogramas por Hectare,-,Quilogramas por Hectare
MU,5214903,Nova Roma (GO),..,Quilogramas por Hectare,...,Quilogramas por Hectare
MU,5215009,Nova Veneza (GO),..,Quilogramas por Hectare,...,Quilogramas por Hectare
MU,5215207,Novo Brasil (GO),..,Quilogramas por Hectare,...,Quilogramas por Hectare
MU,5215231,Novo Gama (GO),..,Quilogramas por Hectare,...,Quilogramas por Hectare
MU,5215256,Novo Planalto (GO),..,Quilogramas por Hectare,...,Quilogramas por Hectare
MU,5215306,Orizona (GO),..,Quilogramas por Hectare,-,Quilogramas por Hectare
MU,5215405,Ouro Verde de Goiás (GO),..,Quilogramas por Hectare,-,Quilogramas por Hectare
MU,5215504,Ouvidor (GO),..,Quilogramas por Hectare,-,Quilogramas por Hectare
MU,5215603,Padre Bernardo (GO),..,Quilogramas por Hectare,-,Quilogramas por Hectare
MU,5215652,Palestina de Goiás (GO),..,Quilogramas por Hectare,-,Quilogramas por Hectare
MU,5215702,Palmeiras de Goiás (GO),..,Quilogramas por Hectare,-,Quilogramas por Hectare
MU,5215801,Palmelo (GO),..,Quilogramas por Hectare,-,Quilogramas por Hectare
MU,5215900,Palminópolis (GO),..,Quilogramas por Hectare,-,Quilogramas por Hectare
MU,5216007,Panamá (GO),..,Quilogramas por Hectare,-,Quilogramas por Hectare
MU,5216304,Paranaiguara (GO),..,Quilogramas por Hectare,-,Quilogramas por Hectare
MU,5216403,Paraúna (GO),..,Quilogramas por Hectare,-,Quilogramas por Hectare
MU,5216452,Perolândia (GO),..,Quilogramas por Hectare,...,Quilogramas por Hectare
MU,5216809,Petrolina de Goiás (GO),..,Quilogramas por Hectare,-,Quilogramas por Hectare
MU,5216908,Pilar de Goiás (GO),..,Quilogramas por Hectare,...,Quilogramas por Hectare
MU,5217104,Piracanjuba (GO),..,Quilogramas por Hectare,-,Quilogramas por Hectare
MU,5217203,Piranhas (GO),..,Quilogramas por Hectare,-,Quilogramas por Hectare
MU,5217302,Pirenópolis (GO),..,Quilogramas por Hectare,-,Quilogramas por Hectare
MU,5217401,Pires do Rio (GO),..,Quilogramas por Hectare,-,Quilogramas por Hectare
MU,5217609,Planaltina (GO),..,Quilogramas por Hectare,-,Quilogramas por Hectare
MU,5217708,Pontalina (GO),..,Quilogramas por Hectare,-,Quilogramas por Hectare
MU,5218003,Porangatu (GO),..,Quilogramas por Hectare,...,Quilogramas por Hectare
MU,5218102,Portelândia (GO),..,Quilogramas por Hectare,...,Quilogramas por Hectare
MU,5218300,Posse (GO),..,Quilogramas por Hectare,...,Quilogramas por Hectare
MU,5218391,Professor Jamil (GO),..,Quilogramas por Hectare,-,Quilogramas por Hectare
MU,5218508,Quirinópolis (GO),..,Quilogramas por Hectare,-,Quilogramas por Hectare
MU,5218607,Rialma (GO),..,Quilogramas por Hectare,-,Quilogramas por Hectare
MU,5218706,Rianápolis (GO),..,Quilogramas por Hectare,-,Quilogramas por Hectare
MU,5218789,Rio Quente (GO),..,Quilogramas por Hectare,-,Quilogramas por Hectare
MU,5218805,Rio Verde (GO),..,Quilogramas por Hectare,-,Quilogramas por Hectare
MU,5218904,Rubiataba (GO),..,Quilogramas por Hectare,...,Quilogramas por Hectare
MU,5219001,Sanclerlândia (GO),..,Quilogramas por Hectare,-,Quilogramas por Hectare
MU,5219100,Santa Bárbara de Goiás (GO),..,Quilogramas por Hectare,...,Quilogramas por Hectare
MU,5219209,Santa Cruz de Goiás (GO),..,Quilogramas por Hectare,...,Quilogramas por Hectare
MU,5219258,Santa Fé de Goiás (GO),..,Quilogramas por Hectare,-,Quilogramas por Hectare
MU,5219308,Santa Helena de Goiás (GO),..,Quilogramas por Hectare,-,Quilogramas por Hectare
MU,5219357,Santa Isabel (GO),..,Quilogramas por Hectare,-,Quilogramas por Hectare
MU,5219407,Santa Rita do Araguaia (GO),..,Quilogramas por Hectare,-,Quilogramas por Hectare
MU,5219456,Santa Rita do Novo Destino (GO),..,Quilogramas por Hectare,-,Quilogramas por Hectare
MU,5219506,Santa Rosa de Goiás (GO),..,Quilogramas por Hectare,-,Quilogramas por Hectare
MU,5219605,Santa Tereza de Goiás (GO),..,Quilogramas por Hectare,...,Quilogramas por Hectare
MU,5219704,Santa Terezinha de Goiás (GO),..,Quilogramas por Hectare,-,Quilogramas por Hectare
MU,5219712,Santo Antônio da Barra (GO),..,Quilogramas por Hectare,-,Quilogramas por Hectare
MU,5219738,Santo Antônio de Goiás (GO),..,Quilogramas por Hectare,-,Quilogramas por Hectare
MU,5219753,Santo Antônio do Descoberto (GO),..,Quilogramas por Hectare,-,Quilogramas por Hectare
MU,5219803,São Domingos (GO),..,Quilogramas por Hectare,...,Quilogramas por Hectare
MU,5219902,São Francisco de Goiás (GO),..,Quilogramas por Hectare,-,Quilogramas por Hectare
MU,5220009,São João d'Aliança (GO),..,Quilogramas por Hectare,-,Quilogramas por Hectare
MU,5220058,São João da Paraúna (GO),..,Quilogramas por Hectare,-,Quilogramas por Hectare
MU,5220108,São Luís de Montes Belos (GO),..,Quilogramas por Hectare,-,Quilogramas por Hectare
MU,5220157,São Luiz do Norte (GO),..,Quilogramas por Hectare,-,Quilogramas por Hectare
MU,5220207,São Miguel do Araguaia (GO),..,Quilogramas por Hectare,...,Quilogramas por Hectare
MU,5220264,São Miguel do Passa Quatro (GO),..,Quilogramas por Hectare,...,Quilogramas por Hectare
MU,5220280,São Patrício (GO),..,Quilogramas por Hectare,-,Quilogramas por Hectare
MU,5220405,São Simão (GO),..,Quilogramas por Hectare,...,Quilogramas por Hectare
MU,5220454,Senador Canedo (GO),..,Quilogramas por Hectare,-,Quilogramas por Hectare
MU,5220504,Serranópolis (GO),..,Quilogramas por Hectare,-,Quilogramas por Hectare
MU,5220603,Silvânia (GO),..,Quilogramas por Hectare,-,Quilogramas por Hectare
MU,5220686,Simolândia (GO),..,Quilogramas por Hectare,...,Quilogramas por Hectare
MU,5220702,Sítio d'Abadia (GO),..,Quilogramas por Hectare,-,Quilogramas por Hectare
MU,5221007,Taquaral de Goiás (GO),..,Quilogramas por Hectare,-,Quilogramas por Hectare
MU,5221080,Teresina de Goiás (GO),..,Quilogramas por Hectare,-,Quilogramas por Hectare
MU,5221197,Terezópolis de Goiás (GO),..,Quilogramas por Hectare,-,Quilogramas por Hectare
MU,5221304,Três Ranchos (GO),..,Quilogramas por Hectare,...,Quilogramas por Hectare
MU,5221403,Trindade (GO),..,Quilogramas por Hectare,-,Quilogramas por Hectare
MU,5221452,Trombas (GO),..,Quilogramas por Hectare,...,Quilogramas por Hectare
MU,5221502,Turvânia (GO),..,Quilogramas por Hectare,-,Quilogramas por Hectare
MU,5221577,Uirapuru (GO),..,Quilogramas por Hectare,-,Quilogramas por Hectare
MU,5221601,Uruaçu (GO),..,Quilogramas por Hectare,-,Quilogramas por Hectare
MU,5221700,Uruana (GO),..,Quilogramas por Hectare,-,Quilogramas por Hectare
MU,5221809,Urutaí (GO),..,Quilogramas por Hectare,-,Quilogramas por Hectare
MU,5221858,Valparaíso de Goiás (GO),..,Quilogramas por Hectare,...,Quilogramas por Hectare
MU,5221908,Varjão (GO),..,Quilogramas por Hectare,...,Quilogramas por Hectare
MU,5222005,Vianópolis (GO),..,Quilogramas por Hectare,-,Quilogramas por Hectare
MU,5222054,Vicentinópolis (GO),..,Quilogramas por Hectare,-,Quilogramas por Hectare
MU,5222203,Vila Boa (GO),..,Quilogramas por Hectare,...,Quilogramas por Hectare
MU,5222302,Vila Propício (GO),..,Quilogramas por Hectare,-,Quilogramas por Hectare
MU,5300108,Brasília (DF),..,Quilogramas por Hectare,-,Quilogramas por Hectare
Fonte: IBGE - Produção Agrícola Municipal,,,,,,
,,,,,,
Notas,,,,,,
1 - Os municípios sem informação para pelo menos um produto da lavoura permanente não aparecem nas listas.,,,,,,
"2 - A partir do ano de 2001 as quantidades produzidas dos produtos abacate, banana, caqui, figo, goiaba, laranja, limão, maçã, mamão, manga, maracujá, marmelo, pera, pêssego e tangerina passam a ser expressas em toneladas. Nos anos anteriores eram expressas em mil frutos, com exceção da banana, que era expressa em mil cachos. O rendimento médio passa a ser expresso em Kg/ha. Nos anos anteriores era expresso em frutos/ha, com exceção da banana, que era expressa em cachos/ha.",,,,,,
3 - Veja em o documento AlteracoesUnidadesMedidaFrutas.pdf com as alterações de unidades de medida das frutíferas ocorridas em 2001 e a tabela de conversão fruto x quilograma.,,,,,,
"4 - Até 2001, café (em coco), a partir de 2002, café (beneficiado ou em grão).",,,,,,
5 - A quantidade produzida de coco-da-baía é expressa em mil frutos e o rendimento médio em frutos/ha.,,,,,,
"6 - Valores para a categoria Total indisponíveis para a variável Quantidade produzida e Rendimento médio, pois as unidades de medida diferem para determinados produtos.",,,,,,
"7 - Subentende a possibilidade de cultivos sucessivos ou simultâneos (simples, associados e/ou intercalados) no mesmo ano e no mesmo local, podendo, por isto, a área informada da cultura exceder a área geográfica do município.",,,,,,
8 - A diferença entre a área destinada à colheita e a área colhida na lavoura permanente é considerada como área perdida.,,,,,,
9 - A variável Área destinada à colheita só passou a ser informada a partir de 1988.,,,,,,
"10 - Valor da produção: Variável derivada calculada pela média ponderada das informações de quantidade e preço médio corrente pago ao produtor, de acordo com os períodos de colheita e comercialização de cada produto. As despesas de frete, taxas e impostos não são incluídas no preço.",,,,,,
11 - Os dados do último ano divulgado são RESULTADOS PRELIMINARES e podem sofrer alterações até a próxima divulgação.,,,,,,
,,,,,,
Legenda,,,,,,
Símbolo,Significado,,,,,
-,"Zero absoluto, não resultante de um cálculo ou arredondamento.
Ex: Em determinado município não existem pessoas de 14 anos de idade sem instrução.",,,,,
0,"Zero resultante de um cálculo ou arredondamento.
Ex: A inflação do feijão em determinada Região Metropolitana foi 0.
Determinado município produziu 400 kg de sementes de girassol e os dados da tabela são expressos em toneladas.",,,,,
X,"Valor inibido para não identificar o informante.
Ex: Determinado município só possui uma empresa produtora de cimento, logo o valor de sua produção deve ser inibido.",,,,,
..,"Valor não se aplica.
Ex: Não se pode obter o total da produção agrícola em determinado município quando os produtos agrícolas são contabilizados com unidades de medida distintas.",,,,,
...,"Valor não disponível.
Ex: A produção de feijão em determinado município não foi pesquisada ou determinado município não existia no ano da pesquisa.",,,,,
"A a Z
(exceto X)","Significa uma faixa de valores. Varia em função da tabela (se for o caso).
Ex: O nível de precisão da produção estimada de combustíveis está na faixa A (95 a 100%)",,,,,